[
 {
  "op": "add",
  "path": "/ResourceTypes/AWS::DMS::Certificate",
  "value": {
   "Documentation": "http://docs.aws.amazon.com/AWSCloudFormation/latest/UserGuide/aws-resource-dms-certificate.html",
   "Properties": {
    "CertificateIdentifier": {
     "Documentation": "http://docs.aws.amazon.com/AWSCloudFormation/latest/UserGuide/aws-resource-dms-certificate.html#cfn-dms-certificate-certificateidentifier",
     "PrimitiveType": "String",
     "Required": false,
     "UpdateType": "Immutable"
    },
    "CertificatePem": {
     "Documentation": "http://docs.aws.amazon.com/AWSCloudFormation/latest/UserGuide/aws-resource-dms-certificate.html#cfn-dms-certificate-certificatepem",
     "PrimitiveType": "String",
     "Required": false,
     "UpdateType": "Immutable"
    },
    "CertificateWallet": {
     "Documentation": "http://docs.aws.amazon.com/AWSCloudFormation/latest/UserGuide/aws-resource-dms-certificate.html#cfn-dms-certificate-certificatewallet",
     "PrimitiveType": "String",
     "Required": false,
     "UpdateType": "Immutable"
    }
   }
  }
 },
 {
  "op": "add",
  "path": "/ResourceTypes/AWS::DMS::Endpoint",
  "value": {
   "Attributes": {
    "ExternalId": {
     "PrimitiveType": "String"
    }
   },
   "Documentation": "http://docs.aws.amazon.com/AWSCloudFormation/latest/UserGuide/aws-resource-dms-endpoint.html",
   "Properties": {
    "CertificateArn": {
     "Documentation": "http://docs.aws.amazon.com/AWSCloudFormation/latest/UserGuide/aws-resource-dms-endpoint.html#cfn-dms-endpoint-certificatearn",
     "PrimitiveType": "String",
     "Required": false,
     "UpdateType": "Mutable"
    },
    "DatabaseName": {
     "Documentation": "http://docs.aws.amazon.com/AWSCloudFormation/latest/UserGuide/aws-resource-dms-endpoint.html#cfn-dms-endpoint-databasename",
     "PrimitiveType": "String",
     "Required": false,
     "UpdateType": "Mutable"
    },
    "DocDbSettings": {
     "Documentation": "http://docs.aws.amazon.com/AWSCloudFormation/latest/UserGuide/aws-resource-dms-endpoint.html#cfn-dms-endpoint-docdbsettings",
     "Required": false,
     "Type": "DocDbSettings",
     "UpdateType": "Mutable"
    },
    "DynamoDbSettings": {
     "Documentation": "http://docs.aws.amazon.com/AWSCloudFormation/latest/UserGuide/aws-resource-dms-endpoint.html#cfn-dms-endpoint-dynamodbsettings",
     "Required": false,
     "Type": "DynamoDbSettings",
     "UpdateType": "Mutable"
    },
    "ElasticsearchSettings": {
     "Documentation": "http://docs.aws.amazon.com/AWSCloudFormation/latest/UserGuide/aws-resource-dms-endpoint.html#cfn-dms-endpoint-elasticsearchsettings",
     "Required": false,
     "Type": "ElasticsearchSettings",
     "UpdateType": "Mutable"
    },
    "EndpointIdentifier": {
     "Documentation": "http://docs.aws.amazon.com/AWSCloudFormation/latest/UserGuide/aws-resource-dms-endpoint.html#cfn-dms-endpoint-endpointidentifier",
     "PrimitiveType": "String",
     "Required": false,
     "UpdateType": "Mutable"
    },
    "EndpointType": {
     "Documentation": "http://docs.aws.amazon.com/AWSCloudFormation/latest/UserGuide/aws-resource-dms-endpoint.html#cfn-dms-endpoint-endpointtype",
     "PrimitiveType": "String",
     "Required": true,
     "UpdateType": "Mutable"
    },
    "EngineName": {
     "Documentation": "http://docs.aws.amazon.com/AWSCloudFormation/latest/UserGuide/aws-resource-dms-endpoint.html#cfn-dms-endpoint-enginename",
     "PrimitiveType": "String",
     "Required": true,
     "UpdateType": "Mutable"
    },
    "ExtraConnectionAttributes": {
     "Documentation": "http://docs.aws.amazon.com/AWSCloudFormation/latest/UserGuide/aws-resource-dms-endpoint.html#cfn-dms-endpoint-extraconnectionattributes",
     "PrimitiveType": "String",
     "Required": false,
     "UpdateType": "Mutable"
    },
    "GcpMySQLSettings": {
     "Documentation": "http://docs.aws.amazon.com/AWSCloudFormation/latest/UserGuide/aws-resource-dms-endpoint.html#cfn-dms-endpoint-gcpmysqlsettings",
     "Required": false,
     "Type": "GcpMySQLSettings",
     "UpdateType": "Mutable"
    },
    "IbmDb2Settings": {
     "Documentation": "http://docs.aws.amazon.com/AWSCloudFormation/latest/UserGuide/aws-resource-dms-endpoint.html#cfn-dms-endpoint-ibmdb2settings",
     "Required": false,
     "Type": "IbmDb2Settings",
     "UpdateType": "Mutable"
    },
    "KafkaSettings": {
     "Documentation": "http://docs.aws.amazon.com/AWSCloudFormation/latest/UserGuide/aws-resource-dms-endpoint.html#cfn-dms-endpoint-kafkasettings",
     "Required": false,
     "Type": "KafkaSettings",
     "UpdateType": "Mutable"
    },
    "KinesisSettings": {
     "Documentation": "http://docs.aws.amazon.com/AWSCloudFormation/latest/UserGuide/aws-resource-dms-endpoint.html#cfn-dms-endpoint-kinesissettings",
     "Required": false,
     "Type": "KinesisSettings",
     "UpdateType": "Mutable"
    },
    "KmsKeyId": {
     "Documentation": "http://docs.aws.amazon.com/AWSCloudFormation/latest/UserGuide/aws-resource-dms-endpoint.html#cfn-dms-endpoint-kmskeyid",
     "PrimitiveType": "String",
     "Required": false,
     "UpdateType": "Immutable"
    },
    "MicrosoftSqlServerSettings": {
     "Documentation": "http://docs.aws.amazon.com/AWSCloudFormation/latest/UserGuide/aws-resource-dms-endpoint.html#cfn-dms-endpoint-microsoftsqlserversettings",
     "Required": false,
     "Type": "MicrosoftSqlServerSettings",
     "UpdateType": "Mutable"
    },
    "MongoDbSettings": {
     "Documentation": "http://docs.aws.amazon.com/AWSCloudFormation/latest/UserGuide/aws-resource-dms-endpoint.html#cfn-dms-endpoint-mongodbsettings",
     "Required": false,
     "Type": "MongoDbSettings",
     "UpdateType": "Mutable"
    },
    "MySqlSettings": {
     "Documentation": "http://docs.aws.amazon.com/AWSCloudFormation/latest/UserGuide/aws-resource-dms-endpoint.html#cfn-dms-endpoint-mysqlsettings",
     "Required": false,
     "Type": "MySqlSettings",
     "UpdateType": "Mutable"
    },
    "NeptuneSettings": {
     "Documentation": "http://docs.aws.amazon.com/AWSCloudFormation/latest/UserGuide/aws-resource-dms-endpoint.html#cfn-dms-endpoint-neptunesettings",
     "Required": false,
     "Type": "NeptuneSettings",
     "UpdateType": "Mutable"
    },
    "OracleSettings": {
     "Documentation": "http://docs.aws.amazon.com/AWSCloudFormation/latest/UserGuide/aws-resource-dms-endpoint.html#cfn-dms-endpoint-oraclesettings",
     "Required": false,
     "Type": "OracleSettings",
     "UpdateType": "Mutable"
    },
    "Password": {
     "Documentation": "http://docs.aws.amazon.com/AWSCloudFormation/latest/UserGuide/aws-resource-dms-endpoint.html#cfn-dms-endpoint-password",
     "PrimitiveType": "String",
     "Required": false,
     "UpdateType": "Mutable"
    },
    "Port": {
     "Documentation": "http://docs.aws.amazon.com/AWSCloudFormation/latest/UserGuide/aws-resource-dms-endpoint.html#cfn-dms-endpoint-port",
     "PrimitiveType": "Integer",
     "Required": false,
     "UpdateType": "Mutable"
    },
    "PostgreSqlSettings": {
     "Documentation": "http://docs.aws.amazon.com/AWSCloudFormation/latest/UserGuide/aws-resource-dms-endpoint.html#cfn-dms-endpoint-postgresqlsettings",
     "Required": false,
     "Type": "PostgreSqlSettings",
     "UpdateType": "Mutable"
    },
    "RedisSettings": {
     "Documentation": "http://docs.aws.amazon.com/AWSCloudFormation/latest/UserGuide/aws-resource-dms-endpoint.html#cfn-dms-endpoint-redissettings",
     "Required": false,
     "Type": "RedisSettings",
     "UpdateType": "Mutable"
    },
    "RedshiftSettings": {
     "Documentation": "http://docs.aws.amazon.com/AWSCloudFormation/latest/UserGuide/aws-resource-dms-endpoint.html#cfn-dms-endpoint-redshiftsettings",
     "Required": false,
     "Type": "RedshiftSettings",
     "UpdateType": "Mutable"
    },
    "ResourceIdentifier": {
     "Documentation": "http://docs.aws.amazon.com/AWSCloudFormation/latest/UserGuide/aws-resource-dms-endpoint.html#cfn-dms-endpoint-resourceidentifier",
     "PrimitiveType": "String",
     "Required": false,
     "UpdateType": "Immutable"
    },
    "S3Settings": {
     "Documentation": "http://docs.aws.amazon.com/AWSCloudFormation/latest/UserGuide/aws-resource-dms-endpoint.html#cfn-dms-endpoint-s3settings",
     "Required": false,
     "Type": "S3Settings",
     "UpdateType": "Mutable"
    },
    "ServerName": {
     "Documentation": "http://docs.aws.amazon.com/AWSCloudFormation/latest/UserGuide/aws-resource-dms-endpoint.html#cfn-dms-endpoint-servername",
     "PrimitiveType": "String",
     "Required": false,
     "UpdateType": "Mutable"
    },
    "SslMode": {
     "Documentation": "http://docs.aws.amazon.com/AWSCloudFormation/latest/UserGuide/aws-resource-dms-endpoint.html#cfn-dms-endpoint-sslmode",
     "PrimitiveType": "String",
     "Required": false,
     "UpdateType": "Mutable"
    },
    "SybaseSettings": {
     "Documentation": "http://docs.aws.amazon.com/AWSCloudFormation/latest/UserGuide/aws-resource-dms-endpoint.html#cfn-dms-endpoint-sybasesettings",
     "Required": false,
     "Type": "SybaseSettings",
     "UpdateType": "Mutable"
    },
    "Tags": {
     "Documentation": "http://docs.aws.amazon.com/AWSCloudFormation/latest/UserGuide/aws-resource-dms-endpoint.html#cfn-dms-endpoint-tags",
     "ItemType": "Tag",
     "Required": false,
     "Type": "List",
     "UpdateType": "Mutable"
    },
    "Username": {
     "Documentation": "http://docs.aws.amazon.com/AWSCloudFormation/latest/UserGuide/aws-resource-dms-endpoint.html#cfn-dms-endpoint-username",
     "PrimitiveType": "String",
     "Required": false,
     "UpdateType": "Mutable"
    }
   }
  }
 },
 {
  "op": "add",
  "path": "/ResourceTypes/AWS::DMS::EventSubscription",
  "value": {
   "Documentation": "http://docs.aws.amazon.com/AWSCloudFormation/latest/UserGuide/aws-resource-dms-eventsubscription.html",
   "Properties": {
    "Enabled": {
     "Documentation": "http://docs.aws.amazon.com/AWSCloudFormation/latest/UserGuide/aws-resource-dms-eventsubscription.html#cfn-dms-eventsubscription-enabled",
     "PrimitiveType": "Boolean",
     "Required": false,
     "UpdateType": "Mutable"
    },
    "EventCategories": {
     "Documentation": "http://docs.aws.amazon.com/AWSCloudFormation/latest/UserGuide/aws-resource-dms-eventsubscription.html#cfn-dms-eventsubscription-eventcategories",
     "PrimitiveItemType": "String",
     "Required": false,
     "Type": "List",
     "UpdateType": "Mutable"
    },
    "SnsTopicArn": {
     "Documentation": "http://docs.aws.amazon.com/AWSCloudFormation/latest/UserGuide/aws-resource-dms-eventsubscription.html#cfn-dms-eventsubscription-snstopicarn",
     "PrimitiveType": "String",
     "Required": true,
     "UpdateType": "Mutable"
    },
    "SourceIds": {
     "Documentation": "http://docs.aws.amazon.com/AWSCloudFormation/latest/UserGuide/aws-resource-dms-eventsubscription.html#cfn-dms-eventsubscription-sourceids",
     "PrimitiveItemType": "String",
     "Required": false,
     "Type": "List",
     "UpdateType": "Immutable"
    },
    "SourceType": {
     "Documentation": "http://docs.aws.amazon.com/AWSCloudFormation/latest/UserGuide/aws-resource-dms-eventsubscription.html#cfn-dms-eventsubscription-sourcetype",
     "PrimitiveType": "String",
     "Required": false,
     "UpdateType": "Mutable"
    },
    "SubscriptionName": {
     "Documentation": "http://docs.aws.amazon.com/AWSCloudFormation/latest/UserGuide/aws-resource-dms-eventsubscription.html#cfn-dms-eventsubscription-subscriptionname",
     "PrimitiveType": "String",
     "Required": false,
     "UpdateType": "Immutable"
    },
    "Tags": {
     "Documentation": "http://docs.aws.amazon.com/AWSCloudFormation/latest/UserGuide/aws-resource-dms-eventsubscription.html#cfn-dms-eventsubscription-tags",
     "ItemType": "Tag",
     "Required": false,
     "Type": "List",
     "UpdateType": "Mutable"
    }
   }
  }
 },
 {
  "op": "add",
  "path": "/ResourceTypes/AWS::DMS::ReplicationInstance",
  "value": {
   "Attributes": {
    "ReplicationInstancePrivateIpAddresses": {
     "PrimitiveType": "String"
    },
    "ReplicationInstancePublicIpAddresses": {
     "PrimitiveType": "String"
    }
   },
   "Documentation": "http://docs.aws.amazon.com/AWSCloudFormation/latest/UserGuide/aws-resource-dms-replicationinstance.html",
   "Properties": {
    "AllocatedStorage": {
     "Documentation": "http://docs.aws.amazon.com/AWSCloudFormation/latest/UserGuide/aws-resource-dms-replicationinstance.html#cfn-dms-replicationinstance-allocatedstorage",
     "PrimitiveType": "Integer",
     "Required": false,
     "UpdateType": "Mutable"
    },
    "AllowMajorVersionUpgrade": {
     "Documentation": "http://docs.aws.amazon.com/AWSCloudFormation/latest/UserGuide/aws-resource-dms-replicationinstance.html#cfn-dms-replicationinstance-allowmajorversionupgrade",
     "PrimitiveType": "Boolean",
     "Required": false,
     "UpdateType": "Mutable"
    },
    "AutoMinorVersionUpgrade": {
     "Documentation": "http://docs.aws.amazon.com/AWSCloudFormation/latest/UserGuide/aws-resource-dms-replicationinstance.html#cfn-dms-replicationinstance-autominorversionupgrade",
     "PrimitiveType": "Boolean",
     "Required": false,
     "UpdateType": "Mutable"
    },
    "AvailabilityZone": {
     "Documentation": "http://docs.aws.amazon.com/AWSCloudFormation/latest/UserGuide/aws-resource-dms-replicationinstance.html#cfn-dms-replicationinstance-availabilityzone",
     "PrimitiveType": "String",
     "Required": false,
     "UpdateType": "Mutable"
    },
    "EngineVersion": {
     "Documentation": "http://docs.aws.amazon.com/AWSCloudFormation/latest/UserGuide/aws-resource-dms-replicationinstance.html#cfn-dms-replicationinstance-engineversion",
     "PrimitiveType": "String",
     "Required": false,
     "UpdateType": "Mutable"
    },
    "KmsKeyId": {
     "Documentation": "http://docs.aws.amazon.com/AWSCloudFormation/latest/UserGuide/aws-resource-dms-replicationinstance.html#cfn-dms-replicationinstance-kmskeyid",
     "PrimitiveType": "String",
     "Required": false,
     "UpdateType": "Immutable"
    },
    "MultiAZ": {
     "Documentation": "http://docs.aws.amazon.com/AWSCloudFormation/latest/UserGuide/aws-resource-dms-replicationinstance.html#cfn-dms-replicationinstance-multiaz",
     "PrimitiveType": "Boolean",
     "Required": false,
     "UpdateType": "Mutable"
    },
    "PreferredMaintenanceWindow": {
     "Documentation": "http://docs.aws.amazon.com/AWSCloudFormation/latest/UserGuide/aws-resource-dms-replicationinstance.html#cfn-dms-replicationinstance-preferredmaintenancewindow",
     "PrimitiveType": "String",
     "Required": false,
     "UpdateType": "Mutable"
    },
    "PubliclyAccessible": {
     "Documentation": "http://docs.aws.amazon.com/AWSCloudFormation/latest/UserGuide/aws-resource-dms-replicationinstance.html#cfn-dms-replicationinstance-publiclyaccessible",
     "PrimitiveType": "Boolean",
     "Required": false,
     "UpdateType": "Immutable"
    },
    "ReplicationInstanceClass": {
     "Documentation": "http://docs.aws.amazon.com/AWSCloudFormation/latest/UserGuide/aws-resource-dms-replicationinstance.html#cfn-dms-replicationinstance-replicationinstanceclass",
     "PrimitiveType": "String",
     "Required": true,
     "UpdateType": "Mutable"
    },
    "ReplicationInstanceIdentifier": {
     "Documentation": "http://docs.aws.amazon.com/AWSCloudFormation/latest/UserGuide/aws-resource-dms-replicationinstance.html#cfn-dms-replicationinstance-replicationinstanceidentifier",
     "PrimitiveType": "String",
     "Required": false,
     "UpdateType": "Mutable"
    },
    "ReplicationSubnetGroupIdentifier": {
     "Documentation": "http://docs.aws.amazon.com/AWSCloudFormation/latest/UserGuide/aws-resource-dms-replicationinstance.html#cfn-dms-replicationinstance-replicationsubnetgroupidentifier",
     "PrimitiveType": "String",
     "Required": false,
     "UpdateType": "Immutable"
    },
    "ResourceIdentifier": {
     "Documentation": "http://docs.aws.amazon.com/AWSCloudFormation/latest/UserGuide/aws-resource-dms-replicationinstance.html#cfn-dms-replicationinstance-resourceidentifier",
     "PrimitiveType": "String",
     "Required": false,
     "UpdateType": "Immutable"
    },
    "Tags": {
     "Documentation": "http://docs.aws.amazon.com/AWSCloudFormation/latest/UserGuide/aws-resource-dms-replicationinstance.html#cfn-dms-replicationinstance-tags",
     "ItemType": "Tag",
     "Required": false,
     "Type": "List",
     "UpdateType": "Mutable"
    },
    "VpcSecurityGroupIds": {
     "Documentation": "http://docs.aws.amazon.com/AWSCloudFormation/latest/UserGuide/aws-resource-dms-replicationinstance.html#cfn-dms-replicationinstance-vpcsecuritygroupids",
     "PrimitiveItemType": "String",
     "Required": false,
     "Type": "List",
     "UpdateType": "Mutable"
    }
   }
  }
 },
 {
  "op": "add",
  "path": "/ResourceTypes/AWS::DMS::ReplicationSubnetGroup",
  "value": {
   "Documentation": "http://docs.aws.amazon.com/AWSCloudFormation/latest/UserGuide/aws-resource-dms-replicationsubnetgroup.html",
   "Properties": {
    "ReplicationSubnetGroupDescription": {
     "Documentation": "http://docs.aws.amazon.com/AWSCloudFormation/latest/UserGuide/aws-resource-dms-replicationsubnetgroup.html#cfn-dms-replicationsubnetgroup-replicationsubnetgroupdescription",
     "PrimitiveType": "String",
     "Required": true,
     "UpdateType": "Mutable"
    },
    "ReplicationSubnetGroupIdentifier": {
     "Documentation": "http://docs.aws.amazon.com/AWSCloudFormation/latest/UserGuide/aws-resource-dms-replicationsubnetgroup.html#cfn-dms-replicationsubnetgroup-replicationsubnetgroupidentifier",
     "PrimitiveType": "String",
     "Required": false,
     "UpdateType": "Immutable"
    },
    "SubnetIds": {
     "Documentation": "http://docs.aws.amazon.com/AWSCloudFormation/latest/UserGuide/aws-resource-dms-replicationsubnetgroup.html#cfn-dms-replicationsubnetgroup-subnetids",
     "PrimitiveItemType": "String",
     "Required": true,
     "Type": "List",
     "UpdateType": "Mutable"
    },
    "Tags": {
     "Documentation": "http://docs.aws.amazon.com/AWSCloudFormation/latest/UserGuide/aws-resource-dms-replicationsubnetgroup.html#cfn-dms-replicationsubnetgroup-tags",
     "ItemType": "Tag",
     "Required": false,
     "Type": "List",
     "UpdateType": "Mutable"
    }
   }
  }
 },
 {
  "op": "add",
  "path": "/ResourceTypes/AWS::DMS::ReplicationTask",
  "value": {
   "Documentation": "http://docs.aws.amazon.com/AWSCloudFormation/latest/UserGuide/aws-resource-dms-replicationtask.html",
   "Properties": {
    "CdcStartPosition": {
     "Documentation": "http://docs.aws.amazon.com/AWSCloudFormation/latest/UserGuide/aws-resource-dms-replicationtask.html#cfn-dms-replicationtask-cdcstartposition",
     "PrimitiveType": "String",
     "Required": false,
     "UpdateType": "Mutable"
    },
    "CdcStartTime": {
     "Documentation": "http://docs.aws.amazon.com/AWSCloudFormation/latest/UserGuide/aws-resource-dms-replicationtask.html#cfn-dms-replicationtask-cdcstarttime",
     "PrimitiveType": "Double",
     "Required": false,
     "UpdateType": "Mutable"
    },
    "CdcStopPosition": {
     "Documentation": "http://docs.aws.amazon.com/AWSCloudFormation/latest/UserGuide/aws-resource-dms-replicationtask.html#cfn-dms-replicationtask-cdcstopposition",
     "PrimitiveType": "String",
     "Required": false,
     "UpdateType": "Mutable"
    },
    "MigrationType": {
     "Documentation": "http://docs.aws.amazon.com/AWSCloudFormation/latest/UserGuide/aws-resource-dms-replicationtask.html#cfn-dms-replicationtask-migrationtype",
     "PrimitiveType": "String",
     "Required": true,
     "UpdateType": "Mutable"
    },
    "ReplicationInstanceArn": {
     "Documentation": "http://docs.aws.amazon.com/AWSCloudFormation/latest/UserGuide/aws-resource-dms-replicationtask.html#cfn-dms-replicationtask-replicationinstancearn",
     "PrimitiveType": "String",
     "Required": true,
     "UpdateType": "Immutable"
    },
    "ReplicationTaskIdentifier": {
     "Documentation": "http://docs.aws.amazon.com/AWSCloudFormation/latest/UserGuide/aws-resource-dms-replicationtask.html#cfn-dms-replicationtask-replicationtaskidentifier",
     "PrimitiveType": "String",
     "Required": false,
     "UpdateType": "Mutable"
    },
    "ReplicationTaskSettings": {
     "Documentation": "http://docs.aws.amazon.com/AWSCloudFormation/latest/UserGuide/aws-resource-dms-replicationtask.html#cfn-dms-replicationtask-replicationtasksettings",
     "PrimitiveType": "String",
     "Required": false,
     "UpdateType": "Mutable"
    },
    "ResourceIdentifier": {
     "Documentation": "http://docs.aws.amazon.com/AWSCloudFormation/latest/UserGuide/aws-resource-dms-replicationtask.html#cfn-dms-replicationtask-resourceidentifier",
     "PrimitiveType": "String",
     "Required": false,
     "UpdateType": "Immutable"
    },
    "SourceEndpointArn": {
     "Documentation": "http://docs.aws.amazon.com/AWSCloudFormation/latest/UserGuide/aws-resource-dms-replicationtask.html#cfn-dms-replicationtask-sourceendpointarn",
     "PrimitiveType": "String",
     "Required": true,
     "UpdateType": "Immutable"
    },
    "TableMappings": {
     "Documentation": "http://docs.aws.amazon.com/AWSCloudFormation/latest/UserGuide/aws-resource-dms-replicationtask.html#cfn-dms-replicationtask-tablemappings",
     "PrimitiveType": "String",
     "Required": true,
     "UpdateType": "Mutable"
    },
    "Tags": {
     "Documentation": "http://docs.aws.amazon.com/AWSCloudFormation/latest/UserGuide/aws-resource-dms-replicationtask.html#cfn-dms-replicationtask-tags",
     "ItemType": "Tag",
     "Required": false,
     "Type": "List",
     "UpdateType": "Mutable"
    },
    "TargetEndpointArn": {
     "Documentation": "http://docs.aws.amazon.com/AWSCloudFormation/latest/UserGuide/aws-resource-dms-replicationtask.html#cfn-dms-replicationtask-targetendpointarn",
     "PrimitiveType": "String",
     "Required": true,
     "UpdateType": "Immutable"
    },
    "TaskData": {
     "Documentation": "http://docs.aws.amazon.com/AWSCloudFormation/latest/UserGuide/aws-resource-dms-replicationtask.html#cfn-dms-replicationtask-taskdata",
     "PrimitiveType": "String",
     "Required": false,
     "UpdateType": "Mutable"
    }
   }
  }
 },
 {
  "op": "add",
  "path": "/PropertyTypes/AWS::DMS::Endpoint.DocDbSettings",
  "value": {
   "Documentation": "http://docs.aws.amazon.com/AWSCloudFormation/latest/UserGuide/aws-properties-dms-endpoint-docdbsettings.html",
   "Properties": {
    "DocsToInvestigate": {
     "Documentation": "http://docs.aws.amazon.com/AWSCloudFormation/latest/UserGuide/aws-properties-dms-endpoint-docdbsettings.html#cfn-dms-endpoint-docdbsettings-docstoinvestigate",
     "PrimitiveType": "Integer",
     "Required": false,
     "UpdateType": "Mutable"
    },
    "ExtractDocId": {
     "Documentation": "http://docs.aws.amazon.com/AWSCloudFormation/latest/UserGuide/aws-properties-dms-endpoint-docdbsettings.html#cfn-dms-endpoint-docdbsettings-extractdocid",
     "PrimitiveType": "Boolean",
     "Required": false,
     "UpdateType": "Mutable"
    },
    "NestingLevel": {
     "Documentation": "http://docs.aws.amazon.com/AWSCloudFormation/latest/UserGuide/aws-properties-dms-endpoint-docdbsettings.html#cfn-dms-endpoint-docdbsettings-nestinglevel",
     "PrimitiveType": "String",
     "Required": false,
     "UpdateType": "Mutable"
    },
    "SecretsManagerAccessRoleArn": {
     "Documentation": "http://docs.aws.amazon.com/AWSCloudFormation/latest/UserGuide/aws-properties-dms-endpoint-docdbsettings.html#cfn-dms-endpoint-docdbsettings-secretsmanageraccessrolearn",
     "PrimitiveType": "String",
     "Required": false,
     "UpdateType": "Mutable"
    },
    "SecretsManagerSecretId": {
     "Documentation": "http://docs.aws.amazon.com/AWSCloudFormation/latest/UserGuide/aws-properties-dms-endpoint-docdbsettings.html#cfn-dms-endpoint-docdbsettings-secretsmanagersecretid",
     "PrimitiveType": "String",
     "Required": false,
     "UpdateType": "Mutable"
    }
   }
  }
 },
 {
  "op": "add",
  "path": "/PropertyTypes/AWS::DMS::Endpoint.DynamoDbSettings",
  "value": {
   "Documentation": "http://docs.aws.amazon.com/AWSCloudFormation/latest/UserGuide/aws-properties-dms-endpoint-dynamodbsettings.html",
   "Properties": {
    "ServiceAccessRoleArn": {
     "Documentation": "http://docs.aws.amazon.com/AWSCloudFormation/latest/UserGuide/aws-properties-dms-endpoint-dynamodbsettings.html#cfn-dms-endpoint-dynamodbsettings-serviceaccessrolearn",
     "PrimitiveType": "String",
     "Required": false,
     "UpdateType": "Mutable"
    }
   }
  }
 },
 {
  "op": "add",
  "path": "/PropertyTypes/AWS::DMS::Endpoint.ElasticsearchSettings",
  "value": {
   "Documentation": "http://docs.aws.amazon.com/AWSCloudFormation/latest/UserGuide/aws-properties-dms-endpoint-elasticsearchsettings.html",
   "Properties": {
    "EndpointUri": {
     "Documentation": "http://docs.aws.amazon.com/AWSCloudFormation/latest/UserGuide/aws-properties-dms-endpoint-elasticsearchsettings.html#cfn-dms-endpoint-elasticsearchsettings-endpointuri",
     "PrimitiveType": "String",
     "Required": false,
     "UpdateType": "Mutable"
    },
    "ErrorRetryDuration": {
     "Documentation": "http://docs.aws.amazon.com/AWSCloudFormation/latest/UserGuide/aws-properties-dms-endpoint-elasticsearchsettings.html#cfn-dms-endpoint-elasticsearchsettings-errorretryduration",
     "PrimitiveType": "Integer",
     "Required": false,
     "UpdateType": "Mutable"
    },
    "FullLoadErrorPercentage": {
     "Documentation": "http://docs.aws.amazon.com/AWSCloudFormation/latest/UserGuide/aws-properties-dms-endpoint-elasticsearchsettings.html#cfn-dms-endpoint-elasticsearchsettings-fullloaderrorpercentage",
     "PrimitiveType": "Integer",
     "Required": false,
     "UpdateType": "Mutable"
    },
    "ServiceAccessRoleArn": {
     "Documentation": "http://docs.aws.amazon.com/AWSCloudFormation/latest/UserGuide/aws-properties-dms-endpoint-elasticsearchsettings.html#cfn-dms-endpoint-elasticsearchsettings-serviceaccessrolearn",
     "PrimitiveType": "String",
     "Required": false,
     "UpdateType": "Mutable"
    }
   }
  }
 },
 {
  "op": "add",
  "path": "/PropertyTypes/AWS::DMS::Endpoint.GcpMySQLSettings",
  "value": {
   "Documentation": "http://docs.aws.amazon.com/AWSCloudFormation/latest/UserGuide/aws-properties-dms-endpoint-gcpmysqlsettings.html",
   "Properties": {
    "AfterConnectScript": {
     "Documentation": "http://docs.aws.amazon.com/AWSCloudFormation/latest/UserGuide/aws-properties-dms-endpoint-gcpmysqlsettings.html#cfn-dms-endpoint-gcpmysqlsettings-afterconnectscript",
     "PrimitiveType": "String",
     "Required": false,
     "UpdateType": "Mutable"
    },
    "CleanSourceMetadataOnMismatch": {
     "Documentation": "http://docs.aws.amazon.com/AWSCloudFormation/latest/UserGuide/aws-properties-dms-endpoint-gcpmysqlsettings.html#cfn-dms-endpoint-gcpmysqlsettings-cleansourcemetadataonmismatch",
     "PrimitiveType": "Boolean",
     "Required": false,
     "UpdateType": "Mutable"
    },
    "DatabaseName": {
     "Documentation": "http://docs.aws.amazon.com/AWSCloudFormation/latest/UserGuide/aws-properties-dms-endpoint-gcpmysqlsettings.html#cfn-dms-endpoint-gcpmysqlsettings-databasename",
     "PrimitiveType": "String",
     "Required": false,
     "UpdateType": "Mutable"
    },
    "EventsPollInterval": {
     "Documentation": "http://docs.aws.amazon.com/AWSCloudFormation/latest/UserGuide/aws-properties-dms-endpoint-gcpmysqlsettings.html#cfn-dms-endpoint-gcpmysqlsettings-eventspollinterval",
     "PrimitiveType": "Integer",
     "Required": false,
     "UpdateType": "Mutable"
    },
    "MaxFileSize": {
     "Documentation": "http://docs.aws.amazon.com/AWSCloudFormation/latest/UserGuide/aws-properties-dms-endpoint-gcpmysqlsettings.html#cfn-dms-endpoint-gcpmysqlsettings-maxfilesize",
     "PrimitiveType": "Integer",
     "Required": false,
     "UpdateType": "Mutable"
    },
    "ParallelLoadThreads": {
     "Documentation": "http://docs.aws.amazon.com/AWSCloudFormation/latest/UserGuide/aws-properties-dms-endpoint-gcpmysqlsettings.html#cfn-dms-endpoint-gcpmysqlsettings-parallelloadthreads",
     "PrimitiveType": "Integer",
     "Required": false,
     "UpdateType": "Mutable"
    },
    "Password": {
     "Documentation": "http://docs.aws.amazon.com/AWSCloudFormation/latest/UserGuide/aws-properties-dms-endpoint-gcpmysqlsettings.html#cfn-dms-endpoint-gcpmysqlsettings-password",
     "PrimitiveType": "String",
     "Required": false,
     "UpdateType": "Mutable"
    },
    "Port": {
     "Documentation": "http://docs.aws.amazon.com/AWSCloudFormation/latest/UserGuide/aws-properties-dms-endpoint-gcpmysqlsettings.html#cfn-dms-endpoint-gcpmysqlsettings-port",
     "PrimitiveType": "Integer",
     "Required": false,
     "UpdateType": "Mutable"
    },
    "SecretsManagerAccessRoleArn": {
     "Documentation": "http://docs.aws.amazon.com/AWSCloudFormation/latest/UserGuide/aws-properties-dms-endpoint-gcpmysqlsettings.html#cfn-dms-endpoint-gcpmysqlsettings-secretsmanageraccessrolearn",
     "PrimitiveType": "String",
     "Required": false,
     "UpdateType": "Mutable"
    },
    "SecretsManagerSecretId": {
     "Documentation": "http://docs.aws.amazon.com/AWSCloudFormation/latest/UserGuide/aws-properties-dms-endpoint-gcpmysqlsettings.html#cfn-dms-endpoint-gcpmysqlsettings-secretsmanagersecretid",
     "PrimitiveType": "String",
     "Required": false,
     "UpdateType": "Mutable"
    },
    "ServerName": {
     "Documentation": "http://docs.aws.amazon.com/AWSCloudFormation/latest/UserGuide/aws-properties-dms-endpoint-gcpmysqlsettings.html#cfn-dms-endpoint-gcpmysqlsettings-servername",
     "PrimitiveType": "String",
     "Required": false,
     "UpdateType": "Mutable"
    },
    "ServerTimezone": {
     "Documentation": "http://docs.aws.amazon.com/AWSCloudFormation/latest/UserGuide/aws-properties-dms-endpoint-gcpmysqlsettings.html#cfn-dms-endpoint-gcpmysqlsettings-servertimezone",
     "PrimitiveType": "String",
     "Required": false,
     "UpdateType": "Mutable"
    },
    "Username": {
     "Documentation": "http://docs.aws.amazon.com/AWSCloudFormation/latest/UserGuide/aws-properties-dms-endpoint-gcpmysqlsettings.html#cfn-dms-endpoint-gcpmysqlsettings-username",
     "PrimitiveType": "String",
     "Required": false,
     "UpdateType": "Mutable"
    }
   }
  }
 },
 {
  "op": "add",
  "path": "/PropertyTypes/AWS::DMS::Endpoint.IbmDb2Settings",
  "value": {
   "Documentation": "http://docs.aws.amazon.com/AWSCloudFormation/latest/UserGuide/aws-properties-dms-endpoint-ibmdb2settings.html",
   "Properties": {
    "CurrentLsn": {
     "Documentation": "http://docs.aws.amazon.com/AWSCloudFormation/latest/UserGuide/aws-properties-dms-endpoint-ibmdb2settings.html#cfn-dms-endpoint-ibmdb2settings-currentlsn",
     "PrimitiveType": "String",
     "Required": false,
     "UpdateType": "Mutable"
    },
    "MaxKBytesPerRead": {
     "Documentation": "http://docs.aws.amazon.com/AWSCloudFormation/latest/UserGuide/aws-properties-dms-endpoint-ibmdb2settings.html#cfn-dms-endpoint-ibmdb2settings-maxkbytesperread",
     "PrimitiveType": "Integer",
     "Required": false,
     "UpdateType": "Mutable"
    },
    "SecretsManagerAccessRoleArn": {
     "Documentation": "http://docs.aws.amazon.com/AWSCloudFormation/latest/UserGuide/aws-properties-dms-endpoint-ibmdb2settings.html#cfn-dms-endpoint-ibmdb2settings-secretsmanageraccessrolearn",
     "PrimitiveType": "String",
     "Required": false,
     "UpdateType": "Mutable"
    },
    "SecretsManagerSecretId": {
     "Documentation": "http://docs.aws.amazon.com/AWSCloudFormation/latest/UserGuide/aws-properties-dms-endpoint-ibmdb2settings.html#cfn-dms-endpoint-ibmdb2settings-secretsmanagersecretid",
     "PrimitiveType": "String",
     "Required": false,
     "UpdateType": "Mutable"
    },
    "SetDataCaptureChanges": {
     "Documentation": "http://docs.aws.amazon.com/AWSCloudFormation/latest/UserGuide/aws-properties-dms-endpoint-ibmdb2settings.html#cfn-dms-endpoint-ibmdb2settings-setdatacapturechanges",
     "PrimitiveType": "Boolean",
     "Required": false,
     "UpdateType": "Mutable"
    }
   }
  }
 },
 {
  "op": "add",
  "path": "/PropertyTypes/AWS::DMS::Endpoint.KafkaSettings",
  "value": {
   "Documentation": "http://docs.aws.amazon.com/AWSCloudFormation/latest/UserGuide/aws-properties-dms-endpoint-kafkasettings.html",
   "Properties": {
    "Broker": {
     "Documentation": "http://docs.aws.amazon.com/AWSCloudFormation/latest/UserGuide/aws-properties-dms-endpoint-kafkasettings.html#cfn-dms-endpoint-kafkasettings-broker",
     "PrimitiveType": "String",
     "Required": false,
     "UpdateType": "Mutable"
    },
    "IncludeControlDetails": {
     "Documentation": "http://docs.aws.amazon.com/AWSCloudFormation/latest/UserGuide/aws-properties-dms-endpoint-kafkasettings.html#cfn-dms-endpoint-kafkasettings-includecontroldetails",
     "PrimitiveType": "Boolean",
     "Required": false,
     "UpdateType": "Mutable"
    },
    "IncludeNullAndEmpty": {
     "Documentation": "http://docs.aws.amazon.com/AWSCloudFormation/latest/UserGuide/aws-properties-dms-endpoint-kafkasettings.html#cfn-dms-endpoint-kafkasettings-includenullandempty",
     "PrimitiveType": "Boolean",
     "Required": false,
     "UpdateType": "Mutable"
    },
    "IncludePartitionValue": {
     "Documentation": "http://docs.aws.amazon.com/AWSCloudFormation/latest/UserGuide/aws-properties-dms-endpoint-kafkasettings.html#cfn-dms-endpoint-kafkasettings-includepartitionvalue",
     "PrimitiveType": "Boolean",
     "Required": false,
     "UpdateType": "Mutable"
    },
    "IncludeTableAlterOperations": {
     "Documentation": "http://docs.aws.amazon.com/AWSCloudFormation/latest/UserGuide/aws-properties-dms-endpoint-kafkasettings.html#cfn-dms-endpoint-kafkasettings-includetablealteroperations",
     "PrimitiveType": "Boolean",
     "Required": false,
     "UpdateType": "Mutable"
    },
    "IncludeTransactionDetails": {
     "Documentation": "http://docs.aws.amazon.com/AWSCloudFormation/latest/UserGuide/aws-properties-dms-endpoint-kafkasettings.html#cfn-dms-endpoint-kafkasettings-includetransactiondetails",
     "PrimitiveType": "Boolean",
     "Required": false,
     "UpdateType": "Mutable"
    },
    "MessageFormat": {
     "Documentation": "http://docs.aws.amazon.com/AWSCloudFormation/latest/UserGuide/aws-properties-dms-endpoint-kafkasettings.html#cfn-dms-endpoint-kafkasettings-messageformat",
     "PrimitiveType": "String",
     "Required": false,
     "UpdateType": "Mutable"
    },
    "MessageMaxBytes": {
     "Documentation": "http://docs.aws.amazon.com/AWSCloudFormation/latest/UserGuide/aws-properties-dms-endpoint-kafkasettings.html#cfn-dms-endpoint-kafkasettings-messagemaxbytes",
     "PrimitiveType": "Integer",
     "Required": false,
     "UpdateType": "Mutable"
    },
    "NoHexPrefix": {
     "Documentation": "http://docs.aws.amazon.com/AWSCloudFormation/latest/UserGuide/aws-properties-dms-endpoint-kafkasettings.html#cfn-dms-endpoint-kafkasettings-nohexprefix",
     "PrimitiveType": "Boolean",
     "Required": false,
     "UpdateType": "Mutable"
    },
    "PartitionIncludeSchemaTable": {
     "Documentation": "http://docs.aws.amazon.com/AWSCloudFormation/latest/UserGuide/aws-properties-dms-endpoint-kafkasettings.html#cfn-dms-endpoint-kafkasettings-partitionincludeschematable",
     "PrimitiveType": "Boolean",
     "Required": false,
     "UpdateType": "Mutable"
    },
    "SaslPassword": {
     "Documentation": "http://docs.aws.amazon.com/AWSCloudFormation/latest/UserGuide/aws-properties-dms-endpoint-kafkasettings.html#cfn-dms-endpoint-kafkasettings-saslpassword",
     "PrimitiveType": "String",
     "Required": false,
     "UpdateType": "Mutable"
    },
    "SaslUserName": {
     "Documentation": "http://docs.aws.amazon.com/AWSCloudFormation/latest/UserGuide/aws-properties-dms-endpoint-kafkasettings.html#cfn-dms-endpoint-kafkasettings-saslusername",
     "PrimitiveType": "String",
     "Required": false,
     "UpdateType": "Mutable"
    },
    "SecurityProtocol": {
     "Documentation": "http://docs.aws.amazon.com/AWSCloudFormation/latest/UserGuide/aws-properties-dms-endpoint-kafkasettings.html#cfn-dms-endpoint-kafkasettings-securityprotocol",
     "PrimitiveType": "String",
     "Required": false,
     "UpdateType": "Mutable"
    },
    "SslCaCertificateArn": {
     "Documentation": "http://docs.aws.amazon.com/AWSCloudFormation/latest/UserGuide/aws-properties-dms-endpoint-kafkasettings.html#cfn-dms-endpoint-kafkasettings-sslcacertificatearn",
     "PrimitiveType": "String",
     "Required": false,
     "UpdateType": "Mutable"
    },
    "SslClientCertificateArn": {
     "Documentation": "http://docs.aws.amazon.com/AWSCloudFormation/latest/UserGuide/aws-properties-dms-endpoint-kafkasettings.html#cfn-dms-endpoint-kafkasettings-sslclientcertificatearn",
     "PrimitiveType": "String",
     "Required": false,
     "UpdateType": "Mutable"
    },
    "SslClientKeyArn": {
     "Documentation": "http://docs.aws.amazon.com/AWSCloudFormation/latest/UserGuide/aws-properties-dms-endpoint-kafkasettings.html#cfn-dms-endpoint-kafkasettings-sslclientkeyarn",
     "PrimitiveType": "String",
     "Required": false,
     "UpdateType": "Mutable"
    },
    "SslClientKeyPassword": {
     "Documentation": "http://docs.aws.amazon.com/AWSCloudFormation/latest/UserGuide/aws-properties-dms-endpoint-kafkasettings.html#cfn-dms-endpoint-kafkasettings-sslclientkeypassword",
     "PrimitiveType": "String",
     "Required": false,
     "UpdateType": "Mutable"
    },
    "Topic": {
     "Documentation": "http://docs.aws.amazon.com/AWSCloudFormation/latest/UserGuide/aws-properties-dms-endpoint-kafkasettings.html#cfn-dms-endpoint-kafkasettings-topic",
     "PrimitiveType": "String",
     "Required": false,
     "UpdateType": "Mutable"
    }
   }
  }
 },
 {
  "op": "add",
  "path": "/PropertyTypes/AWS::DMS::Endpoint.KinesisSettings",
  "value": {
   "Documentation": "http://docs.aws.amazon.com/AWSCloudFormation/latest/UserGuide/aws-properties-dms-endpoint-kinesissettings.html",
   "Properties": {
    "IncludeControlDetails": {
     "Documentation": "http://docs.aws.amazon.com/AWSCloudFormation/latest/UserGuide/aws-properties-dms-endpoint-kinesissettings.html#cfn-dms-endpoint-kinesissettings-includecontroldetails",
     "PrimitiveType": "Boolean",
     "Required": false,
     "UpdateType": "Mutable"
    },
    "IncludeNullAndEmpty": {
     "Documentation": "http://docs.aws.amazon.com/AWSCloudFormation/latest/UserGuide/aws-properties-dms-endpoint-kinesissettings.html#cfn-dms-endpoint-kinesissettings-includenullandempty",
     "PrimitiveType": "Boolean",
     "Required": false,
     "UpdateType": "Mutable"
    },
    "IncludePartitionValue": {
     "Documentation": "http://docs.aws.amazon.com/AWSCloudFormation/latest/UserGuide/aws-properties-dms-endpoint-kinesissettings.html#cfn-dms-endpoint-kinesissettings-includepartitionvalue",
     "PrimitiveType": "Boolean",
     "Required": false,
     "UpdateType": "Mutable"
    },
    "IncludeTableAlterOperations": {
     "Documentation": "http://docs.aws.amazon.com/AWSCloudFormation/latest/UserGuide/aws-properties-dms-endpoint-kinesissettings.html#cfn-dms-endpoint-kinesissettings-includetablealteroperations",
     "PrimitiveType": "Boolean",
     "Required": false,
     "UpdateType": "Mutable"
    },
    "IncludeTransactionDetails": {
     "Documentation": "http://docs.aws.amazon.com/AWSCloudFormation/latest/UserGuide/aws-properties-dms-endpoint-kinesissettings.html#cfn-dms-endpoint-kinesissettings-includetransactiondetails",
     "PrimitiveType": "Boolean",
     "Required": false,
     "UpdateType": "Mutable"
    },
    "MessageFormat": {
     "Documentation": "http://docs.aws.amazon.com/AWSCloudFormation/latest/UserGuide/aws-properties-dms-endpoint-kinesissettings.html#cfn-dms-endpoint-kinesissettings-messageformat",
     "PrimitiveType": "String",
     "Required": false,
     "UpdateType": "Mutable"
    },
    "NoHexPrefix": {
     "Documentation": "http://docs.aws.amazon.com/AWSCloudFormation/latest/UserGuide/aws-properties-dms-endpoint-kinesissettings.html#cfn-dms-endpoint-kinesissettings-nohexprefix",
     "PrimitiveType": "Boolean",
     "Required": false,
     "UpdateType": "Mutable"
    },
    "PartitionIncludeSchemaTable": {
     "Documentation": "http://docs.aws.amazon.com/AWSCloudFormation/latest/UserGuide/aws-properties-dms-endpoint-kinesissettings.html#cfn-dms-endpoint-kinesissettings-partitionincludeschematable",
     "PrimitiveType": "Boolean",
     "Required": false,
     "UpdateType": "Mutable"
    },
    "ServiceAccessRoleArn": {
     "Documentation": "http://docs.aws.amazon.com/AWSCloudFormation/latest/UserGuide/aws-properties-dms-endpoint-kinesissettings.html#cfn-dms-endpoint-kinesissettings-serviceaccessrolearn",
     "PrimitiveType": "String",
     "Required": false,
     "UpdateType": "Mutable"
    },
    "StreamArn": {
     "Documentation": "http://docs.aws.amazon.com/AWSCloudFormation/latest/UserGuide/aws-properties-dms-endpoint-kinesissettings.html#cfn-dms-endpoint-kinesissettings-streamarn",
     "PrimitiveType": "String",
     "Required": false,
     "UpdateType": "Mutable"
    }
   }
  }
 },
 {
  "op": "add",
  "path": "/PropertyTypes/AWS::DMS::Endpoint.MicrosoftSqlServerSettings",
  "value": {
   "Documentation": "http://docs.aws.amazon.com/AWSCloudFormation/latest/UserGuide/aws-properties-dms-endpoint-microsoftsqlserversettings.html",
   "Properties": {
    "BcpPacketSize": {
     "Documentation": "http://docs.aws.amazon.com/AWSCloudFormation/latest/UserGuide/aws-properties-dms-endpoint-microsoftsqlserversettings.html#cfn-dms-endpoint-microsoftsqlserversettings-bcppacketsize",
     "PrimitiveType": "Integer",
     "Required": false,
     "UpdateType": "Mutable"
    },
    "ControlTablesFileGroup": {
     "Documentation": "http://docs.aws.amazon.com/AWSCloudFormation/latest/UserGuide/aws-properties-dms-endpoint-microsoftsqlserversettings.html#cfn-dms-endpoint-microsoftsqlserversettings-controltablesfilegroup",
     "PrimitiveType": "String",
     "Required": false,
     "UpdateType": "Mutable"
    },
    "QuerySingleAlwaysOnNode": {
     "Documentation": "http://docs.aws.amazon.com/AWSCloudFormation/latest/UserGuide/aws-properties-dms-endpoint-microsoftsqlserversettings.html#cfn-dms-endpoint-microsoftsqlserversettings-querysinglealwaysonnode",
     "PrimitiveType": "Boolean",
     "Required": false,
     "UpdateType": "Mutable"
    },
    "ReadBackupOnly": {
     "Documentation": "http://docs.aws.amazon.com/AWSCloudFormation/latest/UserGuide/aws-properties-dms-endpoint-microsoftsqlserversettings.html#cfn-dms-endpoint-microsoftsqlserversettings-readbackuponly",
     "PrimitiveType": "Boolean",
     "Required": false,
     "UpdateType": "Mutable"
    },
    "SafeguardPolicy": {
     "Documentation": "http://docs.aws.amazon.com/AWSCloudFormation/latest/UserGuide/aws-properties-dms-endpoint-microsoftsqlserversettings.html#cfn-dms-endpoint-microsoftsqlserversettings-safeguardpolicy",
     "PrimitiveType": "String",
     "Required": false,
     "UpdateType": "Mutable"
    },
    "SecretsManagerAccessRoleArn": {
     "Documentation": "http://docs.aws.amazon.com/AWSCloudFormation/latest/UserGuide/aws-properties-dms-endpoint-microsoftsqlserversettings.html#cfn-dms-endpoint-microsoftsqlserversettings-secretsmanageraccessrolearn",
     "PrimitiveType": "String",
     "Required": false,
     "UpdateType": "Mutable"
    },
    "SecretsManagerSecretId": {
     "Documentation": "http://docs.aws.amazon.com/AWSCloudFormation/latest/UserGuide/aws-properties-dms-endpoint-microsoftsqlserversettings.html#cfn-dms-endpoint-microsoftsqlserversettings-secretsmanagersecretid",
     "PrimitiveType": "String",
     "Required": false,
     "UpdateType": "Mutable"
    },
    "UseBcpFullLoad": {
     "Documentation": "http://docs.aws.amazon.com/AWSCloudFormation/latest/UserGuide/aws-properties-dms-endpoint-microsoftsqlserversettings.html#cfn-dms-endpoint-microsoftsqlserversettings-usebcpfullload",
     "PrimitiveType": "Boolean",
     "Required": false,
     "UpdateType": "Mutable"
    },
    "UseThirdPartyBackupDevice": {
     "Documentation": "http://docs.aws.amazon.com/AWSCloudFormation/latest/UserGuide/aws-properties-dms-endpoint-microsoftsqlserversettings.html#cfn-dms-endpoint-microsoftsqlserversettings-usethirdpartybackupdevice",
     "PrimitiveType": "Boolean",
     "Required": false,
     "UpdateType": "Mutable"
    }
   }
  }
 },
 {
  "op": "add",
  "path": "/PropertyTypes/AWS::DMS::Endpoint.MongoDbSettings",
  "value": {
   "Documentation": "http://docs.aws.amazon.com/AWSCloudFormation/latest/UserGuide/aws-properties-dms-endpoint-mongodbsettings.html",
   "Properties": {
    "AuthMechanism": {
     "Documentation": "http://docs.aws.amazon.com/AWSCloudFormation/latest/UserGuide/aws-properties-dms-endpoint-mongodbsettings.html#cfn-dms-endpoint-mongodbsettings-authmechanism",
     "PrimitiveType": "String",
     "Required": false,
     "UpdateType": "Mutable"
    },
    "AuthSource": {
     "Documentation": "http://docs.aws.amazon.com/AWSCloudFormation/latest/UserGuide/aws-properties-dms-endpoint-mongodbsettings.html#cfn-dms-endpoint-mongodbsettings-authsource",
     "PrimitiveType": "String",
     "Required": false,
     "UpdateType": "Mutable"
    },
    "AuthType": {
     "Documentation": "http://docs.aws.amazon.com/AWSCloudFormation/latest/UserGuide/aws-properties-dms-endpoint-mongodbsettings.html#cfn-dms-endpoint-mongodbsettings-authtype",
     "PrimitiveType": "String",
     "Required": false,
     "UpdateType": "Mutable"
    },
    "DatabaseName": {
     "Documentation": "http://docs.aws.amazon.com/AWSCloudFormation/latest/UserGuide/aws-properties-dms-endpoint-mongodbsettings.html#cfn-dms-endpoint-mongodbsettings-databasename",
     "PrimitiveType": "String",
     "Required": false,
     "UpdateType": "Mutable"
    },
    "DocsToInvestigate": {
     "Documentation": "http://docs.aws.amazon.com/AWSCloudFormation/latest/UserGuide/aws-properties-dms-endpoint-mongodbsettings.html#cfn-dms-endpoint-mongodbsettings-docstoinvestigate",
     "PrimitiveType": "String",
     "Required": false,
     "UpdateType": "Mutable"
    },
    "ExtractDocId": {
     "Documentation": "http://docs.aws.amazon.com/AWSCloudFormation/latest/UserGuide/aws-properties-dms-endpoint-mongodbsettings.html#cfn-dms-endpoint-mongodbsettings-extractdocid",
     "PrimitiveType": "String",
     "Required": false,
     "UpdateType": "Mutable"
    },
    "NestingLevel": {
     "Documentation": "http://docs.aws.amazon.com/AWSCloudFormation/latest/UserGuide/aws-properties-dms-endpoint-mongodbsettings.html#cfn-dms-endpoint-mongodbsettings-nestinglevel",
     "PrimitiveType": "String",
     "Required": false,
     "UpdateType": "Mutable"
    },
    "Password": {
     "Documentation": "http://docs.aws.amazon.com/AWSCloudFormation/latest/UserGuide/aws-properties-dms-endpoint-mongodbsettings.html#cfn-dms-endpoint-mongodbsettings-password",
     "PrimitiveType": "String",
     "Required": false,
     "UpdateType": "Mutable"
    },
    "Port": {
     "Documentation": "http://docs.aws.amazon.com/AWSCloudFormation/latest/UserGuide/aws-properties-dms-endpoint-mongodbsettings.html#cfn-dms-endpoint-mongodbsettings-port",
     "PrimitiveType": "Integer",
     "Required": false,
     "UpdateType": "Mutable"
    },
    "SecretsManagerAccessRoleArn": {
     "Documentation": "http://docs.aws.amazon.com/AWSCloudFormation/latest/UserGuide/aws-properties-dms-endpoint-mongodbsettings.html#cfn-dms-endpoint-mongodbsettings-secretsmanageraccessrolearn",
     "PrimitiveType": "String",
     "Required": false,
     "UpdateType": "Mutable"
    },
    "SecretsManagerSecretId": {
     "Documentation": "http://docs.aws.amazon.com/AWSCloudFormation/latest/UserGuide/aws-properties-dms-endpoint-mongodbsettings.html#cfn-dms-endpoint-mongodbsettings-secretsmanagersecretid",
     "PrimitiveType": "String",
     "Required": false,
     "UpdateType": "Mutable"
    },
    "ServerName": {
     "Documentation": "http://docs.aws.amazon.com/AWSCloudFormation/latest/UserGuide/aws-properties-dms-endpoint-mongodbsettings.html#cfn-dms-endpoint-mongodbsettings-servername",
     "PrimitiveType": "String",
     "Required": false,
     "UpdateType": "Mutable"
    },
    "Username": {
     "Documentation": "http://docs.aws.amazon.com/AWSCloudFormation/latest/UserGuide/aws-properties-dms-endpoint-mongodbsettings.html#cfn-dms-endpoint-mongodbsettings-username",
     "PrimitiveType": "String",
     "Required": false,
     "UpdateType": "Mutable"
    }
   }
  }
 },
 {
  "op": "add",
  "path": "/PropertyTypes/AWS::DMS::Endpoint.MySqlSettings",
  "value": {
   "Documentation": "http://docs.aws.amazon.com/AWSCloudFormation/latest/UserGuide/aws-properties-dms-endpoint-mysqlsettings.html",
   "Properties": {
    "AfterConnectScript": {
     "Documentation": "http://docs.aws.amazon.com/AWSCloudFormation/latest/UserGuide/aws-properties-dms-endpoint-mysqlsettings.html#cfn-dms-endpoint-mysqlsettings-afterconnectscript",
     "PrimitiveType": "String",
     "Required": false,
     "UpdateType": "Mutable"
    },
    "CleanSourceMetadataOnMismatch": {
     "Documentation": "http://docs.aws.amazon.com/AWSCloudFormation/latest/UserGuide/aws-properties-dms-endpoint-mysqlsettings.html#cfn-dms-endpoint-mysqlsettings-cleansourcemetadataonmismatch",
     "PrimitiveType": "Boolean",
     "Required": false,
     "UpdateType": "Mutable"
    },
    "EventsPollInterval": {
     "Documentation": "http://docs.aws.amazon.com/AWSCloudFormation/latest/UserGuide/aws-properties-dms-endpoint-mysqlsettings.html#cfn-dms-endpoint-mysqlsettings-eventspollinterval",
     "PrimitiveType": "Integer",
     "Required": false,
     "UpdateType": "Mutable"
    },
    "MaxFileSize": {
     "Documentation": "http://docs.aws.amazon.com/AWSCloudFormation/latest/UserGuide/aws-properties-dms-endpoint-mysqlsettings.html#cfn-dms-endpoint-mysqlsettings-maxfilesize",
     "PrimitiveType": "Integer",
     "Required": false,
     "UpdateType": "Mutable"
    },
    "ParallelLoadThreads": {
     "Documentation": "http://docs.aws.amazon.com/AWSCloudFormation/latest/UserGuide/aws-properties-dms-endpoint-mysqlsettings.html#cfn-dms-endpoint-mysqlsettings-parallelloadthreads",
     "PrimitiveType": "Integer",
     "Required": false,
     "UpdateType": "Mutable"
    },
    "SecretsManagerAccessRoleArn": {
     "Documentation": "http://docs.aws.amazon.com/AWSCloudFormation/latest/UserGuide/aws-properties-dms-endpoint-mysqlsettings.html#cfn-dms-endpoint-mysqlsettings-secretsmanageraccessrolearn",
     "PrimitiveType": "String",
     "Required": false,
     "UpdateType": "Mutable"
    },
    "SecretsManagerSecretId": {
     "Documentation": "http://docs.aws.amazon.com/AWSCloudFormation/latest/UserGuide/aws-properties-dms-endpoint-mysqlsettings.html#cfn-dms-endpoint-mysqlsettings-secretsmanagersecretid",
     "PrimitiveType": "String",
     "Required": false,
     "UpdateType": "Mutable"
    },
    "ServerTimezone": {
     "Documentation": "http://docs.aws.amazon.com/AWSCloudFormation/latest/UserGuide/aws-properties-dms-endpoint-mysqlsettings.html#cfn-dms-endpoint-mysqlsettings-servertimezone",
     "PrimitiveType": "String",
     "Required": false,
     "UpdateType": "Mutable"
    },
    "TargetDbType": {
     "Documentation": "http://docs.aws.amazon.com/AWSCloudFormation/latest/UserGuide/aws-properties-dms-endpoint-mysqlsettings.html#cfn-dms-endpoint-mysqlsettings-targetdbtype",
     "PrimitiveType": "String",
     "Required": false,
     "UpdateType": "Mutable"
    }
   }
  }
 },
 {
  "op": "add",
  "path": "/PropertyTypes/AWS::DMS::Endpoint.NeptuneSettings",
  "value": {
   "Documentation": "http://docs.aws.amazon.com/AWSCloudFormation/latest/UserGuide/aws-properties-dms-endpoint-neptunesettings.html",
   "Properties": {
    "ErrorRetryDuration": {
     "Documentation": "http://docs.aws.amazon.com/AWSCloudFormation/latest/UserGuide/aws-properties-dms-endpoint-neptunesettings.html#cfn-dms-endpoint-neptunesettings-errorretryduration",
     "PrimitiveType": "Integer",
     "Required": false,
     "UpdateType": "Mutable"
    },
    "IamAuthEnabled": {
     "Documentation": "http://docs.aws.amazon.com/AWSCloudFormation/latest/UserGuide/aws-properties-dms-endpoint-neptunesettings.html#cfn-dms-endpoint-neptunesettings-iamauthenabled",
     "PrimitiveType": "Boolean",
     "Required": false,
     "UpdateType": "Mutable"
    },
    "MaxFileSize": {
     "Documentation": "http://docs.aws.amazon.com/AWSCloudFormation/latest/UserGuide/aws-properties-dms-endpoint-neptunesettings.html#cfn-dms-endpoint-neptunesettings-maxfilesize",
     "PrimitiveType": "Integer",
     "Required": false,
     "UpdateType": "Mutable"
    },
    "MaxRetryCount": {
     "Documentation": "http://docs.aws.amazon.com/AWSCloudFormation/latest/UserGuide/aws-properties-dms-endpoint-neptunesettings.html#cfn-dms-endpoint-neptunesettings-maxretrycount",
     "PrimitiveType": "Integer",
     "Required": false,
     "UpdateType": "Mutable"
    },
    "S3BucketFolder": {
     "Documentation": "http://docs.aws.amazon.com/AWSCloudFormation/latest/UserGuide/aws-properties-dms-endpoint-neptunesettings.html#cfn-dms-endpoint-neptunesettings-s3bucketfolder",
     "PrimitiveType": "String",
     "Required": false,
     "UpdateType": "Mutable"
    },
    "S3BucketName": {
     "Documentation": "http://docs.aws.amazon.com/AWSCloudFormation/latest/UserGuide/aws-properties-dms-endpoint-neptunesettings.html#cfn-dms-endpoint-neptunesettings-s3bucketname",
     "PrimitiveType": "String",
     "Required": false,
     "UpdateType": "Mutable"
    },
    "ServiceAccessRoleArn": {
     "Documentation": "http://docs.aws.amazon.com/AWSCloudFormation/latest/UserGuide/aws-properties-dms-endpoint-neptunesettings.html#cfn-dms-endpoint-neptunesettings-serviceaccessrolearn",
     "PrimitiveType": "String",
     "Required": false,
     "UpdateType": "Mutable"
    }
   }
  }
 },
 {
  "op": "add",
  "path": "/PropertyTypes/AWS::DMS::Endpoint.OracleSettings",
  "value": {
   "Documentation": "http://docs.aws.amazon.com/AWSCloudFormation/latest/UserGuide/aws-properties-dms-endpoint-oraclesettings.html",
   "Properties": {
    "AccessAlternateDirectly": {
     "Documentation": "http://docs.aws.amazon.com/AWSCloudFormation/latest/UserGuide/aws-properties-dms-endpoint-oraclesettings.html#cfn-dms-endpoint-oraclesettings-accessalternatedirectly",
     "PrimitiveType": "Boolean",
     "Required": false,
     "UpdateType": "Mutable"
    },
    "AddSupplementalLogging": {
     "Documentation": "http://docs.aws.amazon.com/AWSCloudFormation/latest/UserGuide/aws-properties-dms-endpoint-oraclesettings.html#cfn-dms-endpoint-oraclesettings-addsupplementallogging",
     "PrimitiveType": "Boolean",
     "Required": false,
     "UpdateType": "Mutable"
    },
    "AdditionalArchivedLogDestId": {
     "Documentation": "http://docs.aws.amazon.com/AWSCloudFormation/latest/UserGuide/aws-properties-dms-endpoint-oraclesettings.html#cfn-dms-endpoint-oraclesettings-additionalarchivedlogdestid",
     "PrimitiveType": "Integer",
     "Required": false,
     "UpdateType": "Mutable"
    },
    "AllowSelectNestedTables": {
     "Documentation": "http://docs.aws.amazon.com/AWSCloudFormation/latest/UserGuide/aws-properties-dms-endpoint-oraclesettings.html#cfn-dms-endpoint-oraclesettings-allowselectnestedtables",
     "PrimitiveType": "Boolean",
     "Required": false,
     "UpdateType": "Mutable"
    },
    "ArchivedLogDestId": {
     "Documentation": "http://docs.aws.amazon.com/AWSCloudFormation/latest/UserGuide/aws-properties-dms-endpoint-oraclesettings.html#cfn-dms-endpoint-oraclesettings-archivedlogdestid",
     "PrimitiveType": "Integer",
     "Required": false,
     "UpdateType": "Mutable"
    },
    "ArchivedLogsOnly": {
     "Documentation": "http://docs.aws.amazon.com/AWSCloudFormation/latest/UserGuide/aws-properties-dms-endpoint-oraclesettings.html#cfn-dms-endpoint-oraclesettings-archivedlogsonly",
     "PrimitiveType": "Boolean",
     "Required": false,
     "UpdateType": "Mutable"
    },
    "AsmPassword": {
     "Documentation": "http://docs.aws.amazon.com/AWSCloudFormation/latest/UserGuide/aws-properties-dms-endpoint-oraclesettings.html#cfn-dms-endpoint-oraclesettings-asmpassword",
     "PrimitiveType": "String",
     "Required": false,
     "UpdateType": "Mutable"
    },
    "AsmServer": {
     "Documentation": "http://docs.aws.amazon.com/AWSCloudFormation/latest/UserGuide/aws-properties-dms-endpoint-oraclesettings.html#cfn-dms-endpoint-oraclesettings-asmserver",
     "PrimitiveType": "String",
     "Required": false,
     "UpdateType": "Mutable"
    },
    "AsmUser": {
     "Documentation": "http://docs.aws.amazon.com/AWSCloudFormation/latest/UserGuide/aws-properties-dms-endpoint-oraclesettings.html#cfn-dms-endpoint-oraclesettings-asmuser",
     "PrimitiveType": "String",
     "Required": false,
     "UpdateType": "Mutable"
    },
    "CharLengthSemantics": {
     "Documentation": "http://docs.aws.amazon.com/AWSCloudFormation/latest/UserGuide/aws-properties-dms-endpoint-oraclesettings.html#cfn-dms-endpoint-oraclesettings-charlengthsemantics",
     "PrimitiveType": "String",
     "Required": false,
     "UpdateType": "Mutable"
    },
    "DirectPathNoLog": {
     "Documentation": "http://docs.aws.amazon.com/AWSCloudFormation/latest/UserGuide/aws-properties-dms-endpoint-oraclesettings.html#cfn-dms-endpoint-oraclesettings-directpathnolog",
     "PrimitiveType": "Boolean",
     "Required": false,
     "UpdateType": "Mutable"
    },
    "DirectPathParallelLoad": {
     "Documentation": "http://docs.aws.amazon.com/AWSCloudFormation/latest/UserGuide/aws-properties-dms-endpoint-oraclesettings.html#cfn-dms-endpoint-oraclesettings-directpathparallelload",
     "PrimitiveType": "Boolean",
     "Required": false,
     "UpdateType": "Mutable"
    },
    "EnableHomogenousTablespace": {
     "Documentation": "http://docs.aws.amazon.com/AWSCloudFormation/latest/UserGuide/aws-properties-dms-endpoint-oraclesettings.html#cfn-dms-endpoint-oraclesettings-enablehomogenoustablespace",
     "PrimitiveType": "Boolean",
     "Required": false,
     "UpdateType": "Mutable"
    },
    "ExtraArchivedLogDestIds": {
     "Documentation": "http://docs.aws.amazon.com/AWSCloudFormation/latest/UserGuide/aws-properties-dms-endpoint-oraclesettings.html#cfn-dms-endpoint-oraclesettings-extraarchivedlogdestids",
     "PrimitiveItemType": "Integer",
     "Required": false,
     "Type": "List",
     "UpdateType": "Mutable"
    },
    "FailTasksOnLobTruncation": {
     "Documentation": "http://docs.aws.amazon.com/AWSCloudFormation/latest/UserGuide/aws-properties-dms-endpoint-oraclesettings.html#cfn-dms-endpoint-oraclesettings-failtasksonlobtruncation",
     "PrimitiveType": "Boolean",
     "Required": false,
     "UpdateType": "Mutable"
    },
    "NumberDatatypeScale": {
     "Documentation": "http://docs.aws.amazon.com/AWSCloudFormation/latest/UserGuide/aws-properties-dms-endpoint-oraclesettings.html#cfn-dms-endpoint-oraclesettings-numberdatatypescale",
     "PrimitiveType": "Integer",
     "Required": false,
     "UpdateType": "Mutable"
    },
    "OraclePathPrefix": {
     "Documentation": "http://docs.aws.amazon.com/AWSCloudFormation/latest/UserGuide/aws-properties-dms-endpoint-oraclesettings.html#cfn-dms-endpoint-oraclesettings-oraclepathprefix",
     "PrimitiveType": "String",
     "Required": false,
     "UpdateType": "Mutable"
    },
    "ParallelAsmReadThreads": {
     "Documentation": "http://docs.aws.amazon.com/AWSCloudFormation/latest/UserGuide/aws-properties-dms-endpoint-oraclesettings.html#cfn-dms-endpoint-oraclesettings-parallelasmreadthreads",
     "PrimitiveType": "Integer",
     "Required": false,
     "UpdateType": "Mutable"
    },
    "ReadAheadBlocks": {
     "Documentation": "http://docs.aws.amazon.com/AWSCloudFormation/latest/UserGuide/aws-properties-dms-endpoint-oraclesettings.html#cfn-dms-endpoint-oraclesettings-readaheadblocks",
     "PrimitiveType": "Integer",
     "Required": false,
     "UpdateType": "Mutable"
    },
    "ReadTableSpaceName": {
     "Documentation": "http://docs.aws.amazon.com/AWSCloudFormation/latest/UserGuide/aws-properties-dms-endpoint-oraclesettings.html#cfn-dms-endpoint-oraclesettings-readtablespacename",
     "PrimitiveType": "Boolean",
     "Required": false,
     "UpdateType": "Mutable"
    },
    "ReplacePathPrefix": {
     "Documentation": "http://docs.aws.amazon.com/AWSCloudFormation/latest/UserGuide/aws-properties-dms-endpoint-oraclesettings.html#cfn-dms-endpoint-oraclesettings-replacepathprefix",
     "PrimitiveType": "Boolean",
     "Required": false,
     "UpdateType": "Mutable"
    },
    "RetryInterval": {
     "Documentation": "http://docs.aws.amazon.com/AWSCloudFormation/latest/UserGuide/aws-properties-dms-endpoint-oraclesettings.html#cfn-dms-endpoint-oraclesettings-retryinterval",
     "PrimitiveType": "Integer",
     "Required": false,
     "UpdateType": "Mutable"
    },
    "SecretsManagerAccessRoleArn": {
     "Documentation": "http://docs.aws.amazon.com/AWSCloudFormation/latest/UserGuide/aws-properties-dms-endpoint-oraclesettings.html#cfn-dms-endpoint-oraclesettings-secretsmanageraccessrolearn",
     "PrimitiveType": "String",
     "Required": false,
     "UpdateType": "Mutable"
    },
    "SecretsManagerOracleAsmAccessRoleArn": {
     "Documentation": "http://docs.aws.amazon.com/AWSCloudFormation/latest/UserGuide/aws-properties-dms-endpoint-oraclesettings.html#cfn-dms-endpoint-oraclesettings-secretsmanageroracleasmaccessrolearn",
     "PrimitiveType": "String",
     "Required": false,
     "UpdateType": "Mutable"
    },
    "SecretsManagerOracleAsmSecretId": {
     "Documentation": "http://docs.aws.amazon.com/AWSCloudFormation/latest/UserGuide/aws-properties-dms-endpoint-oraclesettings.html#cfn-dms-endpoint-oraclesettings-secretsmanageroracleasmsecretid",
     "PrimitiveType": "String",
     "Required": false,
     "UpdateType": "Mutable"
    },
    "SecretsManagerSecretId": {
     "Documentation": "http://docs.aws.amazon.com/AWSCloudFormation/latest/UserGuide/aws-properties-dms-endpoint-oraclesettings.html#cfn-dms-endpoint-oraclesettings-secretsmanagersecretid",
     "PrimitiveType": "String",
     "Required": false,
     "UpdateType": "Mutable"
    },
    "SecurityDbEncryption": {
     "Documentation": "http://docs.aws.amazon.com/AWSCloudFormation/latest/UserGuide/aws-properties-dms-endpoint-oraclesettings.html#cfn-dms-endpoint-oraclesettings-securitydbencryption",
     "PrimitiveType": "String",
     "Required": false,
     "UpdateType": "Mutable"
    },
    "SecurityDbEncryptionName": {
     "Documentation": "http://docs.aws.amazon.com/AWSCloudFormation/latest/UserGuide/aws-properties-dms-endpoint-oraclesettings.html#cfn-dms-endpoint-oraclesettings-securitydbencryptionname",
     "PrimitiveType": "String",
     "Required": false,
     "UpdateType": "Mutable"
    },
    "SpatialDataOptionToGeoJsonFunctionName": {
     "Documentation": "http://docs.aws.amazon.com/AWSCloudFormation/latest/UserGuide/aws-properties-dms-endpoint-oraclesettings.html#cfn-dms-endpoint-oraclesettings-spatialdataoptiontogeojsonfunctionname",
     "PrimitiveType": "String",
     "Required": false,
     "UpdateType": "Mutable"
    },
    "StandbyDelayTime": {
     "Documentation": "http://docs.aws.amazon.com/AWSCloudFormation/latest/UserGuide/aws-properties-dms-endpoint-oraclesettings.html#cfn-dms-endpoint-oraclesettings-standbydelaytime",
     "PrimitiveType": "Integer",
     "Required": false,
     "UpdateType": "Mutable"
    },
    "UseAlternateFolderForOnline": {
     "Documentation": "http://docs.aws.amazon.com/AWSCloudFormation/latest/UserGuide/aws-properties-dms-endpoint-oraclesettings.html#cfn-dms-endpoint-oraclesettings-usealternatefolderforonline",
     "PrimitiveType": "Boolean",
     "Required": false,
     "UpdateType": "Mutable"
    },
    "UseBFile": {
     "Documentation": "http://docs.aws.amazon.com/AWSCloudFormation/latest/UserGuide/aws-properties-dms-endpoint-oraclesettings.html#cfn-dms-endpoint-oraclesettings-usebfile",
     "PrimitiveType": "Boolean",
     "Required": false,
     "UpdateType": "Mutable"
    },
    "UseDirectPathFullLoad": {
     "Documentation": "http://docs.aws.amazon.com/AWSCloudFormation/latest/UserGuide/aws-properties-dms-endpoint-oraclesettings.html#cfn-dms-endpoint-oraclesettings-usedirectpathfullload",
     "PrimitiveType": "Boolean",
     "Required": false,
     "UpdateType": "Mutable"
    },
    "UseLogminerReader": {
     "Documentation": "http://docs.aws.amazon.com/AWSCloudFormation/latest/UserGuide/aws-properties-dms-endpoint-oraclesettings.html#cfn-dms-endpoint-oraclesettings-uselogminerreader",
     "PrimitiveType": "Boolean",
     "Required": false,
     "UpdateType": "Mutable"
    },
    "UsePathPrefix": {
     "Documentation": "http://docs.aws.amazon.com/AWSCloudFormation/latest/UserGuide/aws-properties-dms-endpoint-oraclesettings.html#cfn-dms-endpoint-oraclesettings-usepathprefix",
     "PrimitiveType": "String",
     "Required": false,
     "UpdateType": "Mutable"
    }
   }
  }
 },
 {
  "op": "add",
  "path": "/PropertyTypes/AWS::DMS::Endpoint.PostgreSqlSettings",
  "value": {
   "Documentation": "http://docs.aws.amazon.com/AWSCloudFormation/latest/UserGuide/aws-properties-dms-endpoint-postgresqlsettings.html",
   "Properties": {
    "AfterConnectScript": {
     "Documentation": "http://docs.aws.amazon.com/AWSCloudFormation/latest/UserGuide/aws-properties-dms-endpoint-postgresqlsettings.html#cfn-dms-endpoint-postgresqlsettings-afterconnectscript",
     "PrimitiveType": "String",
     "Required": false,
     "UpdateType": "Mutable"
    },
    "CaptureDdls": {
     "Documentation": "http://docs.aws.amazon.com/AWSCloudFormation/latest/UserGuide/aws-properties-dms-endpoint-postgresqlsettings.html#cfn-dms-endpoint-postgresqlsettings-captureddls",
     "PrimitiveType": "Boolean",
     "Required": false,
     "UpdateType": "Mutable"
    },
    "DdlArtifactsSchema": {
     "Documentation": "http://docs.aws.amazon.com/AWSCloudFormation/latest/UserGuide/aws-properties-dms-endpoint-postgresqlsettings.html#cfn-dms-endpoint-postgresqlsettings-ddlartifactsschema",
     "PrimitiveType": "String",
     "Required": false,
     "UpdateType": "Mutable"
    },
    "ExecuteTimeout": {
     "Documentation": "http://docs.aws.amazon.com/AWSCloudFormation/latest/UserGuide/aws-properties-dms-endpoint-postgresqlsettings.html#cfn-dms-endpoint-postgresqlsettings-executetimeout",
     "PrimitiveType": "Integer",
     "Required": false,
     "UpdateType": "Mutable"
    },
    "FailTasksOnLobTruncation": {
     "Documentation": "http://docs.aws.amazon.com/AWSCloudFormation/latest/UserGuide/aws-properties-dms-endpoint-postgresqlsettings.html#cfn-dms-endpoint-postgresqlsettings-failtasksonlobtruncation",
     "PrimitiveType": "Boolean",
     "Required": false,
     "UpdateType": "Mutable"
    },
    "HeartbeatEnable": {
     "Documentation": "http://docs.aws.amazon.com/AWSCloudFormation/latest/UserGuide/aws-properties-dms-endpoint-postgresqlsettings.html#cfn-dms-endpoint-postgresqlsettings-heartbeatenable",
     "PrimitiveType": "Boolean",
     "Required": false,
     "UpdateType": "Mutable"
    },
    "HeartbeatFrequency": {
     "Documentation": "http://docs.aws.amazon.com/AWSCloudFormation/latest/UserGuide/aws-properties-dms-endpoint-postgresqlsettings.html#cfn-dms-endpoint-postgresqlsettings-heartbeatfrequency",
     "PrimitiveType": "Integer",
     "Required": false,
     "UpdateType": "Mutable"
    },
    "HeartbeatSchema": {
     "Documentation": "http://docs.aws.amazon.com/AWSCloudFormation/latest/UserGuide/aws-properties-dms-endpoint-postgresqlsettings.html#cfn-dms-endpoint-postgresqlsettings-heartbeatschema",
     "PrimitiveType": "String",
     "Required": false,
     "UpdateType": "Mutable"
    },
    "MaxFileSize": {
     "Documentation": "http://docs.aws.amazon.com/AWSCloudFormation/latest/UserGuide/aws-properties-dms-endpoint-postgresqlsettings.html#cfn-dms-endpoint-postgresqlsettings-maxfilesize",
     "PrimitiveType": "Integer",
     "Required": false,
     "UpdateType": "Mutable"
    },
    "PluginName": {
     "Documentation": "http://docs.aws.amazon.com/AWSCloudFormation/latest/UserGuide/aws-properties-dms-endpoint-postgresqlsettings.html#cfn-dms-endpoint-postgresqlsettings-pluginname",
     "PrimitiveType": "String",
     "Required": false,
     "UpdateType": "Mutable"
    },
    "SecretsManagerAccessRoleArn": {
     "Documentation": "http://docs.aws.amazon.com/AWSCloudFormation/latest/UserGuide/aws-properties-dms-endpoint-postgresqlsettings.html#cfn-dms-endpoint-postgresqlsettings-secretsmanageraccessrolearn",
     "PrimitiveType": "String",
     "Required": false,
     "UpdateType": "Mutable"
    },
    "SecretsManagerSecretId": {
     "Documentation": "http://docs.aws.amazon.com/AWSCloudFormation/latest/UserGuide/aws-properties-dms-endpoint-postgresqlsettings.html#cfn-dms-endpoint-postgresqlsettings-secretsmanagersecretid",
     "PrimitiveType": "String",
     "Required": false,
     "UpdateType": "Mutable"
    },
    "SlotName": {
     "Documentation": "http://docs.aws.amazon.com/AWSCloudFormation/latest/UserGuide/aws-properties-dms-endpoint-postgresqlsettings.html#cfn-dms-endpoint-postgresqlsettings-slotname",
     "PrimitiveType": "String",
     "Required": false,
     "UpdateType": "Mutable"
    }
   }
  }
 },
 {
  "op": "add",
  "path": "/PropertyTypes/AWS::DMS::Endpoint.RedisSettings",
  "value": {
   "Documentation": "http://docs.aws.amazon.com/AWSCloudFormation/latest/UserGuide/aws-properties-dms-endpoint-redissettings.html",
   "Properties": {
    "AuthPassword": {
     "Documentation": "http://docs.aws.amazon.com/AWSCloudFormation/latest/UserGuide/aws-properties-dms-endpoint-redissettings.html#cfn-dms-endpoint-redissettings-authpassword",
     "PrimitiveType": "String",
     "Required": false,
     "UpdateType": "Mutable"
    },
    "AuthType": {
     "Documentation": "http://docs.aws.amazon.com/AWSCloudFormation/latest/UserGuide/aws-properties-dms-endpoint-redissettings.html#cfn-dms-endpoint-redissettings-authtype",
     "PrimitiveType": "String",
     "Required": false,
     "UpdateType": "Mutable"
    },
    "AuthUserName": {
     "Documentation": "http://docs.aws.amazon.com/AWSCloudFormation/latest/UserGuide/aws-properties-dms-endpoint-redissettings.html#cfn-dms-endpoint-redissettings-authusername",
     "PrimitiveType": "String",
     "Required": false,
     "UpdateType": "Mutable"
    },
    "Port": {
     "Documentation": "http://docs.aws.amazon.com/AWSCloudFormation/latest/UserGuide/aws-properties-dms-endpoint-redissettings.html#cfn-dms-endpoint-redissettings-port",
     "PrimitiveType": "Double",
     "Required": false,
     "UpdateType": "Mutable"
    },
    "ServerName": {
     "Documentation": "http://docs.aws.amazon.com/AWSCloudFormation/latest/UserGuide/aws-properties-dms-endpoint-redissettings.html#cfn-dms-endpoint-redissettings-servername",
     "PrimitiveType": "String",
     "Required": false,
     "UpdateType": "Mutable"
    },
    "SslCaCertificateArn": {
     "Documentation": "http://docs.aws.amazon.com/AWSCloudFormation/latest/UserGuide/aws-properties-dms-endpoint-redissettings.html#cfn-dms-endpoint-redissettings-sslcacertificatearn",
     "PrimitiveType": "String",
     "Required": false,
     "UpdateType": "Mutable"
    },
    "SslSecurityProtocol": {
     "Documentation": "http://docs.aws.amazon.com/AWSCloudFormation/latest/UserGuide/aws-properties-dms-endpoint-redissettings.html#cfn-dms-endpoint-redissettings-sslsecurityprotocol",
     "PrimitiveType": "String",
     "Required": false,
     "UpdateType": "Mutable"
    }
   }
  }
 },
 {
  "op": "add",
  "path": "/PropertyTypes/AWS::DMS::Endpoint.RedshiftSettings",
  "value": {
   "Documentation": "http://docs.aws.amazon.com/AWSCloudFormation/latest/UserGuide/aws-properties-dms-endpoint-redshiftsettings.html",
   "Properties": {
    "AcceptAnyDate": {
     "Documentation": "http://docs.aws.amazon.com/AWSCloudFormation/latest/UserGuide/aws-properties-dms-endpoint-redshiftsettings.html#cfn-dms-endpoint-redshiftsettings-acceptanydate",
     "PrimitiveType": "Boolean",
     "Required": false,
     "UpdateType": "Mutable"
    },
    "AfterConnectScript": {
     "Documentation": "http://docs.aws.amazon.com/AWSCloudFormation/latest/UserGuide/aws-properties-dms-endpoint-redshiftsettings.html#cfn-dms-endpoint-redshiftsettings-afterconnectscript",
     "PrimitiveType": "String",
     "Required": false,
     "UpdateType": "Mutable"
    },
    "BucketFolder": {
     "Documentation": "http://docs.aws.amazon.com/AWSCloudFormation/latest/UserGuide/aws-properties-dms-endpoint-redshiftsettings.html#cfn-dms-endpoint-redshiftsettings-bucketfolder",
     "PrimitiveType": "String",
     "Required": false,
     "UpdateType": "Mutable"
    },
    "BucketName": {
     "Documentation": "http://docs.aws.amazon.com/AWSCloudFormation/latest/UserGuide/aws-properties-dms-endpoint-redshiftsettings.html#cfn-dms-endpoint-redshiftsettings-bucketname",
     "PrimitiveType": "String",
     "Required": false,
     "UpdateType": "Mutable"
    },
    "CaseSensitiveNames": {
     "Documentation": "http://docs.aws.amazon.com/AWSCloudFormation/latest/UserGuide/aws-properties-dms-endpoint-redshiftsettings.html#cfn-dms-endpoint-redshiftsettings-casesensitivenames",
     "PrimitiveType": "Boolean",
     "Required": false,
     "UpdateType": "Mutable"
    },
    "CompUpdate": {
     "Documentation": "http://docs.aws.amazon.com/AWSCloudFormation/latest/UserGuide/aws-properties-dms-endpoint-redshiftsettings.html#cfn-dms-endpoint-redshiftsettings-compupdate",
     "PrimitiveType": "Boolean",
     "Required": false,
     "UpdateType": "Mutable"
    },
    "ConnectionTimeout": {
     "Documentation": "http://docs.aws.amazon.com/AWSCloudFormation/latest/UserGuide/aws-properties-dms-endpoint-redshiftsettings.html#cfn-dms-endpoint-redshiftsettings-connectiontimeout",
     "PrimitiveType": "Integer",
     "Required": false,
     "UpdateType": "Mutable"
    },
    "DateFormat": {
     "Documentation": "http://docs.aws.amazon.com/AWSCloudFormation/latest/UserGuide/aws-properties-dms-endpoint-redshiftsettings.html#cfn-dms-endpoint-redshiftsettings-dateformat",
     "PrimitiveType": "String",
     "Required": false,
     "UpdateType": "Mutable"
    },
    "EmptyAsNull": {
     "Documentation": "http://docs.aws.amazon.com/AWSCloudFormation/latest/UserGuide/aws-properties-dms-endpoint-redshiftsettings.html#cfn-dms-endpoint-redshiftsettings-emptyasnull",
     "PrimitiveType": "Boolean",
     "Required": false,
     "UpdateType": "Mutable"
    },
    "EncryptionMode": {
     "Documentation": "http://docs.aws.amazon.com/AWSCloudFormation/latest/UserGuide/aws-properties-dms-endpoint-redshiftsettings.html#cfn-dms-endpoint-redshiftsettings-encryptionmode",
     "PrimitiveType": "String",
     "Required": false,
     "UpdateType": "Mutable"
    },
    "ExplicitIds": {
     "Documentation": "http://docs.aws.amazon.com/AWSCloudFormation/latest/UserGuide/aws-properties-dms-endpoint-redshiftsettings.html#cfn-dms-endpoint-redshiftsettings-explicitids",
     "PrimitiveType": "Boolean",
     "Required": false,
     "UpdateType": "Mutable"
    },
    "FileTransferUploadStreams": {
     "Documentation": "http://docs.aws.amazon.com/AWSCloudFormation/latest/UserGuide/aws-properties-dms-endpoint-redshiftsettings.html#cfn-dms-endpoint-redshiftsettings-filetransferuploadstreams",
     "PrimitiveType": "Integer",
     "Required": false,
     "UpdateType": "Mutable"
    },
    "LoadTimeout": {
     "Documentation": "http://docs.aws.amazon.com/AWSCloudFormation/latest/UserGuide/aws-properties-dms-endpoint-redshiftsettings.html#cfn-dms-endpoint-redshiftsettings-loadtimeout",
     "PrimitiveType": "Integer",
     "Required": false,
     "UpdateType": "Mutable"
    },
    "MaxFileSize": {
     "Documentation": "http://docs.aws.amazon.com/AWSCloudFormation/latest/UserGuide/aws-properties-dms-endpoint-redshiftsettings.html#cfn-dms-endpoint-redshiftsettings-maxfilesize",
     "PrimitiveType": "Integer",
     "Required": false,
     "UpdateType": "Mutable"
    },
    "RemoveQuotes": {
     "Documentation": "http://docs.aws.amazon.com/AWSCloudFormation/latest/UserGuide/aws-properties-dms-endpoint-redshiftsettings.html#cfn-dms-endpoint-redshiftsettings-removequotes",
     "PrimitiveType": "Boolean",
     "Required": false,
     "UpdateType": "Mutable"
    },
    "ReplaceChars": {
     "Documentation": "http://docs.aws.amazon.com/AWSCloudFormation/latest/UserGuide/aws-properties-dms-endpoint-redshiftsettings.html#cfn-dms-endpoint-redshiftsettings-replacechars",
     "PrimitiveType": "String",
     "Required": false,
     "UpdateType": "Mutable"
    },
    "ReplaceInvalidChars": {
     "Documentation": "http://docs.aws.amazon.com/AWSCloudFormation/latest/UserGuide/aws-properties-dms-endpoint-redshiftsettings.html#cfn-dms-endpoint-redshiftsettings-replaceinvalidchars",
     "PrimitiveType": "String",
     "Required": false,
     "UpdateType": "Mutable"
    },
    "SecretsManagerAccessRoleArn": {
     "Documentation": "http://docs.aws.amazon.com/AWSCloudFormation/latest/UserGuide/aws-properties-dms-endpoint-redshiftsettings.html#cfn-dms-endpoint-redshiftsettings-secretsmanageraccessrolearn",
     "PrimitiveType": "String",
     "Required": false,
     "UpdateType": "Mutable"
    },
    "SecretsManagerSecretId": {
     "Documentation": "http://docs.aws.amazon.com/AWSCloudFormation/latest/UserGuide/aws-properties-dms-endpoint-redshiftsettings.html#cfn-dms-endpoint-redshiftsettings-secretsmanagersecretid",
     "PrimitiveType": "String",
     "Required": false,
     "UpdateType": "Mutable"
    },
    "ServerSideEncryptionKmsKeyId": {
     "Documentation": "http://docs.aws.amazon.com/AWSCloudFormation/latest/UserGuide/aws-properties-dms-endpoint-redshiftsettings.html#cfn-dms-endpoint-redshiftsettings-serversideencryptionkmskeyid",
     "PrimitiveType": "String",
     "Required": false,
     "UpdateType": "Mutable"
    },
    "ServiceAccessRoleArn": {
     "Documentation": "http://docs.aws.amazon.com/AWSCloudFormation/latest/UserGuide/aws-properties-dms-endpoint-redshiftsettings.html#cfn-dms-endpoint-redshiftsettings-serviceaccessrolearn",
     "PrimitiveType": "String",
     "Required": false,
     "UpdateType": "Mutable"
    },
    "TimeFormat": {
     "Documentation": "http://docs.aws.amazon.com/AWSCloudFormation/latest/UserGuide/aws-properties-dms-endpoint-redshiftsettings.html#cfn-dms-endpoint-redshiftsettings-timeformat",
     "PrimitiveType": "String",
     "Required": false,
     "UpdateType": "Mutable"
    },
    "TrimBlanks": {
     "Documentation": "http://docs.aws.amazon.com/AWSCloudFormation/latest/UserGuide/aws-properties-dms-endpoint-redshiftsettings.html#cfn-dms-endpoint-redshiftsettings-trimblanks",
     "PrimitiveType": "Boolean",
     "Required": false,
     "UpdateType": "Mutable"
    },
    "TruncateColumns": {
     "Documentation": "http://docs.aws.amazon.com/AWSCloudFormation/latest/UserGuide/aws-properties-dms-endpoint-redshiftsettings.html#cfn-dms-endpoint-redshiftsettings-truncatecolumns",
     "PrimitiveType": "Boolean",
     "Required": false,
     "UpdateType": "Mutable"
    },
    "WriteBufferSize": {
     "Documentation": "http://docs.aws.amazon.com/AWSCloudFormation/latest/UserGuide/aws-properties-dms-endpoint-redshiftsettings.html#cfn-dms-endpoint-redshiftsettings-writebuffersize",
     "PrimitiveType": "Integer",
     "Required": false,
     "UpdateType": "Mutable"
    }
   }
  }
 },
 {
  "op": "add",
  "path": "/PropertyTypes/AWS::DMS::Endpoint.S3Settings",
  "value": {
   "Documentation": "http://docs.aws.amazon.com/AWSCloudFormation/latest/UserGuide/aws-properties-dms-endpoint-s3settings.html",
   "Properties": {
    "AddColumnName": {
     "Documentation": "http://docs.aws.amazon.com/AWSCloudFormation/latest/UserGuide/aws-properties-dms-endpoint-s3settings.html#cfn-dms-endpoint-s3settings-addcolumnname",
     "PrimitiveType": "Boolean",
     "Required": false,
     "UpdateType": "Mutable"
    },
    "BucketFolder": {
     "Documentation": "http://docs.aws.amazon.com/AWSCloudFormation/latest/UserGuide/aws-properties-dms-endpoint-s3settings.html#cfn-dms-endpoint-s3settings-bucketfolder",
     "PrimitiveType": "String",
     "Required": false,
     "UpdateType": "Mutable"
    },
    "BucketName": {
     "Documentation": "http://docs.aws.amazon.com/AWSCloudFormation/latest/UserGuide/aws-properties-dms-endpoint-s3settings.html#cfn-dms-endpoint-s3settings-bucketname",
     "PrimitiveType": "String",
     "Required": false,
     "UpdateType": "Mutable"
    },
    "CannedAclForObjects": {
     "Documentation": "http://docs.aws.amazon.com/AWSCloudFormation/latest/UserGuide/aws-properties-dms-endpoint-s3settings.html#cfn-dms-endpoint-s3settings-cannedaclforobjects",
     "PrimitiveType": "String",
     "Required": false,
     "UpdateType": "Mutable"
    },
    "CdcInsertsAndUpdates": {
     "Documentation": "http://docs.aws.amazon.com/AWSCloudFormation/latest/UserGuide/aws-properties-dms-endpoint-s3settings.html#cfn-dms-endpoint-s3settings-cdcinsertsandupdates",
     "PrimitiveType": "Boolean",
     "Required": false,
     "UpdateType": "Mutable"
    },
    "CdcInsertsOnly": {
     "Documentation": "http://docs.aws.amazon.com/AWSCloudFormation/latest/UserGuide/aws-properties-dms-endpoint-s3settings.html#cfn-dms-endpoint-s3settings-cdcinsertsonly",
     "PrimitiveType": "Boolean",
     "Required": false,
     "UpdateType": "Mutable"
    },
    "CdcMaxBatchInterval": {
     "Documentation": "http://docs.aws.amazon.com/AWSCloudFormation/latest/UserGuide/aws-properties-dms-endpoint-s3settings.html#cfn-dms-endpoint-s3settings-cdcmaxbatchinterval",
     "PrimitiveType": "Integer",
     "Required": false,
     "UpdateType": "Mutable"
    },
    "CdcMinFileSize": {
     "Documentation": "http://docs.aws.amazon.com/AWSCloudFormation/latest/UserGuide/aws-properties-dms-endpoint-s3settings.html#cfn-dms-endpoint-s3settings-cdcminfilesize",
     "PrimitiveType": "Integer",
     "Required": false,
     "UpdateType": "Mutable"
    },
    "CdcPath": {
     "Documentation": "http://docs.aws.amazon.com/AWSCloudFormation/latest/UserGuide/aws-properties-dms-endpoint-s3settings.html#cfn-dms-endpoint-s3settings-cdcpath",
     "PrimitiveType": "String",
     "Required": false,
     "UpdateType": "Mutable"
    },
    "CompressionType": {
     "Documentation": "http://docs.aws.amazon.com/AWSCloudFormation/latest/UserGuide/aws-properties-dms-endpoint-s3settings.html#cfn-dms-endpoint-s3settings-compressiontype",
     "PrimitiveType": "String",
     "Required": false,
     "UpdateType": "Mutable"
    },
    "CsvDelimiter": {
     "Documentation": "http://docs.aws.amazon.com/AWSCloudFormation/latest/UserGuide/aws-properties-dms-endpoint-s3settings.html#cfn-dms-endpoint-s3settings-csvdelimiter",
     "PrimitiveType": "String",
     "Required": false,
     "UpdateType": "Mutable"
    },
    "CsvNoSupValue": {
     "Documentation": "http://docs.aws.amazon.com/AWSCloudFormation/latest/UserGuide/aws-properties-dms-endpoint-s3settings.html#cfn-dms-endpoint-s3settings-csvnosupvalue",
     "PrimitiveType": "String",
     "Required": false,
     "UpdateType": "Mutable"
    },
    "CsvNullValue": {
     "Documentation": "http://docs.aws.amazon.com/AWSCloudFormation/latest/UserGuide/aws-properties-dms-endpoint-s3settings.html#cfn-dms-endpoint-s3settings-csvnullvalue",
     "PrimitiveType": "String",
     "Required": false,
     "UpdateType": "Mutable"
    },
    "CsvRowDelimiter": {
     "Documentation": "http://docs.aws.amazon.com/AWSCloudFormation/latest/UserGuide/aws-properties-dms-endpoint-s3settings.html#cfn-dms-endpoint-s3settings-csvrowdelimiter",
     "PrimitiveType": "String",
     "Required": false,
     "UpdateType": "Mutable"
    },
    "DataFormat": {
     "Documentation": "http://docs.aws.amazon.com/AWSCloudFormation/latest/UserGuide/aws-properties-dms-endpoint-s3settings.html#cfn-dms-endpoint-s3settings-dataformat",
     "PrimitiveType": "String",
     "Required": false,
     "UpdateType": "Mutable"
    },
    "DataPageSize": {
     "Documentation": "http://docs.aws.amazon.com/AWSCloudFormation/latest/UserGuide/aws-properties-dms-endpoint-s3settings.html#cfn-dms-endpoint-s3settings-datapagesize",
     "PrimitiveType": "Integer",
     "Required": false,
     "UpdateType": "Mutable"
    },
    "DatePartitionDelimiter": {
     "Documentation": "http://docs.aws.amazon.com/AWSCloudFormation/latest/UserGuide/aws-properties-dms-endpoint-s3settings.html#cfn-dms-endpoint-s3settings-datepartitiondelimiter",
     "PrimitiveType": "String",
     "Required": false,
     "UpdateType": "Mutable"
    },
    "DatePartitionEnabled": {
     "Documentation": "http://docs.aws.amazon.com/AWSCloudFormation/latest/UserGuide/aws-properties-dms-endpoint-s3settings.html#cfn-dms-endpoint-s3settings-datepartitionenabled",
     "PrimitiveType": "Boolean",
     "Required": false,
     "UpdateType": "Mutable"
    },
    "DatePartitionSequence": {
     "Documentation": "http://docs.aws.amazon.com/AWSCloudFormation/latest/UserGuide/aws-properties-dms-endpoint-s3settings.html#cfn-dms-endpoint-s3settings-datepartitionsequence",
     "PrimitiveType": "String",
     "Required": false,
     "UpdateType": "Mutable"
    },
    "DatePartitionTimezone": {
     "Documentation": "http://docs.aws.amazon.com/AWSCloudFormation/latest/UserGuide/aws-properties-dms-endpoint-s3settings.html#cfn-dms-endpoint-s3settings-datepartitiontimezone",
     "PrimitiveType": "String",
     "Required": false,
     "UpdateType": "Mutable"
    },
    "DictPageSizeLimit": {
     "Documentation": "http://docs.aws.amazon.com/AWSCloudFormation/latest/UserGuide/aws-properties-dms-endpoint-s3settings.html#cfn-dms-endpoint-s3settings-dictpagesizelimit",
     "PrimitiveType": "Integer",
     "Required": false,
     "UpdateType": "Mutable"
    },
    "EnableStatistics": {
     "Documentation": "http://docs.aws.amazon.com/AWSCloudFormation/latest/UserGuide/aws-properties-dms-endpoint-s3settings.html#cfn-dms-endpoint-s3settings-enablestatistics",
     "PrimitiveType": "Boolean",
     "Required": false,
     "UpdateType": "Mutable"
    },
    "EncodingType": {
     "Documentation": "http://docs.aws.amazon.com/AWSCloudFormation/latest/UserGuide/aws-properties-dms-endpoint-s3settings.html#cfn-dms-endpoint-s3settings-encodingtype",
     "PrimitiveType": "String",
     "Required": false,
     "UpdateType": "Mutable"
    },
    "EncryptionMode": {
     "Documentation": "http://docs.aws.amazon.com/AWSCloudFormation/latest/UserGuide/aws-properties-dms-endpoint-s3settings.html#cfn-dms-endpoint-s3settings-encryptionmode",
     "PrimitiveType": "String",
     "Required": false,
     "UpdateType": "Mutable"
    },
    "ExternalTableDefinition": {
     "Documentation": "http://docs.aws.amazon.com/AWSCloudFormation/latest/UserGuide/aws-properties-dms-endpoint-s3settings.html#cfn-dms-endpoint-s3settings-externaltabledefinition",
     "PrimitiveType": "String",
     "Required": false,
     "UpdateType": "Mutable"
    },
    "IgnoreHeaderRows": {
     "Documentation": "http://docs.aws.amazon.com/AWSCloudFormation/latest/UserGuide/aws-properties-dms-endpoint-s3settings.html#cfn-dms-endpoint-s3settings-ignoreheaderrows",
     "PrimitiveType": "Integer",
     "Required": false,
     "UpdateType": "Mutable"
    },
    "IncludeOpForFullLoad": {
     "Documentation": "http://docs.aws.amazon.com/AWSCloudFormation/latest/UserGuide/aws-properties-dms-endpoint-s3settings.html#cfn-dms-endpoint-s3settings-includeopforfullload",
     "PrimitiveType": "Boolean",
     "Required": false,
     "UpdateType": "Mutable"
    },
    "MaxFileSize": {
     "Documentation": "http://docs.aws.amazon.com/AWSCloudFormation/latest/UserGuide/aws-properties-dms-endpoint-s3settings.html#cfn-dms-endpoint-s3settings-maxfilesize",
     "PrimitiveType": "Integer",
     "Required": false,
     "UpdateType": "Mutable"
    },
    "ParquetTimestampInMillisecond": {
     "Documentation": "http://docs.aws.amazon.com/AWSCloudFormation/latest/UserGuide/aws-properties-dms-endpoint-s3settings.html#cfn-dms-endpoint-s3settings-parquettimestampinmillisecond",
     "PrimitiveType": "Boolean",
     "Required": false,
     "UpdateType": "Mutable"
    },
    "ParquetVersion": {
     "Documentation": "http://docs.aws.amazon.com/AWSCloudFormation/latest/UserGuide/aws-properties-dms-endpoint-s3settings.html#cfn-dms-endpoint-s3settings-parquetversion",
     "PrimitiveType": "String",
     "Required": false,
     "UpdateType": "Mutable"
    },
    "PreserveTransactions": {
     "Documentation": "http://docs.aws.amazon.com/AWSCloudFormation/latest/UserGuide/aws-properties-dms-endpoint-s3settings.html#cfn-dms-endpoint-s3settings-preservetransactions",
     "PrimitiveType": "Boolean",
     "Required": false,
     "UpdateType": "Mutable"
    },
    "Rfc4180": {
     "Documentation": "http://docs.aws.amazon.com/AWSCloudFormation/latest/UserGuide/aws-properties-dms-endpoint-s3settings.html#cfn-dms-endpoint-s3settings-rfc4180",
     "PrimitiveType": "Boolean",
     "Required": false,
     "UpdateType": "Mutable"
    },
    "RowGroupLength": {
     "Documentation": "http://docs.aws.amazon.com/AWSCloudFormation/latest/UserGuide/aws-properties-dms-endpoint-s3settings.html#cfn-dms-endpoint-s3settings-rowgrouplength",
     "PrimitiveType": "Integer",
     "Required": false,
     "UpdateType": "Mutable"
    },
    "ServerSideEncryptionKmsKeyId": {
     "Documentation": "http://docs.aws.amazon.com/AWSCloudFormation/latest/UserGuide/aws-properties-dms-endpoint-s3settings.html#cfn-dms-endpoint-s3settings-serversideencryptionkmskeyid",
     "PrimitiveType": "String",
     "Required": false,
     "UpdateType": "Mutable"
    },
    "ServiceAccessRoleArn": {
     "Documentation": "http://docs.aws.amazon.com/AWSCloudFormation/latest/UserGuide/aws-properties-dms-endpoint-s3settings.html#cfn-dms-endpoint-s3settings-serviceaccessrolearn",
     "PrimitiveType": "String",
     "Required": false,
     "UpdateType": "Mutable"
    },
    "TimestampColumnName": {
     "Documentation": "http://docs.aws.amazon.com/AWSCloudFormation/latest/UserGuide/aws-properties-dms-endpoint-s3settings.html#cfn-dms-endpoint-s3settings-timestampcolumnname",
     "PrimitiveType": "String",
     "Required": false,
     "UpdateType": "Mutable"
    },
    "UseCsvNoSupValue": {
     "Documentation": "http://docs.aws.amazon.com/AWSCloudFormation/latest/UserGuide/aws-properties-dms-endpoint-s3settings.html#cfn-dms-endpoint-s3settings-usecsvnosupvalue",
     "PrimitiveType": "Boolean",
     "Required": false,
     "UpdateType": "Mutable"
    },
    "UseTaskStartTimeForFullLoadTimestamp": {
     "Documentation": "http://docs.aws.amazon.com/AWSCloudFormation/latest/UserGuide/aws-properties-dms-endpoint-s3settings.html#cfn-dms-endpoint-s3settings-usetaskstarttimeforfullloadtimestamp",
     "PrimitiveType": "Boolean",
     "Required": false,
     "UpdateType": "Mutable"
    }
   }
  }
 },
 {
  "op": "add",
  "path": "/PropertyTypes/AWS::DMS::Endpoint.SybaseSettings",
  "value": {
   "Documentation": "http://docs.aws.amazon.com/AWSCloudFormation/latest/UserGuide/aws-properties-dms-endpoint-sybasesettings.html",
   "Properties": {
    "SecretsManagerAccessRoleArn": {
     "Documentation": "http://docs.aws.amazon.com/AWSCloudFormation/latest/UserGuide/aws-properties-dms-endpoint-sybasesettings.html#cfn-dms-endpoint-sybasesettings-secretsmanageraccessrolearn",
     "PrimitiveType": "String",
     "Required": false,
     "UpdateType": "Mutable"
    },
    "SecretsManagerSecretId": {
     "Documentation": "http://docs.aws.amazon.com/AWSCloudFormation/latest/UserGuide/aws-properties-dms-endpoint-sybasesettings.html#cfn-dms-endpoint-sybasesettings-secretsmanagersecretid",
     "PrimitiveType": "String",
     "Required": false,
     "UpdateType": "Mutable"
    }
   }
  }
 },
 {
  "op": "add",
  "path": "/ResourceTypes/AWS::RAM::ResourceShare",
  "value": {
   "Attributes": {
    "Arn": {
     "PrimitiveType": "String"
    }
   },
   "Documentation": "http://docs.aws.amazon.com/AWSCloudFormation/latest/UserGuide/aws-resource-ram-resourceshare.html",
   "Properties": {
    "AllowExternalPrincipals": {
     "Documentation": "http://docs.aws.amazon.com/AWSCloudFormation/latest/UserGuide/aws-resource-ram-resourceshare.html#cfn-ram-resourceshare-allowexternalprincipals",
     "PrimitiveType": "Boolean",
     "Required": false,
     "UpdateType": "Mutable"
    },
    "Name": {
     "Documentation": "http://docs.aws.amazon.com/AWSCloudFormation/latest/UserGuide/aws-resource-ram-resourceshare.html#cfn-ram-resourceshare-name",
     "PrimitiveType": "String",
     "Required": true,
     "UpdateType": "Mutable"
    },
    "PermissionArns": {
     "Documentation": "http://docs.aws.amazon.com/AWSCloudFormation/latest/UserGuide/aws-resource-ram-resourceshare.html#cfn-ram-resourceshare-permissionarns",
     "PrimitiveItemType": "String",
     "Required": false,
     "Type": "List",
     "UpdateType": "Mutable"
    },
    "Principals": {
     "Documentation": "http://docs.aws.amazon.com/AWSCloudFormation/latest/UserGuide/aws-resource-ram-resourceshare.html#cfn-ram-resourceshare-principals",
     "PrimitiveItemType": "String",
     "Required": false,
     "Type": "List",
     "UpdateType": "Mutable"
    },
    "ResourceArns": {
     "Documentation": "http://docs.aws.amazon.com/AWSCloudFormation/latest/UserGuide/aws-resource-ram-resourceshare.html#cfn-ram-resourceshare-resourcearns",
     "PrimitiveItemType": "String",
     "Required": false,
     "Type": "List",
     "UpdateType": "Mutable"
    },
    "Tags": {
     "Documentation": "http://docs.aws.amazon.com/AWSCloudFormation/latest/UserGuide/aws-resource-ram-resourceshare.html#cfn-ram-resourceshare-tags",
     "ItemType": "Tag",
     "Required": false,
     "Type": "List",
     "UpdateType": "Mutable"
    }
   }
  }
 }
]