[
 {
  "op": "add",
  "path": "/ValueTypes/Ec2InstanceType/AllowedValues",
  "value": [
   "c5.12xlarge",
   "c5.18xlarge",
   "c5.24xlarge",
   "c5.2xlarge",
   "c5.4xlarge",
   "c5.9xlarge",
   "c5.large",
   "c5.metal",
   "c5.xlarge",
   "c5a.12xlarge",
   "c5a.16xlarge",
   "c5a.24xlarge",
   "c5a.2xlarge",
   "c5a.4xlarge",
   "c5a.8xlarge",
   "c5a.large",
   "c5a.xlarge",
   "c5d.18xlarge",
   "c5d.2xlarge",
   "c5d.4xlarge",
   "c5d.9xlarge",
   "c5d.large",
   "c5d.xlarge",
   "c5n.18xlarge",
   "c5n.2xlarge",
   "c5n.4xlarge",
   "c5n.9xlarge",
   "c5n.large",
   "c5n.metal",
   "c5n.xlarge",
   "c6g.12xlarge",
   "c6g.16xlarge",
   "c6g.2xlarge",
   "c6g.4xlarge",
   "c6g.8xlarge",
   "c6g.large",
   "c6g.medium",
   "c6g.metal",
   "c6g.xlarge",
   "c6i.12xlarge",
   "c6i.16xlarge",
   "c6i.24xlarge",
   "c6i.2xlarge",
   "c6i.32xlarge",
   "c6i.4xlarge",
   "c6i.8xlarge",
   "c6i.large",
   "c6i.metal",
   "c6i.xlarge",
   "d2.2xlarge",
   "d2.4xlarge",
   "d2.8xlarge",
   "d2.xlarge",
   "g4dn.12xlarge",
   "g4dn.16xlarge",
   "g4dn.2xlarge",
   "g4dn.4xlarge",
   "g4dn.8xlarge",
   "g4dn.xlarge",
   "hpc6a.48xlarge",
   "i3.16xlarge",
   "i3.2xlarge",
   "i3.4xlarge",
   "i3.8xlarge",
   "i3.large",
   "i3.metal",
   "i3.xlarge",
   "i3en.12xlarge",
   "i3en.24xlarge",
   "i3en.2xlarge",
   "i3en.3xlarge",
   "i3en.6xlarge",
   "i3en.large",
   "i3en.metal",
   "i3en.xlarge",
   "inf1.24xlarge",
   "inf1.2xlarge",
   "inf1.6xlarge",
   "inf1.xlarge",
   "m5.12xlarge",
   "m5.16xlarge",
   "m5.24xlarge",
   "m5.2xlarge",
   "m5.4xlarge",
   "m5.8xlarge",
   "m5.large",
   "m5.metal",
   "m5.xlarge",
   "m5a.12xlarge",
   "m5a.16xlarge",
   "m5a.24xlarge",
   "m5a.2xlarge",
   "m5a.4xlarge",
   "m5a.8xlarge",
   "m5a.large",
   "m5a.xlarge",
   "m5d.12xlarge",
   "m5d.16xlarge",
   "m5d.24xlarge",
   "m5d.2xlarge",
   "m5d.4xlarge",
   "m5d.8xlarge",
   "m5d.large",
   "m5d.metal",
   "m5d.xlarge",
   "m5dn.12xlarge",
   "m5dn.16xlarge",
   "m5dn.24xlarge",
   "m5dn.2xlarge",
   "m5dn.4xlarge",
   "m5dn.8xlarge",
   "m5dn.large",
   "m5dn.metal",
   "m5dn.xlarge",
   "m5n.12xlarge",
   "m5n.16xlarge",
   "m5n.24xlarge",
   "m5n.2xlarge",
   "m5n.4xlarge",
   "m5n.8xlarge",
   "m5n.large",
   "m5n.metal",
   "m5n.xlarge",
   "m6g.12xlarge",
   "m6g.16xlarge",
   "m6g.2xlarge",
   "m6g.4xlarge",
   "m6g.8xlarge",
   "m6g.large",
   "m6g.medium",
   "m6g.metal",
   "m6g.xlarge",
   "m6i.12xlarge",
   "m6i.16xlarge",
   "m6i.24xlarge",
   "m6i.2xlarge",
   "m6i.32xlarge",
   "m6i.4xlarge",
   "m6i.8xlarge",
   "m6i.large",
   "m6i.metal",
   "m6i.xlarge",
   "p3dn.24xlarge",
   "r5.12xlarge",
   "r5.16xlarge",
   "r5.24xlarge",
   "r5.2xlarge",
   "r5.4xlarge",
   "r5.8xlarge",
   "r5.large",
   "r5.metal",
   "r5.xlarge",
   "r5a.12xlarge",
   "r5a.16xlarge",
   "r5a.24xlarge",
   "r5a.2xlarge",
   "r5a.4xlarge",
   "r5a.8xlarge",
   "r5a.large",
   "r5a.xlarge",
   "r5d.12xlarge",
   "r5d.16xlarge",
   "r5d.24xlarge",
   "r5d.2xlarge",
   "r5d.4xlarge",
   "r5d.8xlarge",
   "r5d.large",
   "r5d.metal",
   "r5d.xlarge",
   "r5dn.12xlarge",
   "r5dn.16xlarge",
   "r5dn.24xlarge",
   "r5dn.2xlarge",
   "r5dn.4xlarge",
   "r5dn.8xlarge",
   "r5dn.large",
   "r5dn.metal",
   "r5dn.xlarge",
   "r5n.12xlarge",
   "r5n.16xlarge",
   "r5n.24xlarge",
   "r5n.2xlarge",
   "r5n.4xlarge",
   "r5n.8xlarge",
   "r5n.large",
   "r5n.metal",
   "r5n.xlarge",
   "r6g.12xlarge",
   "r6g.16xlarge",
   "r6g.2xlarge",
   "r6g.4xlarge",
   "r6g.8xlarge",
   "r6g.large",
   "r6g.medium",
   "r6g.metal",
   "r6g.xlarge",
   "r6i.12xlarge",
   "r6i.16xlarge",
   "r6i.24xlarge",
   "r6i.2xlarge",
   "r6i.32xlarge",
   "r6i.4xlarge",
   "r6i.8xlarge",
   "r6i.large",
   "r6i.metal",
   "r6i.xlarge",
   "t3.2xlarge",
   "t3.large",
   "t3.medium",
   "t3.micro",
   "t3.nano",
   "t3.small",
   "t3.xlarge",
   "t3a.2xlarge",
   "t3a.large",
   "t3a.medium",
   "t3a.micro",
   "t3a.nano",
   "t3a.small",
   "t3a.xlarge",
   "t4g.2xlarge",
   "t4g.large",
   "t4g.medium",
   "t4g.micro",
   "t4g.nano",
   "t4g.small",
   "t4g.xlarge",
   "u-12tb1.112xlarge",
   "u-24tb1.112xlarge",
   "u-6tb1.112xlarge",
   "u-6tb1.56xlarge",
   "x1.16xlarge",
   "x1.32xlarge",
   "x1e.16xlarge",
   "x1e.2xlarge",
   "x1e.32xlarge",
   "x1e.4xlarge",
   "x1e.8xlarge",
   "x1e.xlarge",
   "x2idn.16xlarge",
   "x2idn.24xlarge",
   "x2idn.32xlarge",
   "x2idn.metal",
   "x2iedn.16xlarge",
   "x2iedn.24xlarge",
   "x2iedn.2xlarge",
   "x2iedn.32xlarge",
   "x2iedn.4xlarge",
   "x2iedn.8xlarge",
   "x2iedn.metal",
   "x2iedn.xlarge"
  ]
 },
 {
  "op": "add",
  "path": "/ValueTypes/AWS::AmazonMQ::Broker.HostInstanceType/AllowedValues",
  "value": [
   "mq.m5.2xlarge",
   "mq.m5.4xlarge",
   "mq.m5.large",
   "mq.m5.xlarge",
   "mq.t3.micro"
  ]
 },
 {
  "op": "add",
  "path": "/ValueTypes/AWS::RDS::DBInstance.DBInstanceClass/AllowedValues",
  "value": [
   "db.m5.12xlarge",
   "db.m5.16xlarge",
   "db.m5.24xlarge",
   "db.m5.2xlarge",
   "db.m5.4xlarge",
   "db.m5.8xlarge",
   "db.m5.large",
   "db.m5.xlarge",
   "db.m5d.12xlarge",
   "db.m5d.16xlarge",
   "db.m5d.24xlarge",
   "db.m5d.2xlarge",
   "db.m5d.4xlarge",
   "db.m5d.8xlarge",
   "db.m5d.large",
   "db.m5d.xlarge",
   "db.m6g.12xlarge",
   "db.m6g.16xlarge",
   "db.m6g.2xlarge",
   "db.m6g.4xlarge",
   "db.m6g.8xlarge",
   "db.m6g.large",
   "db.m6g.xlarge",
   "db.r4.16xlarge",
   "db.r4.2xlarge",
   "db.r4.4xlarge",
   "db.r4.8xlarge",
   "db.r4.large",
   "db.r4.xlarge",
   "db.r5.12xlarge",
   "db.r5.12xlarge.tpc2.mem2x",
   "db.r5.16xlarge",
   "db.r5.24xlarge",
   "db.r5.2xlarge",
   "db.r5.2xlarge.tpc1.mem2x",
   "db.r5.2xlarge.tpc2.mem4x",
   "db.r5.2xlarge.tpc2.mem8x",
   "db.r5.4xlarge",
   "db.r5.4xlarge.tpc2.mem2x",
   "db.r5.4xlarge.tpc2.mem3x",
   "db.r5.4xlarge.tpc2.mem4x",
   "db.r5.6xlarge.tpc2.mem4x",
   "db.r5.8xlarge",
   "db.r5.8xlarge.tpc2.mem3x",
   "db.r5.large",
   "db.r5.large.tpc1.mem2x",
   "db.r5.xlarge",
   "db.r5.xlarge.tpc2.mem2x",
   "db.r5.xlarge.tpc2.mem4x",
   "db.r5d.12xlarge",
   "db.r5d.16xlarge",
   "db.r5d.24xlarge",
   "db.r5d.2xlarge",
   "db.r5d.4xlarge",
   "db.r5d.8xlarge",
   "db.r5d.large",
   "db.r5d.xlarge",
   "db.r6g.12xlarge",
   "db.r6g.16xlarge",
   "db.r6g.2xlarge",
   "db.r6g.4xlarge",
   "db.r6g.8xlarge",
   "db.r6g.large",
   "db.r6g.xlarge",
   "db.r6i.12xlarge",
   "db.r6i.16xlarge",
   "db.r6i.24xlarge",
   "db.r6i.2xlarge",
   "db.r6i.32xlarge",
   "db.r6i.4xlarge",
   "db.r6i.8xlarge",
   "db.r6i.large",
   "db.r6i.xlarge",
   "db.serverless",
   "db.t2.2xlarge",
   "db.t2.large",
   "db.t2.medium",
   "db.t2.micro",
   "db.t2.small",
   "db.t2.xlarge",
   "db.t3.2xlarge",
   "db.t3.large",
   "db.t3.medium",
   "db.t3.micro",
   "db.t3.small",
   "db.t3.xlarge",
   "db.t4g.2xlarge",
   "db.t4g.large",
   "db.t4g.medium",
   "db.t4g.small",
   "db.t4g.xlarge",
   "db.x1.16xlarge",
   "db.x1.32xlarge",
   "db.x1e.16xlarge",
   "db.x1e.2xlarge",
   "db.x1e.32xlarge",
   "db.x1e.4xlarge",
   "db.x1e.8xlarge",
   "db.x1e.xlarge"
  ]
 },
 {
  "op": "add",
  "path": "/ValueTypes/RedshiftInstanceType/AllowedValues",
  "value": [
   "dc2.8xlarge",
   "dc2.large",
   "ds2.8xlarge",
   "ds2.xlarge",
   "ra3.16xlarge",
   "ra3.4xlarge",
   "ra3.xlplus"
  ]
 },
 {
  "op": "add",
  "path": "/ValueTypes/NeptuneInstanceClass/AllowedValues",
  "value": [
   "db.r5.12xlarge",
   "db.r5.16xlarge",
   "db.r5.24xlarge",
   "db.r5.2xlarge",
   "db.r5.4xlarge",
   "db.r5.8xlarge",
   "db.r5.large",
   "db.r5.xlarge",
   "db.r5d.12xlarge",
   "db.r5d.16xlarge",
   "db.r5d.24xlarge",
   "db.r5d.2xlarge",
   "db.r5d.4xlarge",
   "db.r5d.8xlarge",
   "db.r5d.large",
   "db.r5d.xlarge",
   "db.r6g.12xlarge",
   "db.r6g.16xlarge",
   "db.r6g.2xlarge",
   "db.r6g.4xlarge",
   "db.r6g.8xlarge",
   "db.r6g.large",
   "db.r6g.xlarge",
   "db.r6i.12xlarge",
   "db.r6i.16xlarge",
   "db.r6i.24xlarge",
   "db.r6i.2xlarge",
   "db.r6i.32xlarge",
   "db.r6i.4xlarge",
   "db.r6i.8xlarge",
   "db.r6i.large",
   "db.r6i.xlarge",
   "db.t3.medium"
  ]
 },
 {
  "op": "add",
  "path": "/ValueTypes/ElastiCacheInstanceType/AllowedValues",
  "value": [
   "cache.m5.12xlarge",
   "cache.m5.24xlarge",
   "cache.m5.2xlarge",
   "cache.m5.4xlarge",
   "cache.m5.large",
   "cache.m5.xlarge",
   "cache.m6g.12xlarge",
   "cache.m6g.16xlarge",
   "cache.m6g.2xlarge",
   "cache.m6g.4xlarge",
   "cache.m6g.8xlarge",
   "cache.m6g.large",
   "cache.m6g.xlarge",
   "cache.r5.12xlarge",
   "cache.r5.24xlarge",
   "cache.r5.2xlarge",
   "cache.r5.4xlarge",
   "cache.r5.large",
   "cache.r5.xlarge",
   "cache.r6g.12xlarge",
   "cache.r6g.16xlarge",
   "cache.r6g.2xlarge",
   "cache.r6g.4xlarge",
   "cache.r6g.8xlarge",
   "cache.r6g.large",
   "cache.r6g.xlarge",
   "cache.t2.medium",
   "cache.t2.micro",
   "cache.t2.small",
   "cache.t3.medium",
   "cache.t3.micro",
   "cache.t3.small"
  ]
 },
 {
  "op": "add",
  "path": "/ValueTypes/EMRInstanceType/AllowedValues",
  "value": [
   "c5.12xlarge",
   "c5.18xlarge",
   "c5.24xlarge",
   "c5.2xlarge",
   "c5.4xlarge",
   "c5.9xlarge",
   "c5.xlarge",
   "c5a.12xlarge",
   "c5a.16xlarge",
   "c5a.24xlarge",
   "c5a.2xlarge",
   "c5a.4xlarge",
   "c5a.8xlarge",
   "c5a.xlarge",
   "c5d.18xlarge",
   "c5d.2xlarge",
   "c5d.4xlarge",
   "c5d.9xlarge",
   "c5d.xlarge",
   "c5n.18xlarge",
   "c5n.2xlarge",
   "c5n.4xlarge",
   "c5n.9xlarge",
   "c5n.xlarge",
   "c6g.12xlarge",
   "c6g.16xlarge",
   "c6g.2xlarge",
   "c6g.4xlarge",
   "c6g.8xlarge",
   "c6g.xlarge",
   "c6i.12xlarge",
   "c6i.16xlarge",
   "c6i.24xlarge",
   "c6i.2xlarge",
   "c6i.32xlarge",
   "c6i.4xlarge",
   "c6i.8xlarge",
   "c6i.xlarge",
   "d2.2xlarge",
   "d2.4xlarge",
   "d2.8xlarge",
   "d2.xlarge",
   "g4dn.12xlarge",
   "g4dn.16xlarge",
   "g4dn.2xlarge",
   "g4dn.4xlarge",
   "g4dn.8xlarge",
   "g4dn.xlarge",
   "i3.16xlarge",
   "i3.2xlarge",
   "i3.4xlarge",
   "i3.8xlarge",
   "i3.xlarge",
   "i3en.12xlarge",
   "i3en.24xlarge",
   "i3en.2xlarge",
   "i3en.3xlarge",
   "i3en.6xlarge",
   "i3en.xlarge",
   "m5.12xlarge",
   "m5.16xlarge",
   "m5.24xlarge",
   "m5.2xlarge",
   "m5.4xlarge",
   "m5.8xlarge",
   "m5.xlarge",
   "m5a.12xlarge",
   "m5a.16xlarge",
   "m5a.24xlarge",
   "m5a.2xlarge",
   "m5a.4xlarge",
   "m5a.8xlarge",
   "m5a.xlarge",
   "m5d.12xlarge",
   "m5d.16xlarge",
   "m5d.24xlarge",
   "m5d.2xlarge",
   "m5d.4xlarge",
   "m5d.8xlarge",
   "m5d.xlarge",
   "m5dn.12xlarge",
   "m5dn.16xlarge",
   "m5dn.24xlarge",
   "m5dn.2xlarge",
   "m5dn.4xlarge",
   "m5dn.8xlarge",
   "m5dn.xlarge",
   "m5n.12xlarge",
   "m5n.16xlarge",
   "m5n.24xlarge",
   "m5n.2xlarge",
   "m5n.4xlarge",
   "m5n.8xlarge",
   "m5n.xlarge",
   "m6g.12xlarge",
   "m6g.16xlarge",
   "m6g.2xlarge",
   "m6g.4xlarge",
   "m6g.8xlarge",
   "m6g.xlarge",
   "m6i.12xlarge",
   "m6i.16xlarge",
   "m6i.24xlarge",
   "m6i.2xlarge",
   "m6i.32xlarge",
   "m6i.4xlarge",
   "m6i.8xlarge",
   "m6i.xlarge",
   "r5.12xlarge",
   "r5.16xlarge",
   "r5.24xlarge",
   "r5.2xlarge",
   "r5.4xlarge",
   "r5.8xlarge",
   "r5.xlarge",
   "r5a.12xlarge",
   "r5a.16xlarge",
   "r5a.24xlarge",
   "r5a.2xlarge",
   "r5a.4xlarge",
   "r5a.8xlarge",
   "r5a.xlarge",
   "r5d.12xlarge",
   "r5d.16xlarge",
   "r5d.24xlarge",
   "r5d.2xlarge",
   "r5d.4xlarge",
   "r5d.8xlarge",
   "r5d.xlarge",
   "r5dn.12xlarge",
   "r5dn.16xlarge",
   "r5dn.24xlarge",
   "r5dn.2xlarge",
   "r5dn.4xlarge",
   "r5dn.8xlarge",
   "r5dn.xlarge",
   "r5n.12xlarge",
   "r5n.16xlarge",
   "r5n.24xlarge",
   "r5n.2xlarge",
   "r5n.4xlarge",
   "r5n.8xlarge",
   "r5n.xlarge",
   "r6g.12xlarge",
   "r6g.16xlarge",
   "r6g.2xlarge",
   "r6g.4xlarge",
   "r6g.8xlarge",
   "r6g.xlarge",
   "r6i.12xlarge",
   "r6i.16xlarge",
   "r6i.24xlarge",
   "r6i.2xlarge",
   "r6i.32xlarge",
   "r6i.4xlarge",
   "r6i.8xlarge",
   "r6i.xlarge",
   "x1.16xlarge",
   "x1.32xlarge"
  ]
 }
]