[
 {
  "op": "remove",
  "path": "/ResourceTypes/AWS::AppSync::ApiCache"
 },
 {
  "op": "remove",
  "path": "/ResourceTypes/AWS::AppSync::ApiKey"
 },
 {
  "op": "remove",
  "path": "/ResourceTypes/AWS::AppSync::DataSource"
 },
 {
  "op": "remove",
  "path": "/ResourceTypes/AWS::AppSync::FunctionConfiguration"
 },
 {
  "op": "remove",
  "path": "/ResourceTypes/AWS::AppSync::GraphQLApi"
 },
 {
  "op": "remove",
  "path": "/ResourceTypes/AWS::AppSync::GraphQLSchema"
 },
 {
  "op": "remove",
  "path": "/ResourceTypes/AWS::AppSync::Resolver"
 },
 {
  "op": "remove",
  "path": "/ResourceTypes/AWS::CodePipeline::CustomActionType"
 },
 {
  "op": "remove",
  "path": "/ResourceTypes/AWS::CodePipeline::Pipeline"
 },
 {
  "op": "remove",
  "path": "/ResourceTypes/AWS::DataPipeline::Pipeline"
 },
 {
  "op": "remove",
  "path": "/ResourceTypes/AWS::ElasticBeanstalk::Application"
 },
 {
  "op": "remove",
  "path": "/ResourceTypes/AWS::ElasticBeanstalk::ApplicationVersion"
 },
 {
  "op": "remove",
  "path": "/ResourceTypes/AWS::ElasticBeanstalk::ConfigurationTemplate"
 },
 {
  "op": "remove",
  "path": "/ResourceTypes/AWS::ElasticBeanstalk::Environment"
 },
 {
  "op": "remove",
  "path": "/ResourceTypes/AWS::GameLift::Alias"
 },
 {
  "op": "remove",
  "path": "/ResourceTypes/AWS::GameLift::Build"
 },
 {
  "op": "remove",
  "path": "/ResourceTypes/AWS::GameLift::Fleet"
 },
 {
  "op": "remove",
  "path": "/ResourceTypes/AWS::Glue::Classifier"
 },
 {
  "op": "remove",
  "path": "/ResourceTypes/AWS::Glue::Connection"
 },
 {
  "op": "remove",
  "path": "/ResourceTypes/AWS::Glue::Crawler"
 },
 {
  "op": "remove",
  "path": "/ResourceTypes/AWS::Glue::DataCatalogEncryptionSettings"
 },
 {
  "op": "remove",
  "path": "/ResourceTypes/AWS::Glue::Database"
 },
 {
  "op": "remove",
  "path": "/ResourceTypes/AWS::Glue::DevEndpoint"
 },
 {
  "op": "remove",
  "path": "/ResourceTypes/AWS::Glue::Job"
 },
 {
  "op": "remove",
  "path": "/ResourceTypes/AWS::Glue::MLTransform"
 },
 {
  "op": "remove",
  "path": "/ResourceTypes/AWS::Glue::Partition"
 },
 {
  "op": "remove",
  "path": "/ResourceTypes/AWS::Glue::SecurityConfiguration"
 },
 {
  "op": "remove",
  "path": "/ResourceTypes/AWS::Glue::Table"
 },
 {
  "op": "remove",
  "path": "/ResourceTypes/AWS::Glue::Trigger"
 },
 {
  "op": "remove",
  "path": "/ResourceTypes/AWS::Glue::Workflow"
 },
 {
  "op": "remove",
  "path": "/ResourceTypes/AWS::IoT::Certificate"
 },
 {
  "op": "remove",
  "path": "/ResourceTypes/AWS::IoT::Policy"
 },
 {
  "op": "remove",
  "path": "/ResourceTypes/AWS::IoT::PolicyPrincipalAttachment"
 },
 {
  "op": "remove",
  "path": "/ResourceTypes/AWS::IoT::Thing"
 },
 {
  "op": "remove",
  "path": "/ResourceTypes/AWS::IoT::ThingPrincipalAttachment"
 },
 {
  "op": "remove",
  "path": "/ResourceTypes/AWS::IoT::TopicRule"
 },
 {
  "op": "remove",
  "path": "/ResourceTypes/AWS::OpsWorks::App"
 },
 {
  "op": "remove",
  "path": "/ResourceTypes/AWS::OpsWorks::ElasticLoadBalancerAttachment"
 },
 {
  "op": "remove",
  "path": "/ResourceTypes/AWS::OpsWorks::Instance"
 },
 {
  "op": "remove",
  "path": "/ResourceTypes/AWS::OpsWorks::Layer"
 },
 {
  "op": "remove",
  "path": "/ResourceTypes/AWS::OpsWorks::Stack"
 },
 {
  "op": "remove",
  "path": "/ResourceTypes/AWS::OpsWorks::UserProfile"
 },
 {
  "op": "remove",
  "path": "/ResourceTypes/AWS::OpsWorks::Volume"
 },
 {
  "op": "remove",
  "path": "/ResourceTypes/AWS::SDB::Domain"
 },
 {
  "op": "remove",
  "path": "/ResourceTypes/AWS::ServiceCatalog::AcceptedPortfolioShare"
 },
 {
  "op": "remove",
  "path": "/ResourceTypes/AWS::ServiceCatalog::CloudFormationProduct"
 },
 {
  "op": "remove",
  "path": "/ResourceTypes/AWS::ServiceCatalog::LaunchNotificationConstraint"
 },
 {
  "op": "remove",
  "path": "/ResourceTypes/AWS::ServiceCatalog::LaunchRoleConstraint"
 },
 {
  "op": "remove",
  "path": "/ResourceTypes/AWS::ServiceCatalog::LaunchTemplateConstraint"
 },
 {
  "op": "remove",
  "path": "/ResourceTypes/AWS::ServiceCatalog::Portfolio"
 },
 {
  "op": "remove",
  "path": "/ResourceTypes/AWS::ServiceCatalog::PortfolioPrincipalAssociation"
 },
 {
  "op": "remove",
  "path": "/ResourceTypes/AWS::ServiceCatalog::PortfolioProductAssociation"
 },
 {
  "op": "remove",
  "path": "/ResourceTypes/AWS::ServiceCatalog::PortfolioShare"
 },
 {
  "op": "remove",
  "path": "/ResourceTypes/AWS::ServiceCatalog::ResourceUpdateConstraint"
 },
 {
  "op": "remove",
  "path": "/ResourceTypes/AWS::ServiceCatalog::StackSetConstraint"
 },
 {
  "op": "remove",
  "path": "/ResourceTypes/AWS::ServiceCatalog::TagOption"
 },
 {
  "op": "remove",
  "path": "/ResourceTypes/AWS::ServiceCatalog::TagOptionAssociation"
 },
 {
  "op": "remove",
  "path": "/ResourceTypes/AWS::WorkSpaces::Workspace"
 },
 {
  "op": "remove",
  "path": "/PropertyTypes/AWS::AppSync::DataSource.AuthorizationConfig"
 },
 {
  "op": "remove",
  "path": "/PropertyTypes/AWS::AppSync::DataSource.AwsIamConfig"
 },
 {
  "op": "remove",
  "path": "/PropertyTypes/AWS::AppSync::DataSource.DeltaSyncConfig"
 },
 {
  "op": "remove",
  "path": "/PropertyTypes/AWS::AppSync::DataSource.DynamoDBConfig"
 },
 {
  "op": "remove",
  "path": "/PropertyTypes/AWS::AppSync::DataSource.ElasticsearchConfig"
 },
 {
  "op": "remove",
  "path": "/PropertyTypes/AWS::AppSync::DataSource.EventBridgeConfig"
 },
 {
  "op": "remove",
  "path": "/PropertyTypes/AWS::AppSync::DataSource.HttpConfig"
 },
 {
  "op": "remove",
  "path": "/PropertyTypes/AWS::AppSync::DataSource.LambdaConfig"
 },
 {
  "op": "remove",
  "path": "/PropertyTypes/AWS::AppSync::DataSource.OpenSearchServiceConfig"
 },
 {
  "op": "remove",
  "path": "/PropertyTypes/AWS::AppSync::DataSource.RdsHttpEndpointConfig"
 },
 {
  "op": "remove",
  "path": "/PropertyTypes/AWS::AppSync::DataSource.RelationalDatabaseConfig"
 },
 {
  "op": "remove",
  "path": "/PropertyTypes/AWS::AppSync::FunctionConfiguration.AppSyncRuntime"
 },
 {
  "op": "remove",
  "path": "/PropertyTypes/AWS::AppSync::FunctionConfiguration.LambdaConflictHandlerConfig"
 },
 {
  "op": "remove",
  "path": "/PropertyTypes/AWS::AppSync::FunctionConfiguration.SyncConfig"
 },
 {
  "op": "remove",
  "path": "/PropertyTypes/AWS::AppSync::GraphQLApi.AdditionalAuthenticationProvider"
 },
 {
  "op": "remove",
  "path": "/PropertyTypes/AWS::AppSync::GraphQLApi.CognitoUserPoolConfig"
 },
 {
  "op": "remove",
  "path": "/PropertyTypes/AWS::AppSync::GraphQLApi.LambdaAuthorizerConfig"
 },
 {
  "op": "remove",
  "path": "/PropertyTypes/AWS::AppSync::GraphQLApi.LogConfig"
 },
 {
  "op": "remove",
  "path": "/PropertyTypes/AWS::AppSync::GraphQLApi.OpenIDConnectConfig"
 },
 {
  "op": "remove",
  "path": "/PropertyTypes/AWS::AppSync::GraphQLApi.UserPoolConfig"
 },
 {
  "op": "remove",
  "path": "/PropertyTypes/AWS::AppSync::Resolver.AppSyncRuntime"
 },
 {
  "op": "remove",
  "path": "/PropertyTypes/AWS::AppSync::Resolver.CachingConfig"
 },
 {
  "op": "remove",
  "path": "/PropertyTypes/AWS::AppSync::Resolver.LambdaConflictHandlerConfig"
 },
 {
  "op": "remove",
  "path": "/PropertyTypes/AWS::AppSync::Resolver.PipelineConfig"
 },
 {
  "op": "remove",
  "path": "/PropertyTypes/AWS::AppSync::Resolver.SyncConfig"
 },
 {
  "op": "remove",
  "path": "/PropertyTypes/AWS::CodePipeline::CustomActionType.ArtifactDetails"
 },
 {
  "op": "remove",
  "path": "/PropertyTypes/AWS::CodePipeline::CustomActionType.ConfigurationProperties"
 },
 {
  "op": "remove",
  "path": "/PropertyTypes/AWS::CodePipeline::CustomActionType.Settings"
 },
 {
  "op": "remove",
  "path": "/PropertyTypes/AWS::CodePipeline::Pipeline.ActionDeclaration"
 },
 {
  "op": "remove",
  "path": "/PropertyTypes/AWS::CodePipeline::Pipeline.ActionTypeId"
 },
 {
  "op": "remove",
  "path": "/PropertyTypes/AWS::CodePipeline::Pipeline.ArtifactStore"
 },
 {
  "op": "remove",
  "path": "/PropertyTypes/AWS::CodePipeline::Pipeline.ArtifactStoreMap"
 },
 {
  "op": "remove",
  "path": "/PropertyTypes/AWS::CodePipeline::Pipeline.BlockerDeclaration"
 },
 {
  "op": "remove",
  "path": "/PropertyTypes/AWS::CodePipeline::Pipeline.EncryptionKey"
 },
 {
  "op": "remove",
  "path": "/PropertyTypes/AWS::CodePipeline::Pipeline.InputArtifact"
 },
 {
  "op": "remove",
  "path": "/PropertyTypes/AWS::CodePipeline::Pipeline.OutputArtifact"
 },
 {
  "op": "remove",
  "path": "/PropertyTypes/AWS::CodePipeline::Pipeline.StageDeclaration"
 },
 {
  "op": "remove",
  "path": "/PropertyTypes/AWS::CodePipeline::Pipeline.StageTransition"
 },
 {
  "op": "remove",
  "path": "/PropertyTypes/AWS::DataPipeline::Pipeline.Field"
 },
 {
  "op": "remove",
  "path": "/PropertyTypes/AWS::DataPipeline::Pipeline.ParameterAttribute"
 },
 {
  "op": "remove",
  "path": "/PropertyTypes/AWS::DataPipeline::Pipeline.ParameterObject"
 },
 {
  "op": "remove",
  "path": "/PropertyTypes/AWS::DataPipeline::Pipeline.ParameterValue"
 },
 {
  "op": "remove",
  "path": "/PropertyTypes/AWS::DataPipeline::Pipeline.PipelineObject"
 },
 {
  "op": "remove",
  "path": "/PropertyTypes/AWS::DataPipeline::Pipeline.PipelineTag"
 },
 {
  "op": "remove",
  "path": "/PropertyTypes/AWS::ElasticBeanstalk::Application.ApplicationResourceLifecycleConfig"
 },
 {
  "op": "remove",
  "path": "/PropertyTypes/AWS::ElasticBeanstalk::Application.ApplicationVersionLifecycleConfig"
 },
 {
  "op": "remove",
  "path": "/PropertyTypes/AWS::ElasticBeanstalk::Application.MaxAgeRule"
 },
 {
  "op": "remove",
  "path": "/PropertyTypes/AWS::ElasticBeanstalk::Application.MaxCountRule"
 },
 {
  "op": "remove",
  "path": "/PropertyTypes/AWS::ElasticBeanstalk::ApplicationVersion.SourceBundle"
 },
 {
  "op": "remove",
  "path": "/PropertyTypes/AWS::ElasticBeanstalk::ConfigurationTemplate.ConfigurationOptionSetting"
 },
 {
  "op": "remove",
  "path": "/PropertyTypes/AWS::ElasticBeanstalk::ConfigurationTemplate.SourceConfiguration"
 },
 {
  "op": "remove",
  "path": "/PropertyTypes/AWS::ElasticBeanstalk::Environment.OptionSetting"
 },
 {
  "op": "remove",
  "path": "/PropertyTypes/AWS::ElasticBeanstalk::Environment.Tier"
 },
 {
  "op": "remove",
  "path": "/PropertyTypes/AWS::GameLift::Alias.RoutingStrategy"
 },
 {
  "op": "remove",
  "path": "/PropertyTypes/AWS::GameLift::Build.S3Location"
 },
 {
  "op": "remove",
  "path": "/PropertyTypes/AWS::GameLift::Fleet.CertificateConfiguration"
 },
 {
  "op": "remove",
  "path": "/PropertyTypes/AWS::GameLift::Fleet.IpPermission"
 },
 {
  "op": "remove",
  "path": "/PropertyTypes/AWS::GameLift::Fleet.ResourceCreationLimitPolicy"
 },
 {
  "op": "remove",
  "path": "/PropertyTypes/AWS::GameLift::Fleet.RuntimeConfiguration"
 },
 {
  "op": "remove",
  "path": "/PropertyTypes/AWS::GameLift::Fleet.ServerProcess"
 },
 {
  "op": "remove",
  "path": "/PropertyTypes/AWS::Glue::Classifier.CsvClassifier"
 },
 {
  "op": "remove",
  "path": "/PropertyTypes/AWS::Glue::Classifier.GrokClassifier"
 },
 {
  "op": "remove",
  "path": "/PropertyTypes/AWS::Glue::Classifier.JsonClassifier"
 },
 {
  "op": "remove",
  "path": "/PropertyTypes/AWS::Glue::Classifier.XMLClassifier"
 },
 {
  "op": "remove",
  "path": "/PropertyTypes/AWS::Glue::Connection.ConnectionInput"
 },
 {
  "op": "remove",
  "path": "/PropertyTypes/AWS::Glue::Connection.PhysicalConnectionRequirements"
 },
 {
  "op": "remove",
  "path": "/PropertyTypes/AWS::Glue::Crawler.CatalogTarget"
 },
 {
  "op": "remove",
  "path": "/PropertyTypes/AWS::Glue::Crawler.DynamoDBTarget"
 },
 {
  "op": "remove",
  "path": "/PropertyTypes/AWS::Glue::Crawler.JdbcTarget"
 },
 {
  "op": "remove",
  "path": "/PropertyTypes/AWS::Glue::Crawler.MongoDBTarget"
 },
 {
  "op": "remove",
  "path": "/PropertyTypes/AWS::Glue::Crawler.RecrawlPolicy"
 },
 {
  "op": "remove",
  "path": "/PropertyTypes/AWS::Glue::Crawler.S3Target"
 },
 {
  "op": "remove",
  "path": "/PropertyTypes/AWS::Glue::Crawler.Schedule"
 },
 {
  "op": "remove",
  "path": "/PropertyTypes/AWS::Glue::Crawler.SchemaChangePolicy"
 },
 {
  "op": "remove",
  "path": "/PropertyTypes/AWS::Glue::Crawler.Targets"
 },
 {
  "op": "remove",
  "path": "/PropertyTypes/AWS::Glue::DataCatalogEncryptionSettings.ConnectionPasswordEncryption"
 },
 {
  "op": "remove",
  "path": "/PropertyTypes/AWS::Glue::DataCatalogEncryptionSettings.DataCatalogEncryptionSettings"
 },
 {
  "op": "remove",
  "path": "/PropertyTypes/AWS::Glue::DataCatalogEncryptionSettings.EncryptionAtRest"
 },
 {
  "op": "remove",
  "path": "/PropertyTypes/AWS::Glue::Database.DataLakePrincipal"
 },
 {
  "op": "remove",
  "path": "/PropertyTypes/AWS::Glue::Database.DatabaseIdentifier"
 },
 {
  "op": "remove",
  "path": "/PropertyTypes/AWS::Glue::Database.DatabaseInput"
 },
 {
  "op": "remove",
  "path": "/PropertyTypes/AWS::Glue::Database.PrincipalPrivileges"
 },
 {
  "op": "remove",
  "path": "/PropertyTypes/AWS::Glue::Job.ConnectionsList"
 },
 {
  "op": "remove",
  "path": "/PropertyTypes/AWS::Glue::Job.ExecutionProperty"
 },
 {
  "op": "remove",
  "path": "/PropertyTypes/AWS::Glue::Job.JobCommand"
 },
 {
  "op": "remove",
  "path": "/PropertyTypes/AWS::Glue::Job.NotificationProperty"
 },
 {
  "op": "remove",
  "path": "/PropertyTypes/AWS::Glue::MLTransform.FindMatchesParameters"
 },
 {
  "op": "remove",
  "path": "/PropertyTypes/AWS::Glue::MLTransform.GlueTables"
 },
 {
  "op": "remove",
  "path": "/PropertyTypes/AWS::Glue::MLTransform.InputRecordTables"
 },
 {
  "op": "remove",
  "path": "/PropertyTypes/AWS::Glue::MLTransform.MLUserDataEncryption"
 },
 {
  "op": "remove",
  "path": "/PropertyTypes/AWS::Glue::MLTransform.TransformEncryption"
 },
 {
  "op": "remove",
  "path": "/PropertyTypes/AWS::Glue::MLTransform.TransformParameters"
 },
 {
  "op": "remove",
  "path": "/PropertyTypes/AWS::Glue::Partition.Column"
 },
 {
  "op": "remove",
  "path": "/PropertyTypes/AWS::Glue::Partition.Order"
 },
 {
  "op": "remove",
  "path": "/PropertyTypes/AWS::Glue::Partition.PartitionInput"
 },
 {
  "op": "remove",
  "path": "/PropertyTypes/AWS::Glue::Partition.SchemaId"
 },
 {
  "op": "remove",
  "path": "/PropertyTypes/AWS::Glue::Partition.SchemaReference"
 },
 {
  "op": "remove",
  "path": "/PropertyTypes/AWS::Glue::Partition.SerdeInfo"
 },
 {
  "op": "remove",
  "path": "/PropertyTypes/AWS::Glue::Partition.SkewedInfo"
 },
 {
  "op": "remove",
  "path": "/PropertyTypes/AWS::Glue::Partition.StorageDescriptor"
 },
 {
  "op": "remove",
  "path": "/PropertyTypes/AWS::Glue::SecurityConfiguration.CloudWatchEncryption"
 },
 {
  "op": "remove",
  "path": "/PropertyTypes/AWS::Glue::SecurityConfiguration.EncryptionConfiguration"
 },
 {
  "op": "remove",
  "path": "/PropertyTypes/AWS::Glue::SecurityConfiguration.JobBookmarksEncryption"
 },
 {
  "op": "remove",
  "path": "/PropertyTypes/AWS::Glue::SecurityConfiguration.S3Encryption"
 },
 {
  "op": "remove",
  "path": "/PropertyTypes/AWS::Glue::SecurityConfiguration.S3Encryptions"
 },
 {
  "op": "remove",
  "path": "/PropertyTypes/AWS::Glue::Table.Column"
 },
 {
  "op": "remove",
  "path": "/PropertyTypes/AWS::Glue::Table.Order"
 },
 {
  "op": "remove",
  "path": "/PropertyTypes/AWS::Glue::Table.SchemaId"
 },
 {
  "op": "remove",
  "path": "/PropertyTypes/AWS::Glue::Table.SchemaReference"
 },
 {
  "op": "remove",
  "path": "/PropertyTypes/AWS::Glue::Table.SerdeInfo"
 },
 {
  "op": "remove",
  "path": "/PropertyTypes/AWS::Glue::Table.SkewedInfo"
 },
 {
  "op": "remove",
  "path": "/PropertyTypes/AWS::Glue::Table.StorageDescriptor"
 },
 {
  "op": "remove",
  "path": "/PropertyTypes/AWS::Glue::Table.TableIdentifier"
 },
 {
  "op": "remove",
  "path": "/PropertyTypes/AWS::Glue::Table.TableInput"
 },
 {
  "op": "remove",
  "path": "/PropertyTypes/AWS::Glue::Trigger.Action"
 },
 {
  "op": "remove",
  "path": "/PropertyTypes/AWS::Glue::Trigger.Condition"
 },
 {
  "op": "remove",
  "path": "/PropertyTypes/AWS::Glue::Trigger.EventBatchingCondition"
 },
 {
  "op": "remove",
  "path": "/PropertyTypes/AWS::Glue::Trigger.NotificationProperty"
 },
 {
  "op": "remove",
  "path": "/PropertyTypes/AWS::Glue::Trigger.Predicate"
 },
 {
  "op": "remove",
  "path": "/PropertyTypes/AWS::IoT::Thing.AttributePayload"
 },
 {
  "op": "remove",
  "path": "/PropertyTypes/AWS::IoT::TopicRule.Action"
 },
 {
  "op": "remove",
  "path": "/PropertyTypes/AWS::IoT::TopicRule.AssetPropertyTimestamp"
 },
 {
  "op": "remove",
  "path": "/PropertyTypes/AWS::IoT::TopicRule.AssetPropertyValue"
 },
 {
  "op": "remove",
  "path": "/PropertyTypes/AWS::IoT::TopicRule.AssetPropertyVariant"
 },
 {
  "op": "remove",
  "path": "/PropertyTypes/AWS::IoT::TopicRule.CloudwatchAlarmAction"
 },
 {
  "op": "remove",
  "path": "/PropertyTypes/AWS::IoT::TopicRule.CloudwatchMetricAction"
 },
 {
  "op": "remove",
  "path": "/PropertyTypes/AWS::IoT::TopicRule.DynamoDBAction"
 },
 {
  "op": "remove",
  "path": "/PropertyTypes/AWS::IoT::TopicRule.DynamoDBv2Action"
 },
 {
  "op": "remove",
  "path": "/PropertyTypes/AWS::IoT::TopicRule.ElasticsearchAction"
 },
 {
  "op": "remove",
  "path": "/PropertyTypes/AWS::IoT::TopicRule.FirehoseAction"
 },
 {
  "op": "remove",
  "path": "/PropertyTypes/AWS::IoT::TopicRule.HttpAction"
 },
 {
  "op": "remove",
  "path": "/PropertyTypes/AWS::IoT::TopicRule.HttpActionHeader"
 },
 {
  "op": "remove",
  "path": "/PropertyTypes/AWS::IoT::TopicRule.HttpAuthorization"
 },
 {
  "op": "remove",
  "path": "/PropertyTypes/AWS::IoT::TopicRule.IotAnalyticsAction"
 },
 {
  "op": "remove",
  "path": "/PropertyTypes/AWS::IoT::TopicRule.IotEventsAction"
 },
 {
  "op": "remove",
  "path": "/PropertyTypes/AWS::IoT::TopicRule.IotSiteWiseAction"
 },
 {
  "op": "remove",
  "path": "/PropertyTypes/AWS::IoT::TopicRule.KinesisAction"
 },
 {
  "op": "remove",
  "path": "/PropertyTypes/AWS::IoT::TopicRule.LambdaAction"
 },
 {
  "op": "remove",
  "path": "/PropertyTypes/AWS::IoT::TopicRule.PutAssetPropertyValueEntry"
 },
 {
  "op": "remove",
  "path": "/PropertyTypes/AWS::IoT::TopicRule.PutItemInput"
 },
 {
  "op": "remove",
  "path": "/PropertyTypes/AWS::IoT::TopicRule.RepublishAction"
 },
 {
  "op": "remove",
  "path": "/PropertyTypes/AWS::IoT::TopicRule.S3Action"
 },
 {
  "op": "remove",
  "path": "/PropertyTypes/AWS::IoT::TopicRule.SigV4Authorization"
 },
 {
  "op": "remove",
  "path": "/PropertyTypes/AWS::IoT::TopicRule.SnsAction"
 },
 {
  "op": "remove",
  "path": "/PropertyTypes/AWS::IoT::TopicRule.SqsAction"
 },
 {
  "op": "remove",
  "path": "/PropertyTypes/AWS::IoT::TopicRule.StepFunctionsAction"
 },
 {
  "op": "remove",
  "path": "/PropertyTypes/AWS::IoT::TopicRule.TopicRulePayload"
 },
 {
  "op": "remove",
  "path": "/PropertyTypes/AWS::OpsWorks::App.DataSource"
 },
 {
  "op": "remove",
  "path": "/PropertyTypes/AWS::OpsWorks::App.EnvironmentVariable"
 },
 {
  "op": "remove",
  "path": "/PropertyTypes/AWS::OpsWorks::App.Source"
 },
 {
  "op": "remove",
  "path": "/PropertyTypes/AWS::OpsWorks::App.SslConfiguration"
 },
 {
  "op": "remove",
  "path": "/PropertyTypes/AWS::OpsWorks::Instance.BlockDeviceMapping"
 },
 {
  "op": "remove",
  "path": "/PropertyTypes/AWS::OpsWorks::Instance.EbsBlockDevice"
 },
 {
  "op": "remove",
  "path": "/PropertyTypes/AWS::OpsWorks::Instance.TimeBasedAutoScaling"
 },
 {
  "op": "remove",
  "path": "/PropertyTypes/AWS::OpsWorks::Layer.AutoScalingThresholds"
 },
 {
  "op": "remove",
  "path": "/PropertyTypes/AWS::OpsWorks::Layer.LifecycleEventConfiguration"
 },
 {
  "op": "remove",
  "path": "/PropertyTypes/AWS::OpsWorks::Layer.LoadBasedAutoScaling"
 },
 {
  "op": "remove",
  "path": "/PropertyTypes/AWS::OpsWorks::Layer.Recipes"
 },
 {
  "op": "remove",
  "path": "/PropertyTypes/AWS::OpsWorks::Layer.ShutdownEventConfiguration"
 },
 {
  "op": "remove",
  "path": "/PropertyTypes/AWS::OpsWorks::Layer.VolumeConfiguration"
 },
 {
  "op": "remove",
  "path": "/PropertyTypes/AWS::OpsWorks::Stack.ChefConfiguration"
 },
 {
  "op": "remove",
  "path": "/PropertyTypes/AWS::OpsWorks::Stack.ElasticIp"
 },
 {
  "op": "remove",
  "path": "/PropertyTypes/AWS::OpsWorks::Stack.RdsDbInstance"
 },
 {
  "op": "remove",
  "path": "/PropertyTypes/AWS::OpsWorks::Stack.Source"
 },
 {
  "op": "remove",
  "path": "/PropertyTypes/AWS::OpsWorks::Stack.StackConfigurationManager"
 },
 {
  "op": "remove",
  "path": "/PropertyTypes/AWS::ServiceCatalog::CloudFormationProduct.CodeStarParameters"
 },
 {
  "op": "remove",
  "path": "/PropertyTypes/AWS::ServiceCatalog::CloudFormationProduct.ConnectionParameters"
 },
 {
  "op": "remove",
  "path": "/PropertyTypes/AWS::ServiceCatalog::CloudFormationProduct.ProvisioningArtifactProperties"
 },
 {
  "op": "remove",
  "path": "/PropertyTypes/AWS::ServiceCatalog::CloudFormationProduct.SourceConnection"
 },
 {
  "op": "remove",
  "path": "/PropertyTypes/AWS::WorkSpaces::Workspace.WorkspaceProperties"
 }
]