[
 {
  "op": "remove",
  "path": "/ResourceTypes/AWS::AppStream::DirectoryConfig"
 },
 {
  "op": "remove",
  "path": "/ResourceTypes/AWS::AppStream::Fleet"
 },
 {
  "op": "remove",
  "path": "/ResourceTypes/AWS::AppStream::ImageBuilder"
 },
 {
  "op": "remove",
  "path": "/ResourceTypes/AWS::AppStream::Stack"
 },
 {
  "op": "remove",
  "path": "/ResourceTypes/AWS::AppStream::StackFleetAssociation"
 },
 {
  "op": "remove",
  "path": "/ResourceTypes/AWS::AppStream::StackUserAssociation"
 },
 {
  "op": "remove",
  "path": "/ResourceTypes/AWS::AppStream::User"
 },
 {
  "op": "remove",
  "path": "/ResourceTypes/AWS::DataPipeline::Pipeline"
 },
 {
  "op": "remove",
  "path": "/ResourceTypes/AWS::Greengrass::ConnectorDefinition"
 },
 {
  "op": "remove",
  "path": "/ResourceTypes/AWS::Greengrass::ConnectorDefinitionVersion"
 },
 {
  "op": "remove",
  "path": "/ResourceTypes/AWS::Greengrass::CoreDefinition"
 },
 {
  "op": "remove",
  "path": "/ResourceTypes/AWS::Greengrass::CoreDefinitionVersion"
 },
 {
  "op": "remove",
  "path": "/ResourceTypes/AWS::Greengrass::DeviceDefinition"
 },
 {
  "op": "remove",
  "path": "/ResourceTypes/AWS::Greengrass::DeviceDefinitionVersion"
 },
 {
  "op": "remove",
  "path": "/ResourceTypes/AWS::Greengrass::FunctionDefinition"
 },
 {
  "op": "remove",
  "path": "/ResourceTypes/AWS::Greengrass::FunctionDefinitionVersion"
 },
 {
  "op": "remove",
  "path": "/ResourceTypes/AWS::Greengrass::Group"
 },
 {
  "op": "remove",
  "path": "/ResourceTypes/AWS::Greengrass::GroupVersion"
 },
 {
  "op": "remove",
  "path": "/ResourceTypes/AWS::Greengrass::LoggerDefinition"
 },
 {
  "op": "remove",
  "path": "/ResourceTypes/AWS::Greengrass::LoggerDefinitionVersion"
 },
 {
  "op": "remove",
  "path": "/ResourceTypes/AWS::Greengrass::ResourceDefinition"
 },
 {
  "op": "remove",
  "path": "/ResourceTypes/AWS::Greengrass::ResourceDefinitionVersion"
 },
 {
  "op": "remove",
  "path": "/ResourceTypes/AWS::Greengrass::SubscriptionDefinition"
 },
 {
  "op": "remove",
  "path": "/ResourceTypes/AWS::Greengrass::SubscriptionDefinitionVersion"
 },
 {
  "op": "remove",
  "path": "/ResourceTypes/AWS::WorkSpaces::Workspace"
 },
 {
  "op": "remove",
  "path": "/PropertyTypes/AWS::AppStream::DirectoryConfig.ServiceAccountCredentials"
 },
 {
  "op": "remove",
  "path": "/PropertyTypes/AWS::AppStream::Fleet.ComputeCapacity"
 },
 {
  "op": "remove",
  "path": "/PropertyTypes/AWS::AppStream::Fleet.DomainJoinInfo"
 },
 {
  "op": "remove",
  "path": "/PropertyTypes/AWS::AppStream::Fleet.S3Location"
 },
 {
  "op": "remove",
  "path": "/PropertyTypes/AWS::AppStream::Fleet.VpcConfig"
 },
 {
  "op": "remove",
  "path": "/PropertyTypes/AWS::AppStream::ImageBuilder.AccessEndpoint"
 },
 {
  "op": "remove",
  "path": "/PropertyTypes/AWS::AppStream::ImageBuilder.DomainJoinInfo"
 },
 {
  "op": "remove",
  "path": "/PropertyTypes/AWS::AppStream::ImageBuilder.VpcConfig"
 },
 {
  "op": "remove",
  "path": "/PropertyTypes/AWS::AppStream::Stack.AccessEndpoint"
 },
 {
  "op": "remove",
  "path": "/PropertyTypes/AWS::AppStream::Stack.ApplicationSettings"
 },
 {
  "op": "remove",
  "path": "/PropertyTypes/AWS::AppStream::Stack.StorageConnector"
 },
 {
  "op": "remove",
  "path": "/PropertyTypes/AWS::AppStream::Stack.UserSetting"
 },
 {
  "op": "remove",
  "path": "/PropertyTypes/AWS::DataPipeline::Pipeline.Field"
 },
 {
  "op": "remove",
  "path": "/PropertyTypes/AWS::DataPipeline::Pipeline.ParameterAttribute"
 },
 {
  "op": "remove",
  "path": "/PropertyTypes/AWS::DataPipeline::Pipeline.ParameterObject"
 },
 {
  "op": "remove",
  "path": "/PropertyTypes/AWS::DataPipeline::Pipeline.ParameterValue"
 },
 {
  "op": "remove",
  "path": "/PropertyTypes/AWS::DataPipeline::Pipeline.PipelineObject"
 },
 {
  "op": "remove",
  "path": "/PropertyTypes/AWS::DataPipeline::Pipeline.PipelineTag"
 },
 {
  "op": "remove",
  "path": "/PropertyTypes/AWS::Greengrass::ConnectorDefinition.Connector"
 },
 {
  "op": "remove",
  "path": "/PropertyTypes/AWS::Greengrass::ConnectorDefinition.ConnectorDefinitionVersion"
 },
 {
  "op": "remove",
  "path": "/PropertyTypes/AWS::Greengrass::ConnectorDefinitionVersion.Connector"
 },
 {
  "op": "remove",
  "path": "/PropertyTypes/AWS::Greengrass::CoreDefinition.Core"
 },
 {
  "op": "remove",
  "path": "/PropertyTypes/AWS::Greengrass::CoreDefinition.CoreDefinitionVersion"
 },
 {
  "op": "remove",
  "path": "/PropertyTypes/AWS::Greengrass::CoreDefinitionVersion.Core"
 },
 {
  "op": "remove",
  "path": "/PropertyTypes/AWS::Greengrass::DeviceDefinition.Device"
 },
 {
  "op": "remove",
  "path": "/PropertyTypes/AWS::Greengrass::DeviceDefinition.DeviceDefinitionVersion"
 },
 {
  "op": "remove",
  "path": "/PropertyTypes/AWS::Greengrass::DeviceDefinitionVersion.Device"
 },
 {
  "op": "remove",
  "path": "/PropertyTypes/AWS::Greengrass::FunctionDefinition.DefaultConfig"
 },
 {
  "op": "remove",
  "path": "/PropertyTypes/AWS::Greengrass::FunctionDefinition.Environment"
 },
 {
  "op": "remove",
  "path": "/PropertyTypes/AWS::Greengrass::FunctionDefinition.Execution"
 },
 {
  "op": "remove",
  "path": "/PropertyTypes/AWS::Greengrass::FunctionDefinition.Function"
 },
 {
  "op": "remove",
  "path": "/PropertyTypes/AWS::Greengrass::FunctionDefinition.FunctionConfiguration"
 },
 {
  "op": "remove",
  "path": "/PropertyTypes/AWS::Greengrass::FunctionDefinition.FunctionDefinitionVersion"
 },
 {
  "op": "remove",
  "path": "/PropertyTypes/AWS::Greengrass::FunctionDefinition.ResourceAccessPolicy"
 },
 {
  "op": "remove",
  "path": "/PropertyTypes/AWS::Greengrass::FunctionDefinition.RunAs"
 },
 {
  "op": "remove",
  "path": "/PropertyTypes/AWS::Greengrass::FunctionDefinitionVersion.DefaultConfig"
 },
 {
  "op": "remove",
  "path": "/PropertyTypes/AWS::Greengrass::FunctionDefinitionVersion.Environment"
 },
 {
  "op": "remove",
  "path": "/PropertyTypes/AWS::Greengrass::FunctionDefinitionVersion.Execution"
 },
 {
  "op": "remove",
  "path": "/PropertyTypes/AWS::Greengrass::FunctionDefinitionVersion.Function"
 },
 {
  "op": "remove",
  "path": "/PropertyTypes/AWS::Greengrass::FunctionDefinitionVersion.FunctionConfiguration"
 },
 {
  "op": "remove",
  "path": "/PropertyTypes/AWS::Greengrass::FunctionDefinitionVersion.ResourceAccessPolicy"
 },
 {
  "op": "remove",
  "path": "/PropertyTypes/AWS::Greengrass::FunctionDefinitionVersion.RunAs"
 },
 {
  "op": "remove",
  "path": "/PropertyTypes/AWS::Greengrass::Group.GroupVersion"
 },
 {
  "op": "remove",
  "path": "/PropertyTypes/AWS::Greengrass::LoggerDefinition.Logger"
 },
 {
  "op": "remove",
  "path": "/PropertyTypes/AWS::Greengrass::LoggerDefinition.LoggerDefinitionVersion"
 },
 {
  "op": "remove",
  "path": "/PropertyTypes/AWS::Greengrass::LoggerDefinitionVersion.Logger"
 },
 {
  "op": "remove",
  "path": "/PropertyTypes/AWS::Greengrass::ResourceDefinition.GroupOwnerSetting"
 },
 {
  "op": "remove",
  "path": "/PropertyTypes/AWS::Greengrass::ResourceDefinition.LocalDeviceResourceData"
 },
 {
  "op": "remove",
  "path": "/PropertyTypes/AWS::Greengrass::ResourceDefinition.LocalVolumeResourceData"
 },
 {
  "op": "remove",
  "path": "/PropertyTypes/AWS::Greengrass::ResourceDefinition.ResourceDataContainer"
 },
 {
  "op": "remove",
  "path": "/PropertyTypes/AWS::Greengrass::ResourceDefinition.ResourceDefinitionVersion"
 },
 {
  "op": "remove",
  "path": "/PropertyTypes/AWS::Greengrass::ResourceDefinition.ResourceDownloadOwnerSetting"
 },
 {
  "op": "remove",
  "path": "/PropertyTypes/AWS::Greengrass::ResourceDefinition.ResourceInstance"
 },
 {
  "op": "remove",
  "path": "/PropertyTypes/AWS::Greengrass::ResourceDefinition.S3MachineLearningModelResourceData"
 },
 {
  "op": "remove",
  "path": "/PropertyTypes/AWS::Greengrass::ResourceDefinition.SageMakerMachineLearningModelResourceData"
 },
 {
  "op": "remove",
  "path": "/PropertyTypes/AWS::Greengrass::ResourceDefinition.SecretsManagerSecretResourceData"
 },
 {
  "op": "remove",
  "path": "/PropertyTypes/AWS::Greengrass::ResourceDefinitionVersion.GroupOwnerSetting"
 },
 {
  "op": "remove",
  "path": "/PropertyTypes/AWS::Greengrass::ResourceDefinitionVersion.LocalDeviceResourceData"
 },
 {
  "op": "remove",
  "path": "/PropertyTypes/AWS::Greengrass::ResourceDefinitionVersion.LocalVolumeResourceData"
 },
 {
  "op": "remove",
  "path": "/PropertyTypes/AWS::Greengrass::ResourceDefinitionVersion.ResourceDataContainer"
 },
 {
  "op": "remove",
  "path": "/PropertyTypes/AWS::Greengrass::ResourceDefinitionVersion.ResourceDownloadOwnerSetting"
 },
 {
  "op": "remove",
  "path": "/PropertyTypes/AWS::Greengrass::ResourceDefinitionVersion.ResourceInstance"
 },
 {
  "op": "remove",
  "path": "/PropertyTypes/AWS::Greengrass::ResourceDefinitionVersion.S3MachineLearningModelResourceData"
 },
 {
  "op": "remove",
  "path": "/PropertyTypes/AWS::Greengrass::ResourceDefinitionVersion.SageMakerMachineLearningModelResourceData"
 },
 {
  "op": "remove",
  "path": "/PropertyTypes/AWS::Greengrass::ResourceDefinitionVersion.SecretsManagerSecretResourceData"
 },
 {
  "op": "remove",
  "path": "/PropertyTypes/AWS::Greengrass::SubscriptionDefinition.Subscription"
 },
 {
  "op": "remove",
  "path": "/PropertyTypes/AWS::Greengrass::SubscriptionDefinition.SubscriptionDefinitionVersion"
 },
 {
  "op": "remove",
  "path": "/PropertyTypes/AWS::Greengrass::SubscriptionDefinitionVersion.Subscription"
 },
 {
  "op": "remove",
  "path": "/PropertyTypes/AWS::WorkSpaces::Workspace.WorkspaceProperties"
 }
]