[
 {
  "op": "add",
  "path": "/ValueTypes/Ec2InstanceType/AllowedValues",
  "value": [
   "c3.2xlarge",
   "c3.4xlarge",
   "c3.8xlarge",
   "c3.large",
   "c3.xlarge",
   "c4.2xlarge",
   "c4.4xlarge",
   "c4.8xlarge",
   "c4.large",
   "c4.xlarge",
   "c5.12xlarge",
   "c5.18xlarge",
   "c5.24xlarge",
   "c5.2xlarge",
   "c5.4xlarge",
   "c5.9xlarge",
   "c5.large",
   "c5.metal",
   "c5.xlarge",
   "c5d.12xlarge",
   "c5d.18xlarge",
   "c5d.24xlarge",
   "c5d.2xlarge",
   "c5d.4xlarge",
   "c5d.9xlarge",
   "c5d.large",
   "c5d.metal",
   "c5d.xlarge",
   "c5n.18xlarge",
   "c5n.2xlarge",
   "c5n.4xlarge",
   "c5n.9xlarge",
   "c5n.large",
   "c5n.metal",
   "c5n.xlarge",
   "c6g.12xlarge",
   "c6g.16xlarge",
   "c6g.2xlarge",
   "c6g.4xlarge",
   "c6g.8xlarge",
   "c6g.large",
   "c6g.medium",
   "c6g.metal",
   "c6g.xlarge",
   "c6gd.12xlarge",
   "c6gd.16xlarge",
   "c6gd.2xlarge",
   "c6gd.4xlarge",
   "c6gd.8xlarge",
   "c6gd.large",
   "c6gd.medium",
   "c6gd.metal",
   "c6gd.xlarge",
   "c6gn.12xlarge",
   "c6gn.16xlarge",
   "c6gn.2xlarge",
   "c6gn.4xlarge",
   "c6gn.8xlarge",
   "c6gn.large",
   "c6gn.medium",
   "c6gn.xlarge",
   "c6i.12xlarge",
   "c6i.16xlarge",
   "c6i.24xlarge",
   "c6i.2xlarge",
   "c6i.32xlarge",
   "c6i.4xlarge",
   "c6i.8xlarge",
   "c6i.large",
   "c6i.metal",
   "c6i.xlarge",
   "d2.2xlarge",
   "d2.4xlarge",
   "d2.8xlarge",
   "d2.xlarge",
   "g4dn.12xlarge",
   "g4dn.16xlarge",
   "g4dn.2xlarge",
   "g4dn.4xlarge",
   "g4dn.8xlarge",
   "g4dn.metal",
   "g4dn.xlarge",
   "i3.16xlarge",
   "i3.2xlarge",
   "i3.4xlarge",
   "i3.8xlarge",
   "i3.large",
   "i3.metal",
   "i3.xlarge",
   "i3en.12xlarge",
   "i3en.24xlarge",
   "i3en.2xlarge",
   "i3en.3xlarge",
   "i3en.6xlarge",
   "i3en.large",
   "i3en.metal",
   "i3en.xlarge",
   "inf1.24xlarge",
   "inf1.2xlarge",
   "inf1.6xlarge",
   "inf1.xlarge",
   "m3.2xlarge",
   "m3.large",
   "m3.medium",
   "m3.xlarge",
   "m4.10xlarge",
   "m4.16xlarge",
   "m4.2xlarge",
   "m4.4xlarge",
   "m4.large",
   "m4.xlarge",
   "m5.12xlarge",
   "m5.16xlarge",
   "m5.24xlarge",
   "m5.2xlarge",
   "m5.4xlarge",
   "m5.8xlarge",
   "m5.large",
   "m5.metal",
   "m5.xlarge",
   "m5d.12xlarge",
   "m5d.16xlarge",
   "m5d.24xlarge",
   "m5d.2xlarge",
   "m5d.4xlarge",
   "m5d.8xlarge",
   "m5d.large",
   "m5d.metal",
   "m5d.xlarge",
   "m6gd.12xlarge",
   "m6gd.16xlarge",
   "m6gd.2xlarge",
   "m6gd.4xlarge",
   "m6gd.8xlarge",
   "m6gd.large",
   "m6gd.medium",
   "m6gd.metal",
   "m6gd.xlarge",
   "m6i.12xlarge",
   "m6i.16xlarge",
   "m6i.24xlarge",
   "m6i.2xlarge",
   "m6i.32xlarge",
   "m6i.4xlarge",
   "m6i.8xlarge",
   "m6i.large",
   "m6i.metal",
   "m6i.xlarge",
   "r3.2xlarge",
   "r3.4xlarge",
   "r3.8xlarge",
   "r3.large",
   "r3.xlarge",
   "r4.16xlarge",
   "r4.2xlarge",
   "r4.4xlarge",
   "r4.8xlarge",
   "r4.large",
   "r4.xlarge",
   "r5.12xlarge",
   "r5.16xlarge",
   "r5.24xlarge",
   "r5.2xlarge",
   "r5.4xlarge",
   "r5.8xlarge",
   "r5.large",
   "r5.metal",
   "r5.xlarge",
   "r5d.12xlarge",
   "r5d.16xlarge",
   "r5d.24xlarge",
   "r5d.2xlarge",
   "r5d.4xlarge",
   "r5d.8xlarge",
   "r5d.large",
   "r5d.metal",
   "r5d.xlarge",
   "r6g.12xlarge",
   "r6g.16xlarge",
   "r6g.2xlarge",
   "r6g.4xlarge",
   "r6g.8xlarge",
   "r6g.large",
   "r6g.medium",
   "r6g.metal",
   "r6g.xlarge",
   "r6gd.12xlarge",
   "r6gd.16xlarge",
   "r6gd.2xlarge",
   "r6gd.4xlarge",
   "r6gd.8xlarge",
   "r6gd.large",
   "r6gd.medium",
   "r6gd.metal",
   "r6gd.xlarge",
   "r6i.12xlarge",
   "r6i.16xlarge",
   "r6i.24xlarge",
   "r6i.2xlarge",
   "r6i.32xlarge",
   "r6i.4xlarge",
   "r6i.8xlarge",
   "r6i.large",
   "r6i.metal",
   "r6i.xlarge",
   "t2.2xlarge",
   "t2.large",
   "t2.medium",
   "t2.micro",
   "t2.nano",
   "t2.small",
   "t2.xlarge",
   "t3.2xlarge",
   "t3.large",
   "t3.medium",
   "t3.micro",
   "t3.nano",
   "t3.small",
   "t3.xlarge",
   "x1.16xlarge",
   "x1.32xlarge",
   "x1e.16xlarge",
   "x1e.2xlarge",
   "x1e.32xlarge",
   "x1e.4xlarge",
   "x1e.8xlarge",
   "x1e.xlarge",
   "x2idn.16xlarge",
   "x2idn.24xlarge",
   "x2idn.32xlarge",
   "x2idn.metal",
   "x2iedn.16xlarge",
   "x2iedn.24xlarge",
   "x2iedn.2xlarge",
   "x2iedn.32xlarge",
   "x2iedn.4xlarge",
   "x2iedn.8xlarge",
   "x2iedn.metal",
   "x2iedn.xlarge"
  ]
 },
 {
  "op": "add",
  "path": "/ValueTypes/AWS::AmazonMQ::Broker.HostInstanceType/AllowedValues",
  "value": [
   "mq.m5.2xlarge",
   "mq.m5.4xlarge",
   "mq.m5.large",
   "mq.m5.xlarge",
   "mq.t3.micro"
  ]
 },
 {
  "op": "add",
  "path": "/ValueTypes/AWS::RDS::DBInstance.DBInstanceClass/AllowedValues",
  "value": [
   "db.m4.10xlarge",
   "db.m4.16xlarge",
   "db.m4.2xlarge",
   "db.m4.4xlarge",
   "db.m4.large",
   "db.m4.xlarge",
   "db.m5.12xlarge",
   "db.m5.16xlarge",
   "db.m5.24xlarge",
   "db.m5.2xlarge",
   "db.m5.4xlarge",
   "db.m5.8xlarge",
   "db.m5.large",
   "db.m5.xlarge",
   "db.m5d.12xlarge",
   "db.m5d.16xlarge",
   "db.m5d.24xlarge",
   "db.m5d.2xlarge",
   "db.m5d.4xlarge",
   "db.m5d.8xlarge",
   "db.m5d.large",
   "db.m5d.xlarge",
   "db.r4.16xlarge",
   "db.r4.2xlarge",
   "db.r4.4xlarge",
   "db.r4.8xlarge",
   "db.r4.large",
   "db.r4.xlarge",
   "db.r5.12xlarge",
   "db.r5.12xlarge.tpc2.mem2x",
   "db.r5.16xlarge",
   "db.r5.24xlarge",
   "db.r5.2xlarge",
   "db.r5.2xlarge.tpc1.mem2x",
   "db.r5.2xlarge.tpc2.mem4x",
   "db.r5.2xlarge.tpc2.mem8x",
   "db.r5.4xlarge",
   "db.r5.4xlarge.tpc2.mem2x",
   "db.r5.4xlarge.tpc2.mem3x",
   "db.r5.4xlarge.tpc2.mem4x",
   "db.r5.6xlarge.tpc2.mem4x",
   "db.r5.8xlarge",
   "db.r5.8xlarge.tpc2.mem3x",
   "db.r5.large",
   "db.r5.large.tpc1.mem2x",
   "db.r5.xlarge",
   "db.r5.xlarge.tpc2.mem2x",
   "db.r5.xlarge.tpc2.mem4x",
   "db.r5d.12xlarge",
   "db.r5d.16xlarge",
   "db.r5d.24xlarge",
   "db.r5d.2xlarge",
   "db.r5d.4xlarge",
   "db.r5d.8xlarge",
   "db.r5d.large",
   "db.r5d.xlarge",
   "db.serverless",
   "db.t2.2xlarge",
   "db.t2.large",
   "db.t2.medium",
   "db.t2.micro",
   "db.t2.small",
   "db.t2.xlarge",
   "db.t3.2xlarge",
   "db.t3.large",
   "db.t3.medium",
   "db.t3.micro",
   "db.t3.small",
   "db.t3.xlarge"
  ]
 },
 {
  "op": "add",
  "path": "/ValueTypes/RedshiftInstanceType/AllowedValues",
  "value": [
   "dc2.8xlarge",
   "dc2.large",
   "ds2.8xlarge",
   "ds2.xlarge",
   "ra3.16xlarge",
   "ra3.4xlarge",
   "ra3.xlplus"
  ]
 },
 {
  "op": "add",
  "path": "/ValueTypes/ElastiCacheInstanceType/AllowedValues",
  "value": [
   "cache.m5.12xlarge",
   "cache.m5.24xlarge",
   "cache.m5.2xlarge",
   "cache.m5.4xlarge",
   "cache.m5.large",
   "cache.m5.xlarge",
   "cache.r4.16xlarge",
   "cache.r4.2xlarge",
   "cache.r4.4xlarge",
   "cache.r4.8xlarge",
   "cache.r4.large",
   "cache.r4.xlarge",
   "cache.r5.12xlarge",
   "cache.r5.24xlarge",
   "cache.r5.2xlarge",
   "cache.r5.4xlarge",
   "cache.r5.large",
   "cache.r5.xlarge",
   "cache.t2.medium",
   "cache.t2.micro",
   "cache.t2.small",
   "cache.t3.medium",
   "cache.t3.micro",
   "cache.t3.small"
  ]
 },
 {
  "op": "add",
  "path": "/ValueTypes/EMRInstanceType/AllowedValues",
  "value": [
   "c4.2xlarge",
   "c4.4xlarge",
   "c4.8xlarge",
   "c4.large",
   "c4.xlarge",
   "c5.12xlarge",
   "c5.18xlarge",
   "c5.24xlarge",
   "c5.2xlarge",
   "c5.4xlarge",
   "c5.9xlarge",
   "c5.xlarge",
   "c5d.12xlarge",
   "c5d.18xlarge",
   "c5d.24xlarge",
   "c5d.2xlarge",
   "c5d.4xlarge",
   "c5d.9xlarge",
   "c5d.xlarge",
   "c5n.18xlarge",
   "c5n.2xlarge",
   "c5n.4xlarge",
   "c5n.9xlarge",
   "c5n.xlarge",
   "c6g.12xlarge",
   "c6g.16xlarge",
   "c6g.2xlarge",
   "c6g.4xlarge",
   "c6g.8xlarge",
   "c6g.xlarge",
   "c6gd.12xlarge",
   "c6gd.16xlarge",
   "c6gd.2xlarge",
   "c6gd.4xlarge",
   "c6gd.8xlarge",
   "c6gd.xlarge",
   "c6gn.12xlarge",
   "c6gn.16xlarge",
   "c6gn.2xlarge",
   "c6gn.4xlarge",
   "c6gn.8xlarge",
   "c6gn.xlarge",
   "c6i.12xlarge",
   "c6i.16xlarge",
   "c6i.24xlarge",
   "c6i.2xlarge",
   "c6i.32xlarge",
   "c6i.4xlarge",
   "c6i.8xlarge",
   "c6i.xlarge",
   "d2.2xlarge",
   "d2.4xlarge",
   "d2.8xlarge",
   "d2.xlarge",
   "g4dn.12xlarge",
   "g4dn.16xlarge",
   "g4dn.2xlarge",
   "g4dn.4xlarge",
   "g4dn.8xlarge",
   "g4dn.xlarge",
   "i3.16xlarge",
   "i3.2xlarge",
   "i3.4xlarge",
   "i3.8xlarge",
   "i3.xlarge",
   "i3en.12xlarge",
   "i3en.24xlarge",
   "i3en.2xlarge",
   "i3en.3xlarge",
   "i3en.6xlarge",
   "i3en.xlarge",
   "m4.16xlarge",
   "m4.2xlarge",
   "m4.4xlarge",
   "m4.large",
   "m4.xlarge",
   "m5.12xlarge",
   "m5.16xlarge",
   "m5.24xlarge",
   "m5.2xlarge",
   "m5.4xlarge",
   "m5.8xlarge",
   "m5.xlarge",
   "m5d.12xlarge",
   "m5d.16xlarge",
   "m5d.24xlarge",
   "m5d.2xlarge",
   "m5d.4xlarge",
   "m5d.8xlarge",
   "m5d.xlarge",
   "m6gd.12xlarge",
   "m6gd.16xlarge",
   "m6gd.2xlarge",
   "m6gd.4xlarge",
   "m6gd.8xlarge",
   "m6gd.xlarge",
   "m6i.12xlarge",
   "m6i.16xlarge",
   "m6i.24xlarge",
   "m6i.2xlarge",
   "m6i.32xlarge",
   "m6i.4xlarge",
   "m6i.8xlarge",
   "m6i.xlarge",
   "r4.16xlarge",
   "r4.2xlarge",
   "r4.4xlarge",
   "r4.8xlarge",
   "r4.xlarge",
   "r5.12xlarge",
   "r5.16xlarge",
   "r5.24xlarge",
   "r5.2xlarge",
   "r5.4xlarge",
   "r5.8xlarge",
   "r5.xlarge",
   "r5d.12xlarge",
   "r5d.16xlarge",
   "r5d.24xlarge",
   "r5d.2xlarge",
   "r5d.4xlarge",
   "r5d.8xlarge",
   "r5d.xlarge",
   "r6g.12xlarge",
   "r6g.16xlarge",
   "r6g.2xlarge",
   "r6g.4xlarge",
   "r6g.8xlarge",
   "r6g.xlarge",
   "r6gd.12xlarge",
   "r6gd.16xlarge",
   "r6gd.2xlarge",
   "r6gd.4xlarge",
   "r6gd.8xlarge",
   "r6gd.xlarge",
   "r6i.12xlarge",
   "r6i.16xlarge",
   "r6i.24xlarge",
   "r6i.2xlarge",
   "r6i.32xlarge",
   "r6i.4xlarge",
   "r6i.8xlarge",
   "r6i.xlarge",
   "x1.16xlarge",
   "x1.32xlarge",
   "x1e.16xlarge",
   "x1e.2xlarge",
   "x1e.32xlarge",
   "x1e.4xlarge",
   "x1e.8xlarge",
   "x1e.xlarge",
   "x2idn.16xlarge",
   "x2idn.24xlarge",
   "x2idn.32xlarge",
   "x2iedn.16xlarge",
   "x2iedn.24xlarge",
   "x2iedn.2xlarge",
   "x2iedn.32xlarge",
   "x2iedn.4xlarge",
   "x2iedn.8xlarge",
   "x2iedn.xlarge"
  ]
 },
 {
  "op": "add",
  "path": "/ValueTypes/AWS::GameLift::Fleet.EC2InstanceType/AllowedValues",
  "value": [
   "c4.2xlarge",
   "c4.4xlarge",
   "c4.8xlarge",
   "c4.large",
   "c4.xlarge",
   "c5.12xlarge",
   "c5.18xlarge",
   "c5.24xlarge",
   "c5.2xlarge",
   "c5.4xlarge",
   "c5.9xlarge",
   "c5.large",
   "c5.xlarge",
   "c5d.12xlarge",
   "c5d.18xlarge",
   "c5d.24xlarge",
   "c5d.2xlarge",
   "c5d.4xlarge",
   "c5d.9xlarge",
   "c5d.large",
   "c5d.xlarge",
   "m4.10xlarge",
   "m4.2xlarge",
   "m4.4xlarge",
   "m4.large",
   "m4.xlarge",
   "m5.12xlarge",
   "m5.16xlarge",
   "m5.24xlarge",
   "m5.2xlarge",
   "m5.4xlarge",
   "m5.8xlarge",
   "m5.large",
   "m5.xlarge",
   "r4.16xlarge",
   "r4.2xlarge",
   "r4.4xlarge",
   "r4.8xlarge",
   "r4.large",
   "r4.xlarge",
   "r5.12xlarge",
   "r5.16xlarge",
   "r5.24xlarge",
   "r5.2xlarge",
   "r5.4xlarge",
   "r5.8xlarge",
   "r5.large",
   "r5.xlarge",
   "r5d.12xlarge",
   "r5d.16xlarge",
   "r5d.24xlarge",
   "r5d.2xlarge",
   "r5d.4xlarge",
   "r5d.8xlarge",
   "r5d.large",
   "r5d.xlarge"
  ]
 }
]