[
 {
  "op": "add",
  "path": "/ResourceTypes/AWS::ServiceDiscovery::HttpNamespace",
  "value": {
   "Attributes": {
    "Arn": {
     "PrimitiveType": "String"
    },
    "Id": {
     "PrimitiveType": "String"
    }
   },
   "Documentation": "http://docs.aws.amazon.com/AWSCloudFormation/latest/UserGuide/aws-resource-servicediscovery-httpnamespace.html",
   "Properties": {
    "Description": {
     "Documentation": "http://docs.aws.amazon.com/AWSCloudFormation/latest/UserGuide/aws-resource-servicediscovery-httpnamespace.html#cfn-servicediscovery-httpnamespace-description",
     "PrimitiveType": "String",
     "Required": false,
     "UpdateType": "Mutable"
    },
    "Name": {
     "Documentation": "http://docs.aws.amazon.com/AWSCloudFormation/latest/UserGuide/aws-resource-servicediscovery-httpnamespace.html#cfn-servicediscovery-httpnamespace-name",
     "PrimitiveType": "String",
     "Required": true,
     "UpdateType": "Immutable"
    },
    "Tags": {
     "Documentation": "http://docs.aws.amazon.com/AWSCloudFormation/latest/UserGuide/aws-resource-servicediscovery-httpnamespace.html#cfn-servicediscovery-httpnamespace-tags",
     "ItemType": "Tag",
     "Required": false,
     "Type": "List",
     "UpdateType": "Mutable"
    }
   }
  }
 },
 {
  "op": "add",
  "path": "/ResourceTypes/AWS::ServiceDiscovery::Instance",
  "value": {
   "Documentation": "http://docs.aws.amazon.com/AWSCloudFormation/latest/UserGuide/aws-resource-servicediscovery-instance.html",
   "Properties": {
    "InstanceAttributes": {
     "Documentation": "http://docs.aws.amazon.com/AWSCloudFormation/latest/UserGuide/aws-resource-servicediscovery-instance.html#cfn-servicediscovery-instance-instanceattributes",
     "PrimitiveType": "Json",
     "Required": true,
     "UpdateType": "Mutable"
    },
    "InstanceId": {
     "Documentation": "http://docs.aws.amazon.com/AWSCloudFormation/latest/UserGuide/aws-resource-servicediscovery-instance.html#cfn-servicediscovery-instance-instanceid",
     "PrimitiveType": "String",
     "Required": false,
     "UpdateType": "Immutable"
    },
    "ServiceId": {
     "Documentation": "http://docs.aws.amazon.com/AWSCloudFormation/latest/UserGuide/aws-resource-servicediscovery-instance.html#cfn-servicediscovery-instance-serviceid",
     "PrimitiveType": "String",
     "Required": true,
     "UpdateType": "Immutable"
    }
   }
  }
 },
 {
  "op": "add",
  "path": "/ResourceTypes/AWS::ServiceDiscovery::PrivateDnsNamespace",
  "value": {
   "Attributes": {
    "Arn": {
     "PrimitiveType": "String"
    },
    "HostedZoneId": {
     "PrimitiveType": "String"
    },
    "Id": {
     "PrimitiveType": "String"
    }
   },
   "Documentation": "http://docs.aws.amazon.com/AWSCloudFormation/latest/UserGuide/aws-resource-servicediscovery-privatednsnamespace.html",
   "Properties": {
    "Description": {
     "Documentation": "http://docs.aws.amazon.com/AWSCloudFormation/latest/UserGuide/aws-resource-servicediscovery-privatednsnamespace.html#cfn-servicediscovery-privatednsnamespace-description",
     "PrimitiveType": "String",
     "Required": false,
     "UpdateType": "Mutable"
    },
    "Name": {
     "Documentation": "http://docs.aws.amazon.com/AWSCloudFormation/latest/UserGuide/aws-resource-servicediscovery-privatednsnamespace.html#cfn-servicediscovery-privatednsnamespace-name",
     "PrimitiveType": "String",
     "Required": true,
     "UpdateType": "Immutable"
    },
    "Properties": {
     "Documentation": "http://docs.aws.amazon.com/AWSCloudFormation/latest/UserGuide/aws-resource-servicediscovery-privatednsnamespace.html#cfn-servicediscovery-privatednsnamespace-properties",
     "Required": false,
     "Type": "Properties",
     "UpdateType": "Mutable"
    },
    "Tags": {
     "Documentation": "http://docs.aws.amazon.com/AWSCloudFormation/latest/UserGuide/aws-resource-servicediscovery-privatednsnamespace.html#cfn-servicediscovery-privatednsnamespace-tags",
     "ItemType": "Tag",
     "Required": false,
     "Type": "List",
     "UpdateType": "Mutable"
    },
    "Vpc": {
     "Documentation": "http://docs.aws.amazon.com/AWSCloudFormation/latest/UserGuide/aws-resource-servicediscovery-privatednsnamespace.html#cfn-servicediscovery-privatednsnamespace-vpc",
     "PrimitiveType": "String",
     "Required": true,
     "UpdateType": "Immutable"
    }
   }
  }
 },
 {
  "op": "add",
  "path": "/ResourceTypes/AWS::ServiceDiscovery::PublicDnsNamespace",
  "value": {
   "Attributes": {
    "Arn": {
     "PrimitiveType": "String"
    },
    "HostedZoneId": {
     "PrimitiveType": "String"
    },
    "Id": {
     "PrimitiveType": "String"
    }
   },
   "Documentation": "http://docs.aws.amazon.com/AWSCloudFormation/latest/UserGuide/aws-resource-servicediscovery-publicdnsnamespace.html",
   "Properties": {
    "Description": {
     "Documentation": "http://docs.aws.amazon.com/AWSCloudFormation/latest/UserGuide/aws-resource-servicediscovery-publicdnsnamespace.html#cfn-servicediscovery-publicdnsnamespace-description",
     "PrimitiveType": "String",
     "Required": false,
     "UpdateType": "Mutable"
    },
    "Name": {
     "Documentation": "http://docs.aws.amazon.com/AWSCloudFormation/latest/UserGuide/aws-resource-servicediscovery-publicdnsnamespace.html#cfn-servicediscovery-publicdnsnamespace-name",
     "PrimitiveType": "String",
     "Required": true,
     "UpdateType": "Immutable"
    },
    "Properties": {
     "Documentation": "http://docs.aws.amazon.com/AWSCloudFormation/latest/UserGuide/aws-resource-servicediscovery-publicdnsnamespace.html#cfn-servicediscovery-publicdnsnamespace-properties",
     "Required": false,
     "Type": "Properties",
     "UpdateType": "Mutable"
    },
    "Tags": {
     "Documentation": "http://docs.aws.amazon.com/AWSCloudFormation/latest/UserGuide/aws-resource-servicediscovery-publicdnsnamespace.html#cfn-servicediscovery-publicdnsnamespace-tags",
     "ItemType": "Tag",
     "Required": false,
     "Type": "List",
     "UpdateType": "Mutable"
    }
   }
  }
 },
 {
  "op": "add",
  "path": "/ResourceTypes/AWS::ServiceDiscovery::Service",
  "value": {
   "Attributes": {
    "Arn": {
     "PrimitiveType": "String"
    },
    "Id": {
     "PrimitiveType": "String"
    },
    "Name": {
     "PrimitiveType": "String"
    }
   },
   "Documentation": "http://docs.aws.amazon.com/AWSCloudFormation/latest/UserGuide/aws-resource-servicediscovery-service.html",
   "Properties": {
    "Description": {
     "Documentation": "http://docs.aws.amazon.com/AWSCloudFormation/latest/UserGuide/aws-resource-servicediscovery-service.html#cfn-servicediscovery-service-description",
     "PrimitiveType": "String",
     "Required": false,
     "UpdateType": "Mutable"
    },
    "DnsConfig": {
     "Documentation": "http://docs.aws.amazon.com/AWSCloudFormation/latest/UserGuide/aws-resource-servicediscovery-service.html#cfn-servicediscovery-service-dnsconfig",
     "Required": false,
     "Type": "DnsConfig",
     "UpdateType": "Mutable"
    },
    "HealthCheckConfig": {
     "Documentation": "http://docs.aws.amazon.com/AWSCloudFormation/latest/UserGuide/aws-resource-servicediscovery-service.html#cfn-servicediscovery-service-healthcheckconfig",
     "Required": false,
     "Type": "HealthCheckConfig",
     "UpdateType": "Mutable"
    },
    "HealthCheckCustomConfig": {
     "Documentation": "http://docs.aws.amazon.com/AWSCloudFormation/latest/UserGuide/aws-resource-servicediscovery-service.html#cfn-servicediscovery-service-healthcheckcustomconfig",
     "Required": false,
     "Type": "HealthCheckCustomConfig",
     "UpdateType": "Immutable"
    },
    "Name": {
     "Documentation": "http://docs.aws.amazon.com/AWSCloudFormation/latest/UserGuide/aws-resource-servicediscovery-service.html#cfn-servicediscovery-service-name",
     "PrimitiveType": "String",
     "Required": false,
     "UpdateType": "Immutable"
    },
    "NamespaceId": {
     "Documentation": "http://docs.aws.amazon.com/AWSCloudFormation/latest/UserGuide/aws-resource-servicediscovery-service.html#cfn-servicediscovery-service-namespaceid",
     "PrimitiveType": "String",
     "Required": false,
     "UpdateType": "Immutable"
    },
    "Tags": {
     "Documentation": "http://docs.aws.amazon.com/AWSCloudFormation/latest/UserGuide/aws-resource-servicediscovery-service.html#cfn-servicediscovery-service-tags",
     "ItemType": "Tag",
     "Required": false,
     "Type": "List",
     "UpdateType": "Mutable"
    },
    "Type": {
     "Documentation": "http://docs.aws.amazon.com/AWSCloudFormation/latest/UserGuide/aws-resource-servicediscovery-service.html#cfn-servicediscovery-service-type",
     "PrimitiveType": "String",
     "Required": false,
     "UpdateType": "Immutable"
    }
   }
  }
 },
 {
  "op": "add",
  "path": "/PropertyTypes/AWS::ServiceDiscovery::PrivateDnsNamespace.PrivateDnsPropertiesMutable",
  "value": {
   "Documentation": "http://docs.aws.amazon.com/AWSCloudFormation/latest/UserGuide/aws-properties-servicediscovery-privatednsnamespace-privatednspropertiesmutable.html",
   "Properties": {
    "SOA": {
     "Documentation": "http://docs.aws.amazon.com/AWSCloudFormation/latest/UserGuide/aws-properties-servicediscovery-privatednsnamespace-privatednspropertiesmutable.html#cfn-servicediscovery-privatednsnamespace-privatednspropertiesmutable-soa",
     "Required": false,
     "Type": "SOA",
     "UpdateType": "Mutable"
    }
   }
  }
 },
 {
  "op": "add",
  "path": "/PropertyTypes/AWS::ServiceDiscovery::PrivateDnsNamespace.Properties",
  "value": {
   "Documentation": "http://docs.aws.amazon.com/AWSCloudFormation/latest/UserGuide/aws-properties-servicediscovery-privatednsnamespace-properties.html",
   "Properties": {
    "DnsProperties": {
     "Documentation": "http://docs.aws.amazon.com/AWSCloudFormation/latest/UserGuide/aws-properties-servicediscovery-privatednsnamespace-properties.html#cfn-servicediscovery-privatednsnamespace-properties-dnsproperties",
     "Required": false,
     "Type": "PrivateDnsPropertiesMutable",
     "UpdateType": "Mutable"
    }
   }
  }
 },
 {
  "op": "add",
  "path": "/PropertyTypes/AWS::ServiceDiscovery::PrivateDnsNamespace.SOA",
  "value": {
   "Documentation": "http://docs.aws.amazon.com/AWSCloudFormation/latest/UserGuide/aws-properties-servicediscovery-privatednsnamespace-soa.html",
   "Properties": {
    "TTL": {
     "Documentation": "http://docs.aws.amazon.com/AWSCloudFormation/latest/UserGuide/aws-properties-servicediscovery-privatednsnamespace-soa.html#cfn-servicediscovery-privatednsnamespace-soa-ttl",
     "PrimitiveType": "Double",
     "Required": false,
     "UpdateType": "Mutable"
    }
   }
  }
 },
 {
  "op": "add",
  "path": "/PropertyTypes/AWS::ServiceDiscovery::PublicDnsNamespace.Properties",
  "value": {
   "Documentation": "http://docs.aws.amazon.com/AWSCloudFormation/latest/UserGuide/aws-properties-servicediscovery-publicdnsnamespace-properties.html",
   "Properties": {
    "DnsProperties": {
     "Documentation": "http://docs.aws.amazon.com/AWSCloudFormation/latest/UserGuide/aws-properties-servicediscovery-publicdnsnamespace-properties.html#cfn-servicediscovery-publicdnsnamespace-properties-dnsproperties",
     "Required": false,
     "Type": "PublicDnsPropertiesMutable",
     "UpdateType": "Mutable"
    }
   }
  }
 },
 {
  "op": "add",
  "path": "/PropertyTypes/AWS::ServiceDiscovery::PublicDnsNamespace.PublicDnsPropertiesMutable",
  "value": {
   "Documentation": "http://docs.aws.amazon.com/AWSCloudFormation/latest/UserGuide/aws-properties-servicediscovery-publicdnsnamespace-publicdnspropertiesmutable.html",
   "Properties": {
    "SOA": {
     "Documentation": "http://docs.aws.amazon.com/AWSCloudFormation/latest/UserGuide/aws-properties-servicediscovery-publicdnsnamespace-publicdnspropertiesmutable.html#cfn-servicediscovery-publicdnsnamespace-publicdnspropertiesmutable-soa",
     "Required": false,
     "Type": "SOA",
     "UpdateType": "Mutable"
    }
   }
  }
 },
 {
  "op": "add",
  "path": "/PropertyTypes/AWS::ServiceDiscovery::PublicDnsNamespace.SOA",
  "value": {
   "Documentation": "http://docs.aws.amazon.com/AWSCloudFormation/latest/UserGuide/aws-properties-servicediscovery-publicdnsnamespace-soa.html",
   "Properties": {
    "TTL": {
     "Documentation": "http://docs.aws.amazon.com/AWSCloudFormation/latest/UserGuide/aws-properties-servicediscovery-publicdnsnamespace-soa.html#cfn-servicediscovery-publicdnsnamespace-soa-ttl",
     "PrimitiveType": "Double",
     "Required": false,
     "UpdateType": "Mutable"
    }
   }
  }
 },
 {
  "op": "add",
  "path": "/PropertyTypes/AWS::ServiceDiscovery::Service.DnsConfig",
  "value": {
   "Documentation": "http://docs.aws.amazon.com/AWSCloudFormation/latest/UserGuide/aws-properties-servicediscovery-service-dnsconfig.html",
   "Properties": {
    "DnsRecords": {
     "Documentation": "http://docs.aws.amazon.com/AWSCloudFormation/latest/UserGuide/aws-properties-servicediscovery-service-dnsconfig.html#cfn-servicediscovery-service-dnsconfig-dnsrecords",
     "ItemType": "DnsRecord",
     "Required": true,
     "Type": "List",
     "UpdateType": "Mutable"
    },
    "NamespaceId": {
     "Documentation": "http://docs.aws.amazon.com/AWSCloudFormation/latest/UserGuide/aws-properties-servicediscovery-service-dnsconfig.html#cfn-servicediscovery-service-dnsconfig-namespaceid",
     "PrimitiveType": "String",
     "Required": false,
     "UpdateType": "Immutable"
    },
    "RoutingPolicy": {
     "Documentation": "http://docs.aws.amazon.com/AWSCloudFormation/latest/UserGuide/aws-properties-servicediscovery-service-dnsconfig.html#cfn-servicediscovery-service-dnsconfig-routingpolicy",
     "PrimitiveType": "String",
     "Required": false,
     "UpdateType": "Mutable"
    }
   }
  }
 },
 {
  "op": "add",
  "path": "/PropertyTypes/AWS::ServiceDiscovery::Service.DnsRecord",
  "value": {
   "Documentation": "http://docs.aws.amazon.com/AWSCloudFormation/latest/UserGuide/aws-properties-servicediscovery-service-dnsrecord.html",
   "Properties": {
    "TTL": {
     "Documentation": "http://docs.aws.amazon.com/AWSCloudFormation/latest/UserGuide/aws-properties-servicediscovery-service-dnsrecord.html#cfn-servicediscovery-service-dnsrecord-ttl",
     "PrimitiveType": "Double",
     "Required": true,
     "UpdateType": "Mutable"
    },
    "Type": {
     "Documentation": "http://docs.aws.amazon.com/AWSCloudFormation/latest/UserGuide/aws-properties-servicediscovery-service-dnsrecord.html#cfn-servicediscovery-service-dnsrecord-type",
     "PrimitiveType": "String",
     "Required": true,
     "UpdateType": "Mutable"
    }
   }
  }
 },
 {
  "op": "add",
  "path": "/PropertyTypes/AWS::ServiceDiscovery::Service.HealthCheckConfig",
  "value": {
   "Documentation": "http://docs.aws.amazon.com/AWSCloudFormation/latest/UserGuide/aws-properties-servicediscovery-service-healthcheckconfig.html",
   "Properties": {
    "FailureThreshold": {
     "Documentation": "http://docs.aws.amazon.com/AWSCloudFormation/latest/UserGuide/aws-properties-servicediscovery-service-healthcheckconfig.html#cfn-servicediscovery-service-healthcheckconfig-failurethreshold",
     "PrimitiveType": "Double",
     "Required": false,
     "UpdateType": "Mutable"
    },
    "ResourcePath": {
     "Documentation": "http://docs.aws.amazon.com/AWSCloudFormation/latest/UserGuide/aws-properties-servicediscovery-service-healthcheckconfig.html#cfn-servicediscovery-service-healthcheckconfig-resourcepath",
     "PrimitiveType": "String",
     "Required": false,
     "UpdateType": "Mutable"
    },
    "Type": {
     "Documentation": "http://docs.aws.amazon.com/AWSCloudFormation/latest/UserGuide/aws-properties-servicediscovery-service-healthcheckconfig.html#cfn-servicediscovery-service-healthcheckconfig-type",
     "PrimitiveType": "String",
     "Required": true,
     "UpdateType": "Mutable"
    }
   }
  }
 },
 {
  "op": "add",
  "path": "/PropertyTypes/AWS::ServiceDiscovery::Service.HealthCheckCustomConfig",
  "value": {
   "Documentation": "http://docs.aws.amazon.com/AWSCloudFormation/latest/UserGuide/aws-properties-servicediscovery-service-healthcheckcustomconfig.html",
   "Properties": {
    "FailureThreshold": {
     "Documentation": "http://docs.aws.amazon.com/AWSCloudFormation/latest/UserGuide/aws-properties-servicediscovery-service-healthcheckcustomconfig.html#cfn-servicediscovery-service-healthcheckcustomconfig-failurethreshold",
     "PrimitiveType": "Double",
     "Required": false,
     "UpdateType": "Mutable"
    }
   }
  }
 }
]