[
 {
  "op": "remove",
  "path": "/ResourceTypes/AWS::RoboMaker::Fleet"
 },
 {
  "op": "remove",
  "path": "/ResourceTypes/AWS::RoboMaker::Robot"
 },
 {
  "op": "remove",
  "path": "/ResourceTypes/AWS::RoboMaker::RobotApplication"
 },
 {
  "op": "remove",
  "path": "/ResourceTypes/AWS::RoboMaker::RobotApplicationVersion"
 },
 {
  "op": "remove",
  "path": "/ResourceTypes/AWS::RoboMaker::SimulationApplication"
 },
 {
  "op": "remove",
  "path": "/ResourceTypes/AWS::RoboMaker::SimulationApplicationVersion"
 },
 {
  "op": "remove",
  "path": "/PropertyTypes/AWS::RoboMaker::RobotApplication.RobotSoftwareSuite"
 },
 {
  "op": "remove",
  "path": "/PropertyTypes/AWS::RoboMaker::RobotApplication.SourceConfig"
 },
 {
  "op": "remove",
  "path": "/PropertyTypes/AWS::RoboMaker::SimulationApplication.RenderingEngine"
 },
 {
  "op": "remove",
  "path": "/PropertyTypes/AWS::RoboMaker::SimulationApplication.RobotSoftwareSuite"
 },
 {
  "op": "remove",
  "path": "/PropertyTypes/AWS::RoboMaker::SimulationApplication.SimulationSoftwareSuite"
 },
 {
  "op": "remove",
  "path": "/PropertyTypes/AWS::RoboMaker::SimulationApplication.SourceConfig"
 }
]