[
 {
  "op": "add",
  "path": "/ResourceTypes/AWS::Cognito::IdentityPool",
  "value": {
   "Attributes": {
    "Name": {
     "PrimitiveType": "String"
    }
   },
   "Documentation": "http://docs.aws.amazon.com/AWSCloudFormation/latest/UserGuide/aws-resource-cognito-identitypool.html",
   "Properties": {
    "AllowClassicFlow": {
     "Documentation": "http://docs.aws.amazon.com/AWSCloudFormation/latest/UserGuide/aws-resource-cognito-identitypool.html#cfn-cognito-identitypool-allowclassicflow",
     "PrimitiveType": "Boolean",
     "Required": false,
     "UpdateType": "Mutable"
    },
    "AllowUnauthenticatedIdentities": {
     "Documentation": "http://docs.aws.amazon.com/AWSCloudFormation/latest/UserGuide/aws-resource-cognito-identitypool.html#cfn-cognito-identitypool-allowunauthenticatedidentities",
     "PrimitiveType": "Boolean",
     "Required": true,
     "UpdateType": "Mutable"
    },
    "CognitoEvents": {
     "Documentation": "http://docs.aws.amazon.com/AWSCloudFormation/latest/UserGuide/aws-resource-cognito-identitypool.html#cfn-cognito-identitypool-cognitoevents",
     "PrimitiveType": "Json",
     "Required": false,
     "UpdateType": "Mutable"
    },
    "CognitoIdentityProviders": {
     "Documentation": "http://docs.aws.amazon.com/AWSCloudFormation/latest/UserGuide/aws-resource-cognito-identitypool.html#cfn-cognito-identitypool-cognitoidentityproviders",
     "ItemType": "CognitoIdentityProvider",
     "Required": false,
     "Type": "List",
     "UpdateType": "Mutable"
    },
    "CognitoStreams": {
     "Documentation": "http://docs.aws.amazon.com/AWSCloudFormation/latest/UserGuide/aws-resource-cognito-identitypool.html#cfn-cognito-identitypool-cognitostreams",
     "Required": false,
     "Type": "CognitoStreams",
     "UpdateType": "Mutable"
    },
    "DeveloperProviderName": {
     "Documentation": "http://docs.aws.amazon.com/AWSCloudFormation/latest/UserGuide/aws-resource-cognito-identitypool.html#cfn-cognito-identitypool-developerprovidername",
     "PrimitiveType": "String",
     "Required": false,
     "UpdateType": "Mutable"
    },
    "IdentityPoolName": {
     "Documentation": "http://docs.aws.amazon.com/AWSCloudFormation/latest/UserGuide/aws-resource-cognito-identitypool.html#cfn-cognito-identitypool-identitypoolname",
     "PrimitiveType": "String",
     "Required": false,
     "UpdateType": "Mutable"
    },
    "OpenIdConnectProviderARNs": {
     "Documentation": "http://docs.aws.amazon.com/AWSCloudFormation/latest/UserGuide/aws-resource-cognito-identitypool.html#cfn-cognito-identitypool-openidconnectproviderarns",
     "PrimitiveItemType": "String",
     "Required": false,
     "Type": "List",
     "UpdateType": "Mutable"
    },
    "PushSync": {
     "Documentation": "http://docs.aws.amazon.com/AWSCloudFormation/latest/UserGuide/aws-resource-cognito-identitypool.html#cfn-cognito-identitypool-pushsync",
     "Required": false,
     "Type": "PushSync",
     "UpdateType": "Mutable"
    },
    "SamlProviderARNs": {
     "Documentation": "http://docs.aws.amazon.com/AWSCloudFormation/latest/UserGuide/aws-resource-cognito-identitypool.html#cfn-cognito-identitypool-samlproviderarns",
     "PrimitiveItemType": "String",
     "Required": false,
     "Type": "List",
     "UpdateType": "Mutable"
    },
    "SupportedLoginProviders": {
     "Documentation": "http://docs.aws.amazon.com/AWSCloudFormation/latest/UserGuide/aws-resource-cognito-identitypool.html#cfn-cognito-identitypool-supportedloginproviders",
     "PrimitiveType": "Json",
     "Required": false,
     "UpdateType": "Mutable"
    }
   }
  }
 },
 {
  "op": "add",
  "path": "/ResourceTypes/AWS::Cognito::IdentityPoolRoleAttachment",
  "value": {
   "Documentation": "http://docs.aws.amazon.com/AWSCloudFormation/latest/UserGuide/aws-resource-cognito-identitypoolroleattachment.html",
   "Properties": {
    "IdentityPoolId": {
     "Documentation": "http://docs.aws.amazon.com/AWSCloudFormation/latest/UserGuide/aws-resource-cognito-identitypoolroleattachment.html#cfn-cognito-identitypoolroleattachment-identitypoolid",
     "PrimitiveType": "String",
     "Required": true,
     "UpdateType": "Immutable"
    },
    "RoleMappings": {
     "Documentation": "http://docs.aws.amazon.com/AWSCloudFormation/latest/UserGuide/aws-resource-cognito-identitypoolroleattachment.html#cfn-cognito-identitypoolroleattachment-rolemappings",
     "PrimitiveType": "Json",
     "Required": false,
     "UpdateType": "Mutable"
    },
    "Roles": {
     "Documentation": "http://docs.aws.amazon.com/AWSCloudFormation/latest/UserGuide/aws-resource-cognito-identitypoolroleattachment.html#cfn-cognito-identitypoolroleattachment-roles",
     "PrimitiveType": "Json",
     "Required": false,
     "UpdateType": "Mutable"
    }
   }
  }
 },
 {
  "op": "add",
  "path": "/ResourceTypes/AWS::Cognito::UserPool",
  "value": {
   "Attributes": {
    "Arn": {
     "PrimitiveType": "String"
    },
    "ProviderName": {
     "PrimitiveType": "String"
    },
    "ProviderURL": {
     "PrimitiveType": "String"
    }
   },
   "Documentation": "http://docs.aws.amazon.com/AWSCloudFormation/latest/UserGuide/aws-resource-cognito-userpool.html",
   "Properties": {
    "AccountRecoverySetting": {
     "Documentation": "http://docs.aws.amazon.com/AWSCloudFormation/latest/UserGuide/aws-resource-cognito-userpool.html#cfn-cognito-userpool-accountrecoverysetting",
     "Required": false,
     "Type": "AccountRecoverySetting",
     "UpdateType": "Mutable"
    },
    "AdminCreateUserConfig": {
     "Documentation": "http://docs.aws.amazon.com/AWSCloudFormation/latest/UserGuide/aws-resource-cognito-userpool.html#cfn-cognito-userpool-admincreateuserconfig",
     "Required": false,
     "Type": "AdminCreateUserConfig",
     "UpdateType": "Mutable"
    },
    "AliasAttributes": {
     "Documentation": "http://docs.aws.amazon.com/AWSCloudFormation/latest/UserGuide/aws-resource-cognito-userpool.html#cfn-cognito-userpool-aliasattributes",
     "PrimitiveItemType": "String",
     "Required": false,
     "Type": "List",
     "UpdateType": "Mutable"
    },
    "AutoVerifiedAttributes": {
     "Documentation": "http://docs.aws.amazon.com/AWSCloudFormation/latest/UserGuide/aws-resource-cognito-userpool.html#cfn-cognito-userpool-autoverifiedattributes",
     "PrimitiveItemType": "String",
     "Required": false,
     "Type": "List",
     "UpdateType": "Mutable"
    },
    "DeletionProtection": {
     "Documentation": "http://docs.aws.amazon.com/AWSCloudFormation/latest/UserGuide/aws-resource-cognito-userpool.html#cfn-cognito-userpool-deletionprotection",
     "PrimitiveType": "String",
     "Required": false,
     "UpdateType": "Mutable"
    },
    "DeviceConfiguration": {
     "Documentation": "http://docs.aws.amazon.com/AWSCloudFormation/latest/UserGuide/aws-resource-cognito-userpool.html#cfn-cognito-userpool-deviceconfiguration",
     "Required": false,
     "Type": "DeviceConfiguration",
     "UpdateType": "Mutable"
    },
    "EmailConfiguration": {
     "Documentation": "http://docs.aws.amazon.com/AWSCloudFormation/latest/UserGuide/aws-resource-cognito-userpool.html#cfn-cognito-userpool-emailconfiguration",
     "Required": false,
     "Type": "EmailConfiguration",
     "UpdateType": "Mutable"
    },
    "EmailVerificationMessage": {
     "Documentation": "http://docs.aws.amazon.com/AWSCloudFormation/latest/UserGuide/aws-resource-cognito-userpool.html#cfn-cognito-userpool-emailverificationmessage",
     "PrimitiveType": "String",
     "Required": false,
     "UpdateType": "Mutable"
    },
    "EmailVerificationSubject": {
     "Documentation": "http://docs.aws.amazon.com/AWSCloudFormation/latest/UserGuide/aws-resource-cognito-userpool.html#cfn-cognito-userpool-emailverificationsubject",
     "PrimitiveType": "String",
     "Required": false,
     "UpdateType": "Mutable"
    },
    "EnabledMfas": {
     "Documentation": "http://docs.aws.amazon.com/AWSCloudFormation/latest/UserGuide/aws-resource-cognito-userpool.html#cfn-cognito-userpool-enabledmfas",
     "PrimitiveItemType": "String",
     "Required": false,
     "Type": "List",
     "UpdateType": "Mutable"
    },
    "LambdaConfig": {
     "Documentation": "http://docs.aws.amazon.com/AWSCloudFormation/latest/UserGuide/aws-resource-cognito-userpool.html#cfn-cognito-userpool-lambdaconfig",
     "Required": false,
     "Type": "LambdaConfig",
     "UpdateType": "Mutable"
    },
    "MfaConfiguration": {
     "Documentation": "http://docs.aws.amazon.com/AWSCloudFormation/latest/UserGuide/aws-resource-cognito-userpool.html#cfn-cognito-userpool-mfaconfiguration",
     "PrimitiveType": "String",
     "Required": false,
     "UpdateType": "Mutable"
    },
    "Policies": {
     "Documentation": "http://docs.aws.amazon.com/AWSCloudFormation/latest/UserGuide/aws-resource-cognito-userpool.html#cfn-cognito-userpool-policies",
     "Required": false,
     "Type": "Policies",
     "UpdateType": "Mutable"
    },
    "Schema": {
     "Documentation": "http://docs.aws.amazon.com/AWSCloudFormation/latest/UserGuide/aws-resource-cognito-userpool.html#cfn-cognito-userpool-schema",
     "ItemType": "SchemaAttribute",
     "Required": false,
     "Type": "List",
     "UpdateType": "Mutable"
    },
    "SmsAuthenticationMessage": {
     "Documentation": "http://docs.aws.amazon.com/AWSCloudFormation/latest/UserGuide/aws-resource-cognito-userpool.html#cfn-cognito-userpool-smsauthenticationmessage",
     "PrimitiveType": "String",
     "Required": false,
     "UpdateType": "Mutable"
    },
    "SmsConfiguration": {
     "Documentation": "http://docs.aws.amazon.com/AWSCloudFormation/latest/UserGuide/aws-resource-cognito-userpool.html#cfn-cognito-userpool-smsconfiguration",
     "Required": false,
     "Type": "SmsConfiguration",
     "UpdateType": "Mutable"
    },
    "SmsVerificationMessage": {
     "Documentation": "http://docs.aws.amazon.com/AWSCloudFormation/latest/UserGuide/aws-resource-cognito-userpool.html#cfn-cognito-userpool-smsverificationmessage",
     "PrimitiveType": "String",
     "Required": false,
     "UpdateType": "Mutable"
    },
    "UserAttributeUpdateSettings": {
     "Documentation": "http://docs.aws.amazon.com/AWSCloudFormation/latest/UserGuide/aws-resource-cognito-userpool.html#cfn-cognito-userpool-userattributeupdatesettings",
     "Required": false,
     "Type": "UserAttributeUpdateSettings",
     "UpdateType": "Mutable"
    },
    "UserPoolAddOns": {
     "Documentation": "http://docs.aws.amazon.com/AWSCloudFormation/latest/UserGuide/aws-resource-cognito-userpool.html#cfn-cognito-userpool-userpooladdons",
     "Required": false,
     "Type": "UserPoolAddOns",
     "UpdateType": "Mutable"
    },
    "UserPoolName": {
     "Documentation": "http://docs.aws.amazon.com/AWSCloudFormation/latest/UserGuide/aws-resource-cognito-userpool.html#cfn-cognito-userpool-userpoolname",
     "PrimitiveType": "String",
     "Required": false,
     "UpdateType": "Mutable"
    },
    "UserPoolTags": {
     "Documentation": "http://docs.aws.amazon.com/AWSCloudFormation/latest/UserGuide/aws-resource-cognito-userpool.html#cfn-cognito-userpool-userpooltags",
     "PrimitiveType": "Json",
     "Required": false,
     "UpdateType": "Mutable"
    },
    "UsernameAttributes": {
     "Documentation": "http://docs.aws.amazon.com/AWSCloudFormation/latest/UserGuide/aws-resource-cognito-userpool.html#cfn-cognito-userpool-usernameattributes",
     "PrimitiveItemType": "String",
     "Required": false,
     "Type": "List",
     "UpdateType": "Mutable"
    },
    "UsernameConfiguration": {
     "Documentation": "http://docs.aws.amazon.com/AWSCloudFormation/latest/UserGuide/aws-resource-cognito-userpool.html#cfn-cognito-userpool-usernameconfiguration",
     "Required": false,
     "Type": "UsernameConfiguration",
     "UpdateType": "Mutable"
    },
    "VerificationMessageTemplate": {
     "Documentation": "http://docs.aws.amazon.com/AWSCloudFormation/latest/UserGuide/aws-resource-cognito-userpool.html#cfn-cognito-userpool-verificationmessagetemplate",
     "Required": false,
     "Type": "VerificationMessageTemplate",
     "UpdateType": "Mutable"
    }
   }
  }
 },
 {
  "op": "add",
  "path": "/ResourceTypes/AWS::Cognito::UserPoolClient",
  "value": {
   "Attributes": {
    "ClientSecret": {
     "PrimitiveType": "String"
    },
    "Name": {
     "PrimitiveType": "String"
    }
   },
   "Documentation": "http://docs.aws.amazon.com/AWSCloudFormation/latest/UserGuide/aws-resource-cognito-userpoolclient.html",
   "Properties": {
    "AccessTokenValidity": {
     "Documentation": "http://docs.aws.amazon.com/AWSCloudFormation/latest/UserGuide/aws-resource-cognito-userpoolclient.html#cfn-cognito-userpoolclient-accesstokenvalidity",
     "PrimitiveType": "Integer",
     "Required": false,
     "UpdateType": "Mutable"
    },
    "AllowedOAuthFlows": {
     "Documentation": "http://docs.aws.amazon.com/AWSCloudFormation/latest/UserGuide/aws-resource-cognito-userpoolclient.html#cfn-cognito-userpoolclient-allowedoauthflows",
     "PrimitiveItemType": "String",
     "Required": false,
     "Type": "List",
     "UpdateType": "Mutable"
    },
    "AllowedOAuthFlowsUserPoolClient": {
     "Documentation": "http://docs.aws.amazon.com/AWSCloudFormation/latest/UserGuide/aws-resource-cognito-userpoolclient.html#cfn-cognito-userpoolclient-allowedoauthflowsuserpoolclient",
     "PrimitiveType": "Boolean",
     "Required": false,
     "UpdateType": "Mutable"
    },
    "AllowedOAuthScopes": {
     "Documentation": "http://docs.aws.amazon.com/AWSCloudFormation/latest/UserGuide/aws-resource-cognito-userpoolclient.html#cfn-cognito-userpoolclient-allowedoauthscopes",
     "PrimitiveItemType": "String",
     "Required": false,
     "Type": "List",
     "UpdateType": "Mutable"
    },
    "AnalyticsConfiguration": {
     "Documentation": "http://docs.aws.amazon.com/AWSCloudFormation/latest/UserGuide/aws-resource-cognito-userpoolclient.html#cfn-cognito-userpoolclient-analyticsconfiguration",
     "Required": false,
     "Type": "AnalyticsConfiguration",
     "UpdateType": "Mutable"
    },
    "AuthSessionValidity": {
     "Documentation": "http://docs.aws.amazon.com/AWSCloudFormation/latest/UserGuide/aws-resource-cognito-userpoolclient.html#cfn-cognito-userpoolclient-authsessionvalidity",
     "PrimitiveType": "Integer",
     "Required": false,
     "UpdateType": "Mutable"
    },
    "CallbackURLs": {
     "Documentation": "http://docs.aws.amazon.com/AWSCloudFormation/latest/UserGuide/aws-resource-cognito-userpoolclient.html#cfn-cognito-userpoolclient-callbackurls",
     "PrimitiveItemType": "String",
     "Required": false,
     "Type": "List",
     "UpdateType": "Mutable"
    },
    "ClientName": {
     "Documentation": "http://docs.aws.amazon.com/AWSCloudFormation/latest/UserGuide/aws-resource-cognito-userpoolclient.html#cfn-cognito-userpoolclient-clientname",
     "PrimitiveType": "String",
     "Required": false,
     "UpdateType": "Mutable"
    },
    "DefaultRedirectURI": {
     "Documentation": "http://docs.aws.amazon.com/AWSCloudFormation/latest/UserGuide/aws-resource-cognito-userpoolclient.html#cfn-cognito-userpoolclient-defaultredirecturi",
     "PrimitiveType": "String",
     "Required": false,
     "UpdateType": "Mutable"
    },
    "EnablePropagateAdditionalUserContextData": {
     "Documentation": "http://docs.aws.amazon.com/AWSCloudFormation/latest/UserGuide/aws-resource-cognito-userpoolclient.html#cfn-cognito-userpoolclient-enablepropagateadditionalusercontextdata",
     "PrimitiveType": "Boolean",
     "Required": false,
     "UpdateType": "Mutable"
    },
    "EnableTokenRevocation": {
     "Documentation": "http://docs.aws.amazon.com/AWSCloudFormation/latest/UserGuide/aws-resource-cognito-userpoolclient.html#cfn-cognito-userpoolclient-enabletokenrevocation",
     "PrimitiveType": "Boolean",
     "Required": false,
     "UpdateType": "Mutable"
    },
    "ExplicitAuthFlows": {
     "Documentation": "http://docs.aws.amazon.com/AWSCloudFormation/latest/UserGuide/aws-resource-cognito-userpoolclient.html#cfn-cognito-userpoolclient-explicitauthflows",
     "PrimitiveItemType": "String",
     "Required": false,
     "Type": "List",
     "UpdateType": "Mutable"
    },
    "GenerateSecret": {
     "Documentation": "http://docs.aws.amazon.com/AWSCloudFormation/latest/UserGuide/aws-resource-cognito-userpoolclient.html#cfn-cognito-userpoolclient-generatesecret",
     "PrimitiveType": "Boolean",
     "Required": false,
     "UpdateType": "Immutable"
    },
    "IdTokenValidity": {
     "Documentation": "http://docs.aws.amazon.com/AWSCloudFormation/latest/UserGuide/aws-resource-cognito-userpoolclient.html#cfn-cognito-userpoolclient-idtokenvalidity",
     "PrimitiveType": "Integer",
     "Required": false,
     "UpdateType": "Mutable"
    },
    "LogoutURLs": {
     "Documentation": "http://docs.aws.amazon.com/AWSCloudFormation/latest/UserGuide/aws-resource-cognito-userpoolclient.html#cfn-cognito-userpoolclient-logouturls",
     "PrimitiveItemType": "String",
     "Required": false,
     "Type": "List",
     "UpdateType": "Mutable"
    },
    "PreventUserExistenceErrors": {
     "Documentation": "http://docs.aws.amazon.com/AWSCloudFormation/latest/UserGuide/aws-resource-cognito-userpoolclient.html#cfn-cognito-userpoolclient-preventuserexistenceerrors",
     "PrimitiveType": "String",
     "Required": false,
     "UpdateType": "Mutable"
    },
    "ReadAttributes": {
     "Documentation": "http://docs.aws.amazon.com/AWSCloudFormation/latest/UserGuide/aws-resource-cognito-userpoolclient.html#cfn-cognito-userpoolclient-readattributes",
     "PrimitiveItemType": "String",
     "Required": false,
     "Type": "List",
     "UpdateType": "Mutable"
    },
    "RefreshTokenValidity": {
     "Documentation": "http://docs.aws.amazon.com/AWSCloudFormation/latest/UserGuide/aws-resource-cognito-userpoolclient.html#cfn-cognito-userpoolclient-refreshtokenvalidity",
     "PrimitiveType": "Integer",
     "Required": false,
     "UpdateType": "Mutable"
    },
    "SupportedIdentityProviders": {
     "Documentation": "http://docs.aws.amazon.com/AWSCloudFormation/latest/UserGuide/aws-resource-cognito-userpoolclient.html#cfn-cognito-userpoolclient-supportedidentityproviders",
     "PrimitiveItemType": "String",
     "Required": false,
     "Type": "List",
     "UpdateType": "Mutable"
    },
    "TokenValidityUnits": {
     "Documentation": "http://docs.aws.amazon.com/AWSCloudFormation/latest/UserGuide/aws-resource-cognito-userpoolclient.html#cfn-cognito-userpoolclient-tokenvalidityunits",
     "Required": false,
     "Type": "TokenValidityUnits",
     "UpdateType": "Mutable"
    },
    "UserPoolId": {
     "Documentation": "http://docs.aws.amazon.com/AWSCloudFormation/latest/UserGuide/aws-resource-cognito-userpoolclient.html#cfn-cognito-userpoolclient-userpoolid",
     "PrimitiveType": "String",
     "Required": true,
     "UpdateType": "Immutable"
    },
    "WriteAttributes": {
     "Documentation": "http://docs.aws.amazon.com/AWSCloudFormation/latest/UserGuide/aws-resource-cognito-userpoolclient.html#cfn-cognito-userpoolclient-writeattributes",
     "PrimitiveItemType": "String",
     "Required": false,
     "Type": "List",
     "UpdateType": "Mutable"
    }
   }
  }
 },
 {
  "op": "add",
  "path": "/ResourceTypes/AWS::Cognito::UserPoolDomain",
  "value": {
   "Attributes": {
    "CloudFrontDistribution": {
     "PrimitiveType": "String"
    }
   },
   "Documentation": "http://docs.aws.amazon.com/AWSCloudFormation/latest/UserGuide/aws-resource-cognito-userpooldomain.html",
   "Properties": {
    "CustomDomainConfig": {
     "Documentation": "http://docs.aws.amazon.com/AWSCloudFormation/latest/UserGuide/aws-resource-cognito-userpooldomain.html#cfn-cognito-userpooldomain-customdomainconfig",
     "Required": false,
     "Type": "CustomDomainConfigType",
     "UpdateType": "Mutable"
    },
    "Domain": {
     "Documentation": "http://docs.aws.amazon.com/AWSCloudFormation/latest/UserGuide/aws-resource-cognito-userpooldomain.html#cfn-cognito-userpooldomain-domain",
     "PrimitiveType": "String",
     "Required": true,
     "UpdateType": "Immutable"
    },
    "UserPoolId": {
     "Documentation": "http://docs.aws.amazon.com/AWSCloudFormation/latest/UserGuide/aws-resource-cognito-userpooldomain.html#cfn-cognito-userpooldomain-userpoolid",
     "PrimitiveType": "String",
     "Required": true,
     "UpdateType": "Immutable"
    }
   }
  }
 },
 {
  "op": "add",
  "path": "/ResourceTypes/AWS::Cognito::UserPoolGroup",
  "value": {
   "Documentation": "http://docs.aws.amazon.com/AWSCloudFormation/latest/UserGuide/aws-resource-cognito-userpoolgroup.html",
   "Properties": {
    "Description": {
     "Documentation": "http://docs.aws.amazon.com/AWSCloudFormation/latest/UserGuide/aws-resource-cognito-userpoolgroup.html#cfn-cognito-userpoolgroup-description",
     "PrimitiveType": "String",
     "Required": false,
     "UpdateType": "Mutable"
    },
    "GroupName": {
     "Documentation": "http://docs.aws.amazon.com/AWSCloudFormation/latest/UserGuide/aws-resource-cognito-userpoolgroup.html#cfn-cognito-userpoolgroup-groupname",
     "PrimitiveType": "String",
     "Required": false,
     "UpdateType": "Immutable"
    },
    "Precedence": {
     "Documentation": "http://docs.aws.amazon.com/AWSCloudFormation/latest/UserGuide/aws-resource-cognito-userpoolgroup.html#cfn-cognito-userpoolgroup-precedence",
     "PrimitiveType": "Double",
     "Required": false,
     "UpdateType": "Mutable"
    },
    "RoleArn": {
     "Documentation": "http://docs.aws.amazon.com/AWSCloudFormation/latest/UserGuide/aws-resource-cognito-userpoolgroup.html#cfn-cognito-userpoolgroup-rolearn",
     "PrimitiveType": "String",
     "Required": false,
     "UpdateType": "Mutable"
    },
    "UserPoolId": {
     "Documentation": "http://docs.aws.amazon.com/AWSCloudFormation/latest/UserGuide/aws-resource-cognito-userpoolgroup.html#cfn-cognito-userpoolgroup-userpoolid",
     "PrimitiveType": "String",
     "Required": true,
     "UpdateType": "Immutable"
    }
   }
  }
 },
 {
  "op": "add",
  "path": "/ResourceTypes/AWS::Cognito::UserPoolIdentityProvider",
  "value": {
   "Documentation": "http://docs.aws.amazon.com/AWSCloudFormation/latest/UserGuide/aws-resource-cognito-userpoolidentityprovider.html",
   "Properties": {
    "AttributeMapping": {
     "Documentation": "http://docs.aws.amazon.com/AWSCloudFormation/latest/UserGuide/aws-resource-cognito-userpoolidentityprovider.html#cfn-cognito-userpoolidentityprovider-attributemapping",
     "PrimitiveType": "Json",
     "Required": false,
     "UpdateType": "Mutable"
    },
    "IdpIdentifiers": {
     "Documentation": "http://docs.aws.amazon.com/AWSCloudFormation/latest/UserGuide/aws-resource-cognito-userpoolidentityprovider.html#cfn-cognito-userpoolidentityprovider-idpidentifiers",
     "PrimitiveItemType": "String",
     "Required": false,
     "Type": "List",
     "UpdateType": "Mutable"
    },
    "ProviderDetails": {
     "Documentation": "http://docs.aws.amazon.com/AWSCloudFormation/latest/UserGuide/aws-resource-cognito-userpoolidentityprovider.html#cfn-cognito-userpoolidentityprovider-providerdetails",
     "PrimitiveType": "Json",
     "Required": false,
     "UpdateType": "Mutable"
    },
    "ProviderName": {
     "Documentation": "http://docs.aws.amazon.com/AWSCloudFormation/latest/UserGuide/aws-resource-cognito-userpoolidentityprovider.html#cfn-cognito-userpoolidentityprovider-providername",
     "PrimitiveType": "String",
     "Required": true,
     "UpdateType": "Immutable"
    },
    "ProviderType": {
     "Documentation": "http://docs.aws.amazon.com/AWSCloudFormation/latest/UserGuide/aws-resource-cognito-userpoolidentityprovider.html#cfn-cognito-userpoolidentityprovider-providertype",
     "PrimitiveType": "String",
     "Required": true,
     "UpdateType": "Immutable"
    },
    "UserPoolId": {
     "Documentation": "http://docs.aws.amazon.com/AWSCloudFormation/latest/UserGuide/aws-resource-cognito-userpoolidentityprovider.html#cfn-cognito-userpoolidentityprovider-userpoolid",
     "PrimitiveType": "String",
     "Required": true,
     "UpdateType": "Immutable"
    }
   }
  }
 },
 {
  "op": "add",
  "path": "/ResourceTypes/AWS::Cognito::UserPoolResourceServer",
  "value": {
   "Documentation": "http://docs.aws.amazon.com/AWSCloudFormation/latest/UserGuide/aws-resource-cognito-userpoolresourceserver.html",
   "Properties": {
    "Identifier": {
     "Documentation": "http://docs.aws.amazon.com/AWSCloudFormation/latest/UserGuide/aws-resource-cognito-userpoolresourceserver.html#cfn-cognito-userpoolresourceserver-identifier",
     "PrimitiveType": "String",
     "Required": true,
     "UpdateType": "Immutable"
    },
    "Name": {
     "Documentation": "http://docs.aws.amazon.com/AWSCloudFormation/latest/UserGuide/aws-resource-cognito-userpoolresourceserver.html#cfn-cognito-userpoolresourceserver-name",
     "PrimitiveType": "String",
     "Required": true,
     "UpdateType": "Mutable"
    },
    "Scopes": {
     "Documentation": "http://docs.aws.amazon.com/AWSCloudFormation/latest/UserGuide/aws-resource-cognito-userpoolresourceserver.html#cfn-cognito-userpoolresourceserver-scopes",
     "ItemType": "ResourceServerScopeType",
     "Required": false,
     "Type": "List",
     "UpdateType": "Mutable"
    },
    "UserPoolId": {
     "Documentation": "http://docs.aws.amazon.com/AWSCloudFormation/latest/UserGuide/aws-resource-cognito-userpoolresourceserver.html#cfn-cognito-userpoolresourceserver-userpoolid",
     "PrimitiveType": "String",
     "Required": true,
     "UpdateType": "Immutable"
    }
   }
  }
 },
 {
  "op": "add",
  "path": "/ResourceTypes/AWS::Cognito::UserPoolRiskConfigurationAttachment",
  "value": {
   "Documentation": "http://docs.aws.amazon.com/AWSCloudFormation/latest/UserGuide/aws-resource-cognito-userpoolriskconfigurationattachment.html",
   "Properties": {
    "AccountTakeoverRiskConfiguration": {
     "Documentation": "http://docs.aws.amazon.com/AWSCloudFormation/latest/UserGuide/aws-resource-cognito-userpoolriskconfigurationattachment.html#cfn-cognito-userpoolriskconfigurationattachment-accounttakeoverriskconfiguration",
     "Required": false,
     "Type": "AccountTakeoverRiskConfigurationType",
     "UpdateType": "Mutable"
    },
    "ClientId": {
     "Documentation": "http://docs.aws.amazon.com/AWSCloudFormation/latest/UserGuide/aws-resource-cognito-userpoolriskconfigurationattachment.html#cfn-cognito-userpoolriskconfigurationattachment-clientid",
     "PrimitiveType": "String",
     "Required": true,
     "UpdateType": "Immutable"
    },
    "CompromisedCredentialsRiskConfiguration": {
     "Documentation": "http://docs.aws.amazon.com/AWSCloudFormation/latest/UserGuide/aws-resource-cognito-userpoolriskconfigurationattachment.html#cfn-cognito-userpoolriskconfigurationattachment-compromisedcredentialsriskconfiguration",
     "Required": false,
     "Type": "CompromisedCredentialsRiskConfigurationType",
     "UpdateType": "Mutable"
    },
    "RiskExceptionConfiguration": {
     "Documentation": "http://docs.aws.amazon.com/AWSCloudFormation/latest/UserGuide/aws-resource-cognito-userpoolriskconfigurationattachment.html#cfn-cognito-userpoolriskconfigurationattachment-riskexceptionconfiguration",
     "Required": false,
     "Type": "RiskExceptionConfigurationType",
     "UpdateType": "Mutable"
    },
    "UserPoolId": {
     "Documentation": "http://docs.aws.amazon.com/AWSCloudFormation/latest/UserGuide/aws-resource-cognito-userpoolriskconfigurationattachment.html#cfn-cognito-userpoolriskconfigurationattachment-userpoolid",
     "PrimitiveType": "String",
     "Required": true,
     "UpdateType": "Immutable"
    }
   }
  }
 },
 {
  "op": "add",
  "path": "/ResourceTypes/AWS::Cognito::UserPoolUICustomizationAttachment",
  "value": {
   "Documentation": "http://docs.aws.amazon.com/AWSCloudFormation/latest/UserGuide/aws-resource-cognito-userpooluicustomizationattachment.html",
   "Properties": {
    "CSS": {
     "Documentation": "http://docs.aws.amazon.com/AWSCloudFormation/latest/UserGuide/aws-resource-cognito-userpooluicustomizationattachment.html#cfn-cognito-userpooluicustomizationattachment-css",
     "PrimitiveType": "String",
     "Required": false,
     "UpdateType": "Mutable"
    },
    "ClientId": {
     "Documentation": "http://docs.aws.amazon.com/AWSCloudFormation/latest/UserGuide/aws-resource-cognito-userpooluicustomizationattachment.html#cfn-cognito-userpooluicustomizationattachment-clientid",
     "PrimitiveType": "String",
     "Required": true,
     "UpdateType": "Immutable"
    },
    "UserPoolId": {
     "Documentation": "http://docs.aws.amazon.com/AWSCloudFormation/latest/UserGuide/aws-resource-cognito-userpooluicustomizationattachment.html#cfn-cognito-userpooluicustomizationattachment-userpoolid",
     "PrimitiveType": "String",
     "Required": true,
     "UpdateType": "Immutable"
    }
   }
  }
 },
 {
  "op": "add",
  "path": "/ResourceTypes/AWS::Cognito::UserPoolUser",
  "value": {
   "Documentation": "http://docs.aws.amazon.com/AWSCloudFormation/latest/UserGuide/aws-resource-cognito-userpooluser.html",
   "Properties": {
    "ClientMetadata": {
     "Documentation": "http://docs.aws.amazon.com/AWSCloudFormation/latest/UserGuide/aws-resource-cognito-userpooluser.html#cfn-cognito-userpooluser-clientmetadata",
     "PrimitiveType": "Json",
     "Required": false,
     "UpdateType": "Immutable"
    },
    "DesiredDeliveryMediums": {
     "Documentation": "http://docs.aws.amazon.com/AWSCloudFormation/latest/UserGuide/aws-resource-cognito-userpooluser.html#cfn-cognito-userpooluser-desireddeliverymediums",
     "PrimitiveItemType": "String",
     "Required": false,
     "Type": "List",
     "UpdateType": "Immutable"
    },
    "ForceAliasCreation": {
     "Documentation": "http://docs.aws.amazon.com/AWSCloudFormation/latest/UserGuide/aws-resource-cognito-userpooluser.html#cfn-cognito-userpooluser-forcealiascreation",
     "PrimitiveType": "Boolean",
     "Required": false,
     "UpdateType": "Immutable"
    },
    "MessageAction": {
     "Documentation": "http://docs.aws.amazon.com/AWSCloudFormation/latest/UserGuide/aws-resource-cognito-userpooluser.html#cfn-cognito-userpooluser-messageaction",
     "PrimitiveType": "String",
     "Required": false,
     "UpdateType": "Immutable"
    },
    "UserAttributes": {
     "Documentation": "http://docs.aws.amazon.com/AWSCloudFormation/latest/UserGuide/aws-resource-cognito-userpooluser.html#cfn-cognito-userpooluser-userattributes",
     "ItemType": "AttributeType",
     "Required": false,
     "Type": "List",
     "UpdateType": "Immutable"
    },
    "UserPoolId": {
     "Documentation": "http://docs.aws.amazon.com/AWSCloudFormation/latest/UserGuide/aws-resource-cognito-userpooluser.html#cfn-cognito-userpooluser-userpoolid",
     "PrimitiveType": "String",
     "Required": true,
     "UpdateType": "Immutable"
    },
    "Username": {
     "Documentation": "http://docs.aws.amazon.com/AWSCloudFormation/latest/UserGuide/aws-resource-cognito-userpooluser.html#cfn-cognito-userpooluser-username",
     "PrimitiveType": "String",
     "Required": false,
     "UpdateType": "Immutable"
    },
    "ValidationData": {
     "Documentation": "http://docs.aws.amazon.com/AWSCloudFormation/latest/UserGuide/aws-resource-cognito-userpooluser.html#cfn-cognito-userpooluser-validationdata",
     "ItemType": "AttributeType",
     "Required": false,
     "Type": "List",
     "UpdateType": "Immutable"
    }
   }
  }
 },
 {
  "op": "add",
  "path": "/ResourceTypes/AWS::Cognito::UserPoolUserToGroupAttachment",
  "value": {
   "Documentation": "http://docs.aws.amazon.com/AWSCloudFormation/latest/UserGuide/aws-resource-cognito-userpoolusertogroupattachment.html",
   "Properties": {
    "GroupName": {
     "Documentation": "http://docs.aws.amazon.com/AWSCloudFormation/latest/UserGuide/aws-resource-cognito-userpoolusertogroupattachment.html#cfn-cognito-userpoolusertogroupattachment-groupname",
     "PrimitiveType": "String",
     "Required": true,
     "UpdateType": "Immutable"
    },
    "UserPoolId": {
     "Documentation": "http://docs.aws.amazon.com/AWSCloudFormation/latest/UserGuide/aws-resource-cognito-userpoolusertogroupattachment.html#cfn-cognito-userpoolusertogroupattachment-userpoolid",
     "PrimitiveType": "String",
     "Required": true,
     "UpdateType": "Immutable"
    },
    "Username": {
     "Documentation": "http://docs.aws.amazon.com/AWSCloudFormation/latest/UserGuide/aws-resource-cognito-userpoolusertogroupattachment.html#cfn-cognito-userpoolusertogroupattachment-username",
     "PrimitiveType": "String",
     "Required": true,
     "UpdateType": "Immutable"
    }
   }
  }
 },
 {
  "op": "add",
  "path": "/PropertyTypes/AWS::Cognito::IdentityPool.CognitoIdentityProvider",
  "value": {
   "Documentation": "http://docs.aws.amazon.com/AWSCloudFormation/latest/UserGuide/aws-properties-cognito-identitypool-cognitoidentityprovider.html",
   "Properties": {
    "ClientId": {
     "Documentation": "http://docs.aws.amazon.com/AWSCloudFormation/latest/UserGuide/aws-properties-cognito-identitypool-cognitoidentityprovider.html#cfn-cognito-identitypool-cognitoidentityprovider-clientid",
     "PrimitiveType": "String",
     "Required": false,
     "UpdateType": "Mutable"
    },
    "ProviderName": {
     "Documentation": "http://docs.aws.amazon.com/AWSCloudFormation/latest/UserGuide/aws-properties-cognito-identitypool-cognitoidentityprovider.html#cfn-cognito-identitypool-cognitoidentityprovider-providername",
     "PrimitiveType": "String",
     "Required": false,
     "UpdateType": "Mutable"
    },
    "ServerSideTokenCheck": {
     "Documentation": "http://docs.aws.amazon.com/AWSCloudFormation/latest/UserGuide/aws-properties-cognito-identitypool-cognitoidentityprovider.html#cfn-cognito-identitypool-cognitoidentityprovider-serversidetokencheck",
     "PrimitiveType": "Boolean",
     "Required": false,
     "UpdateType": "Mutable"
    }
   }
  }
 },
 {
  "op": "add",
  "path": "/PropertyTypes/AWS::Cognito::IdentityPool.CognitoStreams",
  "value": {
   "Documentation": "http://docs.aws.amazon.com/AWSCloudFormation/latest/UserGuide/aws-properties-cognito-identitypool-cognitostreams.html",
   "Properties": {
    "RoleArn": {
     "Documentation": "http://docs.aws.amazon.com/AWSCloudFormation/latest/UserGuide/aws-properties-cognito-identitypool-cognitostreams.html#cfn-cognito-identitypool-cognitostreams-rolearn",
     "PrimitiveType": "String",
     "Required": false,
     "UpdateType": "Mutable"
    },
    "StreamName": {
     "Documentation": "http://docs.aws.amazon.com/AWSCloudFormation/latest/UserGuide/aws-properties-cognito-identitypool-cognitostreams.html#cfn-cognito-identitypool-cognitostreams-streamname",
     "PrimitiveType": "String",
     "Required": false,
     "UpdateType": "Mutable"
    },
    "StreamingStatus": {
     "Documentation": "http://docs.aws.amazon.com/AWSCloudFormation/latest/UserGuide/aws-properties-cognito-identitypool-cognitostreams.html#cfn-cognito-identitypool-cognitostreams-streamingstatus",
     "PrimitiveType": "String",
     "Required": false,
     "UpdateType": "Mutable"
    }
   }
  }
 },
 {
  "op": "add",
  "path": "/PropertyTypes/AWS::Cognito::IdentityPool.PushSync",
  "value": {
   "Documentation": "http://docs.aws.amazon.com/AWSCloudFormation/latest/UserGuide/aws-properties-cognito-identitypool-pushsync.html",
   "Properties": {
    "ApplicationArns": {
     "Documentation": "http://docs.aws.amazon.com/AWSCloudFormation/latest/UserGuide/aws-properties-cognito-identitypool-pushsync.html#cfn-cognito-identitypool-pushsync-applicationarns",
     "PrimitiveItemType": "String",
     "Required": false,
     "Type": "List",
     "UpdateType": "Mutable"
    },
    "RoleArn": {
     "Documentation": "http://docs.aws.amazon.com/AWSCloudFormation/latest/UserGuide/aws-properties-cognito-identitypool-pushsync.html#cfn-cognito-identitypool-pushsync-rolearn",
     "PrimitiveType": "String",
     "Required": false,
     "UpdateType": "Mutable"
    }
   }
  }
 },
 {
  "op": "add",
  "path": "/PropertyTypes/AWS::Cognito::IdentityPoolRoleAttachment.MappingRule",
  "value": {
   "Documentation": "http://docs.aws.amazon.com/AWSCloudFormation/latest/UserGuide/aws-properties-cognito-identitypoolroleattachment-mappingrule.html",
   "Properties": {
    "Claim": {
     "Documentation": "http://docs.aws.amazon.com/AWSCloudFormation/latest/UserGuide/aws-properties-cognito-identitypoolroleattachment-mappingrule.html#cfn-cognito-identitypoolroleattachment-mappingrule-claim",
     "PrimitiveType": "String",
     "Required": true,
     "UpdateType": "Mutable"
    },
    "MatchType": {
     "Documentation": "http://docs.aws.amazon.com/AWSCloudFormation/latest/UserGuide/aws-properties-cognito-identitypoolroleattachment-mappingrule.html#cfn-cognito-identitypoolroleattachment-mappingrule-matchtype",
     "PrimitiveType": "String",
     "Required": true,
     "UpdateType": "Mutable"
    },
    "RoleARN": {
     "Documentation": "http://docs.aws.amazon.com/AWSCloudFormation/latest/UserGuide/aws-properties-cognito-identitypoolroleattachment-mappingrule.html#cfn-cognito-identitypoolroleattachment-mappingrule-rolearn",
     "PrimitiveType": "String",
     "Required": true,
     "UpdateType": "Mutable"
    },
    "Value": {
     "Documentation": "http://docs.aws.amazon.com/AWSCloudFormation/latest/UserGuide/aws-properties-cognito-identitypoolroleattachment-mappingrule.html#cfn-cognito-identitypoolroleattachment-mappingrule-value",
     "PrimitiveType": "String",
     "Required": true,
     "UpdateType": "Mutable"
    }
   }
  }
 },
 {
  "op": "add",
  "path": "/PropertyTypes/AWS::Cognito::IdentityPoolRoleAttachment.RoleMapping",
  "value": {
   "Documentation": "http://docs.aws.amazon.com/AWSCloudFormation/latest/UserGuide/aws-properties-cognito-identitypoolroleattachment-rolemapping.html",
   "Properties": {
    "AmbiguousRoleResolution": {
     "Documentation": "http://docs.aws.amazon.com/AWSCloudFormation/latest/UserGuide/aws-properties-cognito-identitypoolroleattachment-rolemapping.html#cfn-cognito-identitypoolroleattachment-rolemapping-ambiguousroleresolution",
     "PrimitiveType": "String",
     "Required": false,
     "UpdateType": "Mutable"
    },
    "IdentityProvider": {
     "Documentation": "http://docs.aws.amazon.com/AWSCloudFormation/latest/UserGuide/aws-properties-cognito-identitypoolroleattachment-rolemapping.html#cfn-cognito-identitypoolroleattachment-rolemapping-identityprovider",
     "PrimitiveType": "String",
     "Required": false,
     "UpdateType": "Mutable"
    },
    "RulesConfiguration": {
     "Documentation": "http://docs.aws.amazon.com/AWSCloudFormation/latest/UserGuide/aws-properties-cognito-identitypoolroleattachment-rolemapping.html#cfn-cognito-identitypoolroleattachment-rolemapping-rulesconfiguration",
     "Required": false,
     "Type": "RulesConfigurationType",
     "UpdateType": "Mutable"
    },
    "Type": {
     "Documentation": "http://docs.aws.amazon.com/AWSCloudFormation/latest/UserGuide/aws-properties-cognito-identitypoolroleattachment-rolemapping.html#cfn-cognito-identitypoolroleattachment-rolemapping-type",
     "PrimitiveType": "String",
     "Required": true,
     "UpdateType": "Mutable"
    }
   }
  }
 },
 {
  "op": "add",
  "path": "/PropertyTypes/AWS::Cognito::IdentityPoolRoleAttachment.RulesConfigurationType",
  "value": {
   "Documentation": "http://docs.aws.amazon.com/AWSCloudFormation/latest/UserGuide/aws-properties-cognito-identitypoolroleattachment-rulesconfigurationtype.html",
   "Properties": {
    "Rules": {
     "Documentation": "http://docs.aws.amazon.com/AWSCloudFormation/latest/UserGuide/aws-properties-cognito-identitypoolroleattachment-rulesconfigurationtype.html#cfn-cognito-identitypoolroleattachment-rulesconfigurationtype-rules",
     "ItemType": "MappingRule",
     "Required": true,
     "Type": "List",
     "UpdateType": "Mutable"
    }
   }
  }
 },
 {
  "op": "add",
  "path": "/PropertyTypes/AWS::Cognito::UserPool.AccountRecoverySetting",
  "value": {
   "Documentation": "http://docs.aws.amazon.com/AWSCloudFormation/latest/UserGuide/aws-properties-cognito-userpool-accountrecoverysetting.html",
   "Properties": {
    "RecoveryMechanisms": {
     "Documentation": "http://docs.aws.amazon.com/AWSCloudFormation/latest/UserGuide/aws-properties-cognito-userpool-accountrecoverysetting.html#cfn-cognito-userpool-accountrecoverysetting-recoverymechanisms",
     "ItemType": "RecoveryOption",
     "Required": false,
     "Type": "List",
     "UpdateType": "Mutable"
    }
   }
  }
 },
 {
  "op": "add",
  "path": "/PropertyTypes/AWS::Cognito::UserPool.AdminCreateUserConfig",
  "value": {
   "Documentation": "http://docs.aws.amazon.com/AWSCloudFormation/latest/UserGuide/aws-properties-cognito-userpool-admincreateuserconfig.html",
   "Properties": {
    "AllowAdminCreateUserOnly": {
     "Documentation": "http://docs.aws.amazon.com/AWSCloudFormation/latest/UserGuide/aws-properties-cognito-userpool-admincreateuserconfig.html#cfn-cognito-userpool-admincreateuserconfig-allowadmincreateuseronly",
     "PrimitiveType": "Boolean",
     "Required": false,
     "UpdateType": "Mutable"
    },
    "InviteMessageTemplate": {
     "Documentation": "http://docs.aws.amazon.com/AWSCloudFormation/latest/UserGuide/aws-properties-cognito-userpool-admincreateuserconfig.html#cfn-cognito-userpool-admincreateuserconfig-invitemessagetemplate",
     "Required": false,
     "Type": "InviteMessageTemplate",
     "UpdateType": "Mutable"
    },
    "UnusedAccountValidityDays": {
     "Documentation": "http://docs.aws.amazon.com/AWSCloudFormation/latest/UserGuide/aws-properties-cognito-userpool-admincreateuserconfig.html#cfn-cognito-userpool-admincreateuserconfig-unusedaccountvaliditydays",
     "PrimitiveType": "Integer",
     "Required": false,
     "UpdateType": "Mutable"
    }
   }
  }
 },
 {
  "op": "add",
  "path": "/PropertyTypes/AWS::Cognito::UserPool.CustomEmailSender",
  "value": {
   "Documentation": "http://docs.aws.amazon.com/AWSCloudFormation/latest/UserGuide/aws-properties-cognito-userpool-customemailsender.html",
   "Properties": {
    "LambdaArn": {
     "Documentation": "http://docs.aws.amazon.com/AWSCloudFormation/latest/UserGuide/aws-properties-cognito-userpool-customemailsender.html#cfn-cognito-userpool-customemailsender-lambdaarn",
     "PrimitiveType": "String",
     "Required": false,
     "UpdateType": "Mutable"
    },
    "LambdaVersion": {
     "Documentation": "http://docs.aws.amazon.com/AWSCloudFormation/latest/UserGuide/aws-properties-cognito-userpool-customemailsender.html#cfn-cognito-userpool-customemailsender-lambdaversion",
     "PrimitiveType": "String",
     "Required": false,
     "UpdateType": "Mutable"
    }
   }
  }
 },
 {
  "op": "add",
  "path": "/PropertyTypes/AWS::Cognito::UserPool.CustomSMSSender",
  "value": {
   "Documentation": "http://docs.aws.amazon.com/AWSCloudFormation/latest/UserGuide/aws-properties-cognito-userpool-customsmssender.html",
   "Properties": {
    "LambdaArn": {
     "Documentation": "http://docs.aws.amazon.com/AWSCloudFormation/latest/UserGuide/aws-properties-cognito-userpool-customsmssender.html#cfn-cognito-userpool-customsmssender-lambdaarn",
     "PrimitiveType": "String",
     "Required": false,
     "UpdateType": "Mutable"
    },
    "LambdaVersion": {
     "Documentation": "http://docs.aws.amazon.com/AWSCloudFormation/latest/UserGuide/aws-properties-cognito-userpool-customsmssender.html#cfn-cognito-userpool-customsmssender-lambdaversion",
     "PrimitiveType": "String",
     "Required": false,
     "UpdateType": "Mutable"
    }
   }
  }
 },
 {
  "op": "add",
  "path": "/PropertyTypes/AWS::Cognito::UserPool.DeviceConfiguration",
  "value": {
   "Documentation": "http://docs.aws.amazon.com/AWSCloudFormation/latest/UserGuide/aws-properties-cognito-userpool-deviceconfiguration.html",
   "Properties": {
    "ChallengeRequiredOnNewDevice": {
     "Documentation": "http://docs.aws.amazon.com/AWSCloudFormation/latest/UserGuide/aws-properties-cognito-userpool-deviceconfiguration.html#cfn-cognito-userpool-deviceconfiguration-challengerequiredonnewdevice",
     "PrimitiveType": "Boolean",
     "Required": false,
     "UpdateType": "Mutable"
    },
    "DeviceOnlyRememberedOnUserPrompt": {
     "Documentation": "http://docs.aws.amazon.com/AWSCloudFormation/latest/UserGuide/aws-properties-cognito-userpool-deviceconfiguration.html#cfn-cognito-userpool-deviceconfiguration-deviceonlyrememberedonuserprompt",
     "PrimitiveType": "Boolean",
     "Required": false,
     "UpdateType": "Mutable"
    }
   }
  }
 },
 {
  "op": "add",
  "path": "/PropertyTypes/AWS::Cognito::UserPool.EmailConfiguration",
  "value": {
   "Documentation": "http://docs.aws.amazon.com/AWSCloudFormation/latest/UserGuide/aws-properties-cognito-userpool-emailconfiguration.html",
   "Properties": {
    "ConfigurationSet": {
     "Documentation": "http://docs.aws.amazon.com/AWSCloudFormation/latest/UserGuide/aws-properties-cognito-userpool-emailconfiguration.html#cfn-cognito-userpool-emailconfiguration-configurationset",
     "PrimitiveType": "String",
     "Required": false,
     "UpdateType": "Mutable"
    },
    "EmailSendingAccount": {
     "Documentation": "http://docs.aws.amazon.com/AWSCloudFormation/latest/UserGuide/aws-properties-cognito-userpool-emailconfiguration.html#cfn-cognito-userpool-emailconfiguration-emailsendingaccount",
     "PrimitiveType": "String",
     "Required": false,
     "UpdateType": "Mutable"
    },
    "From": {
     "Documentation": "http://docs.aws.amazon.com/AWSCloudFormation/latest/UserGuide/aws-properties-cognito-userpool-emailconfiguration.html#cfn-cognito-userpool-emailconfiguration-from",
     "PrimitiveType": "String",
     "Required": false,
     "UpdateType": "Mutable"
    },
    "ReplyToEmailAddress": {
     "Documentation": "http://docs.aws.amazon.com/AWSCloudFormation/latest/UserGuide/aws-properties-cognito-userpool-emailconfiguration.html#cfn-cognito-userpool-emailconfiguration-replytoemailaddress",
     "PrimitiveType": "String",
     "Required": false,
     "UpdateType": "Mutable"
    },
    "SourceArn": {
     "Documentation": "http://docs.aws.amazon.com/AWSCloudFormation/latest/UserGuide/aws-properties-cognito-userpool-emailconfiguration.html#cfn-cognito-userpool-emailconfiguration-sourcearn",
     "PrimitiveType": "String",
     "Required": false,
     "UpdateType": "Mutable"
    }
   }
  }
 },
 {
  "op": "add",
  "path": "/PropertyTypes/AWS::Cognito::UserPool.InviteMessageTemplate",
  "value": {
   "Documentation": "http://docs.aws.amazon.com/AWSCloudFormation/latest/UserGuide/aws-properties-cognito-userpool-invitemessagetemplate.html",
   "Properties": {
    "EmailMessage": {
     "Documentation": "http://docs.aws.amazon.com/AWSCloudFormation/latest/UserGuide/aws-properties-cognito-userpool-invitemessagetemplate.html#cfn-cognito-userpool-invitemessagetemplate-emailmessage",
     "PrimitiveType": "String",
     "Required": false,
     "UpdateType": "Mutable"
    },
    "EmailSubject": {
     "Documentation": "http://docs.aws.amazon.com/AWSCloudFormation/latest/UserGuide/aws-properties-cognito-userpool-invitemessagetemplate.html#cfn-cognito-userpool-invitemessagetemplate-emailsubject",
     "PrimitiveType": "String",
     "Required": false,
     "UpdateType": "Mutable"
    },
    "SMSMessage": {
     "Documentation": "http://docs.aws.amazon.com/AWSCloudFormation/latest/UserGuide/aws-properties-cognito-userpool-invitemessagetemplate.html#cfn-cognito-userpool-invitemessagetemplate-smsmessage",
     "PrimitiveType": "String",
     "Required": false,
     "UpdateType": "Mutable"
    }
   }
  }
 },
 {
  "op": "add",
  "path": "/PropertyTypes/AWS::Cognito::UserPool.LambdaConfig",
  "value": {
   "Documentation": "http://docs.aws.amazon.com/AWSCloudFormation/latest/UserGuide/aws-properties-cognito-userpool-lambdaconfig.html",
   "Properties": {
    "CreateAuthChallenge": {
     "Documentation": "http://docs.aws.amazon.com/AWSCloudFormation/latest/UserGuide/aws-properties-cognito-userpool-lambdaconfig.html#cfn-cognito-userpool-lambdaconfig-createauthchallenge",
     "PrimitiveType": "String",
     "Required": false,
     "UpdateType": "Mutable"
    },
    "CustomEmailSender": {
     "Documentation": "http://docs.aws.amazon.com/AWSCloudFormation/latest/UserGuide/aws-properties-cognito-userpool-lambdaconfig.html#cfn-cognito-userpool-lambdaconfig-customemailsender",
     "Required": false,
     "Type": "CustomEmailSender",
     "UpdateType": "Mutable"
    },
    "CustomMessage": {
     "Documentation": "http://docs.aws.amazon.com/AWSCloudFormation/latest/UserGuide/aws-properties-cognito-userpool-lambdaconfig.html#cfn-cognito-userpool-lambdaconfig-custommessage",
     "PrimitiveType": "String",
     "Required": false,
     "UpdateType": "Mutable"
    },
    "CustomSMSSender": {
     "Documentation": "http://docs.aws.amazon.com/AWSCloudFormation/latest/UserGuide/aws-properties-cognito-userpool-lambdaconfig.html#cfn-cognito-userpool-lambdaconfig-customsmssender",
     "Required": false,
     "Type": "CustomSMSSender",
     "UpdateType": "Mutable"
    },
    "DefineAuthChallenge": {
     "Documentation": "http://docs.aws.amazon.com/AWSCloudFormation/latest/UserGuide/aws-properties-cognito-userpool-lambdaconfig.html#cfn-cognito-userpool-lambdaconfig-defineauthchallenge",
     "PrimitiveType": "String",
     "Required": false,
     "UpdateType": "Mutable"
    },
    "KMSKeyID": {
     "Documentation": "http://docs.aws.amazon.com/AWSCloudFormation/latest/UserGuide/aws-properties-cognito-userpool-lambdaconfig.html#cfn-cognito-userpool-lambdaconfig-kmskeyid",
     "PrimitiveType": "String",
     "Required": false,
     "UpdateType": "Mutable"
    },
    "PostAuthentication": {
     "Documentation": "http://docs.aws.amazon.com/AWSCloudFormation/latest/UserGuide/aws-properties-cognito-userpool-lambdaconfig.html#cfn-cognito-userpool-lambdaconfig-postauthentication",
     "PrimitiveType": "String",
     "Required": false,
     "UpdateType": "Mutable"
    },
    "PostConfirmation": {
     "Documentation": "http://docs.aws.amazon.com/AWSCloudFormation/latest/UserGuide/aws-properties-cognito-userpool-lambdaconfig.html#cfn-cognito-userpool-lambdaconfig-postconfirmation",
     "PrimitiveType": "String",
     "Required": false,
     "UpdateType": "Mutable"
    },
    "PreAuthentication": {
     "Documentation": "http://docs.aws.amazon.com/AWSCloudFormation/latest/UserGuide/aws-properties-cognito-userpool-lambdaconfig.html#cfn-cognito-userpool-lambdaconfig-preauthentication",
     "PrimitiveType": "String",
     "Required": false,
     "UpdateType": "Mutable"
    },
    "PreSignUp": {
     "Documentation": "http://docs.aws.amazon.com/AWSCloudFormation/latest/UserGuide/aws-properties-cognito-userpool-lambdaconfig.html#cfn-cognito-userpool-lambdaconfig-presignup",
     "PrimitiveType": "String",
     "Required": false,
     "UpdateType": "Mutable"
    },
    "PreTokenGeneration": {
     "Documentation": "http://docs.aws.amazon.com/AWSCloudFormation/latest/UserGuide/aws-properties-cognito-userpool-lambdaconfig.html#cfn-cognito-userpool-lambdaconfig-pretokengeneration",
     "PrimitiveType": "String",
     "Required": false,
     "UpdateType": "Mutable"
    },
    "UserMigration": {
     "Documentation": "http://docs.aws.amazon.com/AWSCloudFormation/latest/UserGuide/aws-properties-cognito-userpool-lambdaconfig.html#cfn-cognito-userpool-lambdaconfig-usermigration",
     "PrimitiveType": "String",
     "Required": false,
     "UpdateType": "Mutable"
    },
    "VerifyAuthChallengeResponse": {
     "Documentation": "http://docs.aws.amazon.com/AWSCloudFormation/latest/UserGuide/aws-properties-cognito-userpool-lambdaconfig.html#cfn-cognito-userpool-lambdaconfig-verifyauthchallengeresponse",
     "PrimitiveType": "String",
     "Required": false,
     "UpdateType": "Mutable"
    }
   }
  }
 },
 {
  "op": "add",
  "path": "/PropertyTypes/AWS::Cognito::UserPool.NumberAttributeConstraints",
  "value": {
   "Documentation": "http://docs.aws.amazon.com/AWSCloudFormation/latest/UserGuide/aws-properties-cognito-userpool-numberattributeconstraints.html",
   "Properties": {
    "MaxValue": {
     "Documentation": "http://docs.aws.amazon.com/AWSCloudFormation/latest/UserGuide/aws-properties-cognito-userpool-numberattributeconstraints.html#cfn-cognito-userpool-numberattributeconstraints-maxvalue",
     "PrimitiveType": "String",
     "Required": false,
     "UpdateType": "Mutable"
    },
    "MinValue": {
     "Documentation": "http://docs.aws.amazon.com/AWSCloudFormation/latest/UserGuide/aws-properties-cognito-userpool-numberattributeconstraints.html#cfn-cognito-userpool-numberattributeconstraints-minvalue",
     "PrimitiveType": "String",
     "Required": false,
     "UpdateType": "Mutable"
    }
   }
  }
 },
 {
  "op": "add",
  "path": "/PropertyTypes/AWS::Cognito::UserPool.PasswordPolicy",
  "value": {
   "Documentation": "http://docs.aws.amazon.com/AWSCloudFormation/latest/UserGuide/aws-properties-cognito-userpool-passwordpolicy.html",
   "Properties": {
    "MinimumLength": {
     "Documentation": "http://docs.aws.amazon.com/AWSCloudFormation/latest/UserGuide/aws-properties-cognito-userpool-passwordpolicy.html#cfn-cognito-userpool-passwordpolicy-minimumlength",
     "PrimitiveType": "Integer",
     "Required": false,
     "UpdateType": "Mutable"
    },
    "RequireLowercase": {
     "Documentation": "http://docs.aws.amazon.com/AWSCloudFormation/latest/UserGuide/aws-properties-cognito-userpool-passwordpolicy.html#cfn-cognito-userpool-passwordpolicy-requirelowercase",
     "PrimitiveType": "Boolean",
     "Required": false,
     "UpdateType": "Mutable"
    },
    "RequireNumbers": {
     "Documentation": "http://docs.aws.amazon.com/AWSCloudFormation/latest/UserGuide/aws-properties-cognito-userpool-passwordpolicy.html#cfn-cognito-userpool-passwordpolicy-requirenumbers",
     "PrimitiveType": "Boolean",
     "Required": false,
     "UpdateType": "Mutable"
    },
    "RequireSymbols": {
     "Documentation": "http://docs.aws.amazon.com/AWSCloudFormation/latest/UserGuide/aws-properties-cognito-userpool-passwordpolicy.html#cfn-cognito-userpool-passwordpolicy-requiresymbols",
     "PrimitiveType": "Boolean",
     "Required": false,
     "UpdateType": "Mutable"
    },
    "RequireUppercase": {
     "Documentation": "http://docs.aws.amazon.com/AWSCloudFormation/latest/UserGuide/aws-properties-cognito-userpool-passwordpolicy.html#cfn-cognito-userpool-passwordpolicy-requireuppercase",
     "PrimitiveType": "Boolean",
     "Required": false,
     "UpdateType": "Mutable"
    },
    "TemporaryPasswordValidityDays": {
     "Documentation": "http://docs.aws.amazon.com/AWSCloudFormation/latest/UserGuide/aws-properties-cognito-userpool-passwordpolicy.html#cfn-cognito-userpool-passwordpolicy-temporarypasswordvaliditydays",
     "PrimitiveType": "Integer",
     "Required": false,
     "UpdateType": "Mutable"
    }
   }
  }
 },
 {
  "op": "add",
  "path": "/PropertyTypes/AWS::Cognito::UserPool.Policies",
  "value": {
   "Documentation": "http://docs.aws.amazon.com/AWSCloudFormation/latest/UserGuide/aws-properties-cognito-userpool-policies.html",
   "Properties": {
    "PasswordPolicy": {
     "Documentation": "http://docs.aws.amazon.com/AWSCloudFormation/latest/UserGuide/aws-properties-cognito-userpool-policies.html#cfn-cognito-userpool-policies-passwordpolicy",
     "Required": false,
     "Type": "PasswordPolicy",
     "UpdateType": "Mutable"
    }
   }
  }
 },
 {
  "op": "add",
  "path": "/PropertyTypes/AWS::Cognito::UserPool.RecoveryOption",
  "value": {
   "Documentation": "http://docs.aws.amazon.com/AWSCloudFormation/latest/UserGuide/aws-properties-cognito-userpool-recoveryoption.html",
   "Properties": {
    "Name": {
     "Documentation": "http://docs.aws.amazon.com/AWSCloudFormation/latest/UserGuide/aws-properties-cognito-userpool-recoveryoption.html#cfn-cognito-userpool-recoveryoption-name",
     "PrimitiveType": "String",
     "Required": false,
     "UpdateType": "Mutable"
    },
    "Priority": {
     "Documentation": "http://docs.aws.amazon.com/AWSCloudFormation/latest/UserGuide/aws-properties-cognito-userpool-recoveryoption.html#cfn-cognito-userpool-recoveryoption-priority",
     "PrimitiveType": "Integer",
     "Required": false,
     "UpdateType": "Mutable"
    }
   }
  }
 },
 {
  "op": "add",
  "path": "/PropertyTypes/AWS::Cognito::UserPool.SchemaAttribute",
  "value": {
   "Documentation": "http://docs.aws.amazon.com/AWSCloudFormation/latest/UserGuide/aws-properties-cognito-userpool-schemaattribute.html",
   "Properties": {
    "AttributeDataType": {
     "Documentation": "http://docs.aws.amazon.com/AWSCloudFormation/latest/UserGuide/aws-properties-cognito-userpool-schemaattribute.html#cfn-cognito-userpool-schemaattribute-attributedatatype",
     "PrimitiveType": "String",
     "Required": false,
     "UpdateType": "Mutable"
    },
    "DeveloperOnlyAttribute": {
     "Documentation": "http://docs.aws.amazon.com/AWSCloudFormation/latest/UserGuide/aws-properties-cognito-userpool-schemaattribute.html#cfn-cognito-userpool-schemaattribute-developeronlyattribute",
     "PrimitiveType": "Boolean",
     "Required": false,
     "UpdateType": "Mutable"
    },
    "Mutable": {
     "Documentation": "http://docs.aws.amazon.com/AWSCloudFormation/latest/UserGuide/aws-properties-cognito-userpool-schemaattribute.html#cfn-cognito-userpool-schemaattribute-mutable",
     "PrimitiveType": "Boolean",
     "Required": false,
     "UpdateType": "Mutable"
    },
    "Name": {
     "Documentation": "http://docs.aws.amazon.com/AWSCloudFormation/latest/UserGuide/aws-properties-cognito-userpool-schemaattribute.html#cfn-cognito-userpool-schemaattribute-name",
     "PrimitiveType": "String",
     "Required": false,
     "UpdateType": "Mutable"
    },
    "NumberAttributeConstraints": {
     "Documentation": "http://docs.aws.amazon.com/AWSCloudFormation/latest/UserGuide/aws-properties-cognito-userpool-schemaattribute.html#cfn-cognito-userpool-schemaattribute-numberattributeconstraints",
     "Required": false,
     "Type": "NumberAttributeConstraints",
     "UpdateType": "Mutable"
    },
    "Required": {
     "Documentation": "http://docs.aws.amazon.com/AWSCloudFormation/latest/UserGuide/aws-properties-cognito-userpool-schemaattribute.html#cfn-cognito-userpool-schemaattribute-required",
     "PrimitiveType": "Boolean",
     "Required": false,
     "UpdateType": "Mutable"
    },
    "StringAttributeConstraints": {
     "Documentation": "http://docs.aws.amazon.com/AWSCloudFormation/latest/UserGuide/aws-properties-cognito-userpool-schemaattribute.html#cfn-cognito-userpool-schemaattribute-stringattributeconstraints",
     "Required": false,
     "Type": "StringAttributeConstraints",
     "UpdateType": "Mutable"
    }
   }
  }
 },
 {
  "op": "add",
  "path": "/PropertyTypes/AWS::Cognito::UserPool.SmsConfiguration",
  "value": {
   "Documentation": "http://docs.aws.amazon.com/AWSCloudFormation/latest/UserGuide/aws-properties-cognito-userpool-smsconfiguration.html",
   "Properties": {
    "ExternalId": {
     "Documentation": "http://docs.aws.amazon.com/AWSCloudFormation/latest/UserGuide/aws-properties-cognito-userpool-smsconfiguration.html#cfn-cognito-userpool-smsconfiguration-externalid",
     "PrimitiveType": "String",
     "Required": false,
     "UpdateType": "Mutable"
    },
    "SnsCallerArn": {
     "Documentation": "http://docs.aws.amazon.com/AWSCloudFormation/latest/UserGuide/aws-properties-cognito-userpool-smsconfiguration.html#cfn-cognito-userpool-smsconfiguration-snscallerarn",
     "PrimitiveType": "String",
     "Required": false,
     "UpdateType": "Mutable"
    },
    "SnsRegion": {
     "Documentation": "http://docs.aws.amazon.com/AWSCloudFormation/latest/UserGuide/aws-properties-cognito-userpool-smsconfiguration.html#cfn-cognito-userpool-smsconfiguration-snsregion",
     "PrimitiveType": "String",
     "Required": false,
     "UpdateType": "Mutable"
    }
   }
  }
 },
 {
  "op": "add",
  "path": "/PropertyTypes/AWS::Cognito::UserPool.StringAttributeConstraints",
  "value": {
   "Documentation": "http://docs.aws.amazon.com/AWSCloudFormation/latest/UserGuide/aws-properties-cognito-userpool-stringattributeconstraints.html",
   "Properties": {
    "MaxLength": {
     "Documentation": "http://docs.aws.amazon.com/AWSCloudFormation/latest/UserGuide/aws-properties-cognito-userpool-stringattributeconstraints.html#cfn-cognito-userpool-stringattributeconstraints-maxlength",
     "PrimitiveType": "String",
     "Required": false,
     "UpdateType": "Mutable"
    },
    "MinLength": {
     "Documentation": "http://docs.aws.amazon.com/AWSCloudFormation/latest/UserGuide/aws-properties-cognito-userpool-stringattributeconstraints.html#cfn-cognito-userpool-stringattributeconstraints-minlength",
     "PrimitiveType": "String",
     "Required": false,
     "UpdateType": "Mutable"
    }
   }
  }
 },
 {
  "op": "add",
  "path": "/PropertyTypes/AWS::Cognito::UserPool.UserAttributeUpdateSettings",
  "value": {
   "Documentation": "http://docs.aws.amazon.com/AWSCloudFormation/latest/UserGuide/aws-properties-cognito-userpool-userattributeupdatesettings.html",
   "Properties": {
    "AttributesRequireVerificationBeforeUpdate": {
     "Documentation": "http://docs.aws.amazon.com/AWSCloudFormation/latest/UserGuide/aws-properties-cognito-userpool-userattributeupdatesettings.html#cfn-cognito-userpool-userattributeupdatesettings-attributesrequireverificationbeforeupdate",
     "PrimitiveItemType": "String",
     "Required": true,
     "Type": "List",
     "UpdateType": "Mutable"
    }
   }
  }
 },
 {
  "op": "add",
  "path": "/PropertyTypes/AWS::Cognito::UserPool.UserPoolAddOns",
  "value": {
   "Documentation": "http://docs.aws.amazon.com/AWSCloudFormation/latest/UserGuide/aws-properties-cognito-userpool-userpooladdons.html",
   "Properties": {
    "AdvancedSecurityMode": {
     "Documentation": "http://docs.aws.amazon.com/AWSCloudFormation/latest/UserGuide/aws-properties-cognito-userpool-userpooladdons.html#cfn-cognito-userpool-userpooladdons-advancedsecuritymode",
     "PrimitiveType": "String",
     "Required": false,
     "UpdateType": "Mutable"
    }
   }
  }
 },
 {
  "op": "add",
  "path": "/PropertyTypes/AWS::Cognito::UserPool.UsernameConfiguration",
  "value": {
   "Documentation": "http://docs.aws.amazon.com/AWSCloudFormation/latest/UserGuide/aws-properties-cognito-userpool-usernameconfiguration.html",
   "Properties": {
    "CaseSensitive": {
     "Documentation": "http://docs.aws.amazon.com/AWSCloudFormation/latest/UserGuide/aws-properties-cognito-userpool-usernameconfiguration.html#cfn-cognito-userpool-usernameconfiguration-casesensitive",
     "PrimitiveType": "Boolean",
     "Required": false,
     "UpdateType": "Mutable"
    }
   }
  }
 },
 {
  "op": "add",
  "path": "/PropertyTypes/AWS::Cognito::UserPool.VerificationMessageTemplate",
  "value": {
   "Documentation": "http://docs.aws.amazon.com/AWSCloudFormation/latest/UserGuide/aws-properties-cognito-userpool-verificationmessagetemplate.html",
   "Properties": {
    "DefaultEmailOption": {
     "Documentation": "http://docs.aws.amazon.com/AWSCloudFormation/latest/UserGuide/aws-properties-cognito-userpool-verificationmessagetemplate.html#cfn-cognito-userpool-verificationmessagetemplate-defaultemailoption",
     "PrimitiveType": "String",
     "Required": false,
     "UpdateType": "Mutable"
    },
    "EmailMessage": {
     "Documentation": "http://docs.aws.amazon.com/AWSCloudFormation/latest/UserGuide/aws-properties-cognito-userpool-verificationmessagetemplate.html#cfn-cognito-userpool-verificationmessagetemplate-emailmessage",
     "PrimitiveType": "String",
     "Required": false,
     "UpdateType": "Mutable"
    },
    "EmailMessageByLink": {
     "Documentation": "http://docs.aws.amazon.com/AWSCloudFormation/latest/UserGuide/aws-properties-cognito-userpool-verificationmessagetemplate.html#cfn-cognito-userpool-verificationmessagetemplate-emailmessagebylink",
     "PrimitiveType": "String",
     "Required": false,
     "UpdateType": "Mutable"
    },
    "EmailSubject": {
     "Documentation": "http://docs.aws.amazon.com/AWSCloudFormation/latest/UserGuide/aws-properties-cognito-userpool-verificationmessagetemplate.html#cfn-cognito-userpool-verificationmessagetemplate-emailsubject",
     "PrimitiveType": "String",
     "Required": false,
     "UpdateType": "Mutable"
    },
    "EmailSubjectByLink": {
     "Documentation": "http://docs.aws.amazon.com/AWSCloudFormation/latest/UserGuide/aws-properties-cognito-userpool-verificationmessagetemplate.html#cfn-cognito-userpool-verificationmessagetemplate-emailsubjectbylink",
     "PrimitiveType": "String",
     "Required": false,
     "UpdateType": "Mutable"
    },
    "SmsMessage": {
     "Documentation": "http://docs.aws.amazon.com/AWSCloudFormation/latest/UserGuide/aws-properties-cognito-userpool-verificationmessagetemplate.html#cfn-cognito-userpool-verificationmessagetemplate-smsmessage",
     "PrimitiveType": "String",
     "Required": false,
     "UpdateType": "Mutable"
    }
   }
  }
 },
 {
  "op": "add",
  "path": "/PropertyTypes/AWS::Cognito::UserPoolClient.AnalyticsConfiguration",
  "value": {
   "Documentation": "http://docs.aws.amazon.com/AWSCloudFormation/latest/UserGuide/aws-properties-cognito-userpoolclient-analyticsconfiguration.html",
   "Properties": {
    "ApplicationArn": {
     "Documentation": "http://docs.aws.amazon.com/AWSCloudFormation/latest/UserGuide/aws-properties-cognito-userpoolclient-analyticsconfiguration.html#cfn-cognito-userpoolclient-analyticsconfiguration-applicationarn",
     "PrimitiveType": "String",
     "Required": false,
     "UpdateType": "Mutable"
    },
    "ApplicationId": {
     "Documentation": "http://docs.aws.amazon.com/AWSCloudFormation/latest/UserGuide/aws-properties-cognito-userpoolclient-analyticsconfiguration.html#cfn-cognito-userpoolclient-analyticsconfiguration-applicationid",
     "PrimitiveType": "String",
     "Required": false,
     "UpdateType": "Mutable"
    },
    "ExternalId": {
     "Documentation": "http://docs.aws.amazon.com/AWSCloudFormation/latest/UserGuide/aws-properties-cognito-userpoolclient-analyticsconfiguration.html#cfn-cognito-userpoolclient-analyticsconfiguration-externalid",
     "PrimitiveType": "String",
     "Required": false,
     "UpdateType": "Mutable"
    },
    "RoleArn": {
     "Documentation": "http://docs.aws.amazon.com/AWSCloudFormation/latest/UserGuide/aws-properties-cognito-userpoolclient-analyticsconfiguration.html#cfn-cognito-userpoolclient-analyticsconfiguration-rolearn",
     "PrimitiveType": "String",
     "Required": false,
     "UpdateType": "Mutable"
    },
    "UserDataShared": {
     "Documentation": "http://docs.aws.amazon.com/AWSCloudFormation/latest/UserGuide/aws-properties-cognito-userpoolclient-analyticsconfiguration.html#cfn-cognito-userpoolclient-analyticsconfiguration-userdatashared",
     "PrimitiveType": "Boolean",
     "Required": false,
     "UpdateType": "Mutable"
    }
   }
  }
 },
 {
  "op": "add",
  "path": "/PropertyTypes/AWS::Cognito::UserPoolClient.TokenValidityUnits",
  "value": {
   "Documentation": "http://docs.aws.amazon.com/AWSCloudFormation/latest/UserGuide/aws-properties-cognito-userpoolclient-tokenvalidityunits.html",
   "Properties": {
    "AccessToken": {
     "Documentation": "http://docs.aws.amazon.com/AWSCloudFormation/latest/UserGuide/aws-properties-cognito-userpoolclient-tokenvalidityunits.html#cfn-cognito-userpoolclient-tokenvalidityunits-accesstoken",
     "PrimitiveType": "String",
     "Required": false,
     "UpdateType": "Mutable"
    },
    "IdToken": {
     "Documentation": "http://docs.aws.amazon.com/AWSCloudFormation/latest/UserGuide/aws-properties-cognito-userpoolclient-tokenvalidityunits.html#cfn-cognito-userpoolclient-tokenvalidityunits-idtoken",
     "PrimitiveType": "String",
     "Required": false,
     "UpdateType": "Mutable"
    },
    "RefreshToken": {
     "Documentation": "http://docs.aws.amazon.com/AWSCloudFormation/latest/UserGuide/aws-properties-cognito-userpoolclient-tokenvalidityunits.html#cfn-cognito-userpoolclient-tokenvalidityunits-refreshtoken",
     "PrimitiveType": "String",
     "Required": false,
     "UpdateType": "Mutable"
    }
   }
  }
 },
 {
  "op": "add",
  "path": "/PropertyTypes/AWS::Cognito::UserPoolDomain.CustomDomainConfigType",
  "value": {
   "Documentation": "http://docs.aws.amazon.com/AWSCloudFormation/latest/UserGuide/aws-properties-cognito-userpooldomain-customdomainconfigtype.html",
   "Properties": {
    "CertificateArn": {
     "Documentation": "http://docs.aws.amazon.com/AWSCloudFormation/latest/UserGuide/aws-properties-cognito-userpooldomain-customdomainconfigtype.html#cfn-cognito-userpooldomain-customdomainconfigtype-certificatearn",
     "PrimitiveType": "String",
     "Required": false,
     "UpdateType": "Mutable"
    }
   }
  }
 },
 {
  "op": "add",
  "path": "/PropertyTypes/AWS::Cognito::UserPoolResourceServer.ResourceServerScopeType",
  "value": {
   "Documentation": "http://docs.aws.amazon.com/AWSCloudFormation/latest/UserGuide/aws-properties-cognito-userpoolresourceserver-resourceserverscopetype.html",
   "Properties": {
    "ScopeDescription": {
     "Documentation": "http://docs.aws.amazon.com/AWSCloudFormation/latest/UserGuide/aws-properties-cognito-userpoolresourceserver-resourceserverscopetype.html#cfn-cognito-userpoolresourceserver-resourceserverscopetype-scopedescription",
     "PrimitiveType": "String",
     "Required": true,
     "UpdateType": "Mutable"
    },
    "ScopeName": {
     "Documentation": "http://docs.aws.amazon.com/AWSCloudFormation/latest/UserGuide/aws-properties-cognito-userpoolresourceserver-resourceserverscopetype.html#cfn-cognito-userpoolresourceserver-resourceserverscopetype-scopename",
     "PrimitiveType": "String",
     "Required": true,
     "UpdateType": "Mutable"
    }
   }
  }
 },
 {
  "op": "add",
  "path": "/PropertyTypes/AWS::Cognito::UserPoolRiskConfigurationAttachment.AccountTakeoverActionType",
  "value": {
   "Documentation": "http://docs.aws.amazon.com/AWSCloudFormation/latest/UserGuide/aws-properties-cognito-userpoolriskconfigurationattachment-accounttakeoveractiontype.html",
   "Properties": {
    "EventAction": {
     "Documentation": "http://docs.aws.amazon.com/AWSCloudFormation/latest/UserGuide/aws-properties-cognito-userpoolriskconfigurationattachment-accounttakeoveractiontype.html#cfn-cognito-userpoolriskconfigurationattachment-accounttakeoveractiontype-eventaction",
     "PrimitiveType": "String",
     "Required": true,
     "UpdateType": "Mutable"
    },
    "Notify": {
     "Documentation": "http://docs.aws.amazon.com/AWSCloudFormation/latest/UserGuide/aws-properties-cognito-userpoolriskconfigurationattachment-accounttakeoveractiontype.html#cfn-cognito-userpoolriskconfigurationattachment-accounttakeoveractiontype-notify",
     "PrimitiveType": "Boolean",
     "Required": true,
     "UpdateType": "Mutable"
    }
   }
  }
 },
 {
  "op": "add",
  "path": "/PropertyTypes/AWS::Cognito::UserPoolRiskConfigurationAttachment.AccountTakeoverActionsType",
  "value": {
   "Documentation": "http://docs.aws.amazon.com/AWSCloudFormation/latest/UserGuide/aws-properties-cognito-userpoolriskconfigurationattachment-accounttakeoveractionstype.html",
   "Properties": {
    "HighAction": {
     "Documentation": "http://docs.aws.amazon.com/AWSCloudFormation/latest/UserGuide/aws-properties-cognito-userpoolriskconfigurationattachment-accounttakeoveractionstype.html#cfn-cognito-userpoolriskconfigurationattachment-accounttakeoveractionstype-highaction",
     "Required": false,
     "Type": "AccountTakeoverActionType",
     "UpdateType": "Mutable"
    },
    "LowAction": {
     "Documentation": "http://docs.aws.amazon.com/AWSCloudFormation/latest/UserGuide/aws-properties-cognito-userpoolriskconfigurationattachment-accounttakeoveractionstype.html#cfn-cognito-userpoolriskconfigurationattachment-accounttakeoveractionstype-lowaction",
     "Required": false,
     "Type": "AccountTakeoverActionType",
     "UpdateType": "Mutable"
    },
    "MediumAction": {
     "Documentation": "http://docs.aws.amazon.com/AWSCloudFormation/latest/UserGuide/aws-properties-cognito-userpoolriskconfigurationattachment-accounttakeoveractionstype.html#cfn-cognito-userpoolriskconfigurationattachment-accounttakeoveractionstype-mediumaction",
     "Required": false,
     "Type": "AccountTakeoverActionType",
     "UpdateType": "Mutable"
    }
   }
  }
 },
 {
  "op": "add",
  "path": "/PropertyTypes/AWS::Cognito::UserPoolRiskConfigurationAttachment.AccountTakeoverRiskConfigurationType",
  "value": {
   "Documentation": "http://docs.aws.amazon.com/AWSCloudFormation/latest/UserGuide/aws-properties-cognito-userpoolriskconfigurationattachment-accounttakeoverriskconfigurationtype.html",
   "Properties": {
    "Actions": {
     "Documentation": "http://docs.aws.amazon.com/AWSCloudFormation/latest/UserGuide/aws-properties-cognito-userpoolriskconfigurationattachment-accounttakeoverriskconfigurationtype.html#cfn-cognito-userpoolriskconfigurationattachment-accounttakeoverriskconfigurationtype-actions",
     "Required": true,
     "Type": "AccountTakeoverActionsType",
     "UpdateType": "Mutable"
    },
    "NotifyConfiguration": {
     "Documentation": "http://docs.aws.amazon.com/AWSCloudFormation/latest/UserGuide/aws-properties-cognito-userpoolriskconfigurationattachment-accounttakeoverriskconfigurationtype.html#cfn-cognito-userpoolriskconfigurationattachment-accounttakeoverriskconfigurationtype-notifyconfiguration",
     "Required": false,
     "Type": "NotifyConfigurationType",
     "UpdateType": "Mutable"
    }
   }
  }
 },
 {
  "op": "add",
  "path": "/PropertyTypes/AWS::Cognito::UserPoolRiskConfigurationAttachment.CompromisedCredentialsActionsType",
  "value": {
   "Documentation": "http://docs.aws.amazon.com/AWSCloudFormation/latest/UserGuide/aws-properties-cognito-userpoolriskconfigurationattachment-compromisedcredentialsactionstype.html",
   "Properties": {
    "EventAction": {
     "Documentation": "http://docs.aws.amazon.com/AWSCloudFormation/latest/UserGuide/aws-properties-cognito-userpoolriskconfigurationattachment-compromisedcredentialsactionstype.html#cfn-cognito-userpoolriskconfigurationattachment-compromisedcredentialsactionstype-eventaction",
     "PrimitiveType": "String",
     "Required": true,
     "UpdateType": "Mutable"
    }
   }
  }
 },
 {
  "op": "add",
  "path": "/PropertyTypes/AWS::Cognito::UserPoolRiskConfigurationAttachment.CompromisedCredentialsRiskConfigurationType",
  "value": {
   "Documentation": "http://docs.aws.amazon.com/AWSCloudFormation/latest/UserGuide/aws-properties-cognito-userpoolriskconfigurationattachment-compromisedcredentialsriskconfigurationtype.html",
   "Properties": {
    "Actions": {
     "Documentation": "http://docs.aws.amazon.com/AWSCloudFormation/latest/UserGuide/aws-properties-cognito-userpoolriskconfigurationattachment-compromisedcredentialsriskconfigurationtype.html#cfn-cognito-userpoolriskconfigurationattachment-compromisedcredentialsriskconfigurationtype-actions",
     "Required": true,
     "Type": "CompromisedCredentialsActionsType",
     "UpdateType": "Mutable"
    },
    "EventFilter": {
     "Documentation": "http://docs.aws.amazon.com/AWSCloudFormation/latest/UserGuide/aws-properties-cognito-userpoolriskconfigurationattachment-compromisedcredentialsriskconfigurationtype.html#cfn-cognito-userpoolriskconfigurationattachment-compromisedcredentialsriskconfigurationtype-eventfilter",
     "PrimitiveItemType": "String",
     "Required": false,
     "Type": "List",
     "UpdateType": "Mutable"
    }
   }
  }
 },
 {
  "op": "add",
  "path": "/PropertyTypes/AWS::Cognito::UserPoolRiskConfigurationAttachment.NotifyConfigurationType",
  "value": {
   "Documentation": "http://docs.aws.amazon.com/AWSCloudFormation/latest/UserGuide/aws-properties-cognito-userpoolriskconfigurationattachment-notifyconfigurationtype.html",
   "Properties": {
    "BlockEmail": {
     "Documentation": "http://docs.aws.amazon.com/AWSCloudFormation/latest/UserGuide/aws-properties-cognito-userpoolriskconfigurationattachment-notifyconfigurationtype.html#cfn-cognito-userpoolriskconfigurationattachment-notifyconfigurationtype-blockemail",
     "Required": false,
     "Type": "NotifyEmailType",
     "UpdateType": "Mutable"
    },
    "From": {
     "Documentation": "http://docs.aws.amazon.com/AWSCloudFormation/latest/UserGuide/aws-properties-cognito-userpoolriskconfigurationattachment-notifyconfigurationtype.html#cfn-cognito-userpoolriskconfigurationattachment-notifyconfigurationtype-from",
     "PrimitiveType": "String",
     "Required": false,
     "UpdateType": "Mutable"
    },
    "MfaEmail": {
     "Documentation": "http://docs.aws.amazon.com/AWSCloudFormation/latest/UserGuide/aws-properties-cognito-userpoolriskconfigurationattachment-notifyconfigurationtype.html#cfn-cognito-userpoolriskconfigurationattachment-notifyconfigurationtype-mfaemail",
     "Required": false,
     "Type": "NotifyEmailType",
     "UpdateType": "Mutable"
    },
    "NoActionEmail": {
     "Documentation": "http://docs.aws.amazon.com/AWSCloudFormation/latest/UserGuide/aws-properties-cognito-userpoolriskconfigurationattachment-notifyconfigurationtype.html#cfn-cognito-userpoolriskconfigurationattachment-notifyconfigurationtype-noactionemail",
     "Required": false,
     "Type": "NotifyEmailType",
     "UpdateType": "Mutable"
    },
    "ReplyTo": {
     "Documentation": "http://docs.aws.amazon.com/AWSCloudFormation/latest/UserGuide/aws-properties-cognito-userpoolriskconfigurationattachment-notifyconfigurationtype.html#cfn-cognito-userpoolriskconfigurationattachment-notifyconfigurationtype-replyto",
     "PrimitiveType": "String",
     "Required": false,
     "UpdateType": "Mutable"
    },
    "SourceArn": {
     "Documentation": "http://docs.aws.amazon.com/AWSCloudFormation/latest/UserGuide/aws-properties-cognito-userpoolriskconfigurationattachment-notifyconfigurationtype.html#cfn-cognito-userpoolriskconfigurationattachment-notifyconfigurationtype-sourcearn",
     "PrimitiveType": "String",
     "Required": true,
     "UpdateType": "Mutable"
    }
   }
  }
 },
 {
  "op": "add",
  "path": "/PropertyTypes/AWS::Cognito::UserPoolRiskConfigurationAttachment.NotifyEmailType",
  "value": {
   "Documentation": "http://docs.aws.amazon.com/AWSCloudFormation/latest/UserGuide/aws-properties-cognito-userpoolriskconfigurationattachment-notifyemailtype.html",
   "Properties": {
    "HtmlBody": {
     "Documentation": "http://docs.aws.amazon.com/AWSCloudFormation/latest/UserGuide/aws-properties-cognito-userpoolriskconfigurationattachment-notifyemailtype.html#cfn-cognito-userpoolriskconfigurationattachment-notifyemailtype-htmlbody",
     "PrimitiveType": "String",
     "Required": false,
     "UpdateType": "Mutable"
    },
    "Subject": {
     "Documentation": "http://docs.aws.amazon.com/AWSCloudFormation/latest/UserGuide/aws-properties-cognito-userpoolriskconfigurationattachment-notifyemailtype.html#cfn-cognito-userpoolriskconfigurationattachment-notifyemailtype-subject",
     "PrimitiveType": "String",
     "Required": true,
     "UpdateType": "Mutable"
    },
    "TextBody": {
     "Documentation": "http://docs.aws.amazon.com/AWSCloudFormation/latest/UserGuide/aws-properties-cognito-userpoolriskconfigurationattachment-notifyemailtype.html#cfn-cognito-userpoolriskconfigurationattachment-notifyemailtype-textbody",
     "PrimitiveType": "String",
     "Required": false,
     "UpdateType": "Mutable"
    }
   }
  }
 },
 {
  "op": "add",
  "path": "/PropertyTypes/AWS::Cognito::UserPoolRiskConfigurationAttachment.RiskExceptionConfigurationType",
  "value": {
   "Documentation": "http://docs.aws.amazon.com/AWSCloudFormation/latest/UserGuide/aws-properties-cognito-userpoolriskconfigurationattachment-riskexceptionconfigurationtype.html",
   "Properties": {
    "BlockedIPRangeList": {
     "Documentation": "http://docs.aws.amazon.com/AWSCloudFormation/latest/UserGuide/aws-properties-cognito-userpoolriskconfigurationattachment-riskexceptionconfigurationtype.html#cfn-cognito-userpoolriskconfigurationattachment-riskexceptionconfigurationtype-blockediprangelist",
     "PrimitiveItemType": "String",
     "Required": false,
     "Type": "List",
     "UpdateType": "Mutable"
    },
    "SkippedIPRangeList": {
     "Documentation": "http://docs.aws.amazon.com/AWSCloudFormation/latest/UserGuide/aws-properties-cognito-userpoolriskconfigurationattachment-riskexceptionconfigurationtype.html#cfn-cognito-userpoolriskconfigurationattachment-riskexceptionconfigurationtype-skippediprangelist",
     "PrimitiveItemType": "String",
     "Required": false,
     "Type": "List",
     "UpdateType": "Mutable"
    }
   }
  }
 },
 {
  "op": "add",
  "path": "/PropertyTypes/AWS::Cognito::UserPoolUser.AttributeType",
  "value": {
   "Documentation": "http://docs.aws.amazon.com/AWSCloudFormation/latest/UserGuide/aws-properties-cognito-userpooluser-attributetype.html",
   "Properties": {
    "Name": {
     "Documentation": "http://docs.aws.amazon.com/AWSCloudFormation/latest/UserGuide/aws-properties-cognito-userpooluser-attributetype.html#cfn-cognito-userpooluser-attributetype-name",
     "PrimitiveType": "String",
     "Required": false,
     "UpdateType": "Mutable"
    },
    "Value": {
     "Documentation": "http://docs.aws.amazon.com/AWSCloudFormation/latest/UserGuide/aws-properties-cognito-userpooluser-attributetype.html#cfn-cognito-userpooluser-attributetype-value",
     "PrimitiveType": "String",
     "Required": false,
     "UpdateType": "Mutable"
    }
   }
  }
 },
 {
  "op": "add",
  "path": "/ResourceTypes/AWS::DocDB::DBCluster",
  "value": {
   "Attributes": {
    "ClusterResourceId": {
     "PrimitiveType": "String"
    },
    "Endpoint": {
     "PrimitiveType": "String"
    },
    "Port": {
     "PrimitiveType": "String"
    },
    "ReadEndpoint": {
     "PrimitiveType": "String"
    }
   },
   "Documentation": "http://docs.aws.amazon.com/AWSCloudFormation/latest/UserGuide/aws-resource-docdb-dbcluster.html",
   "Properties": {
    "AvailabilityZones": {
     "Documentation": "http://docs.aws.amazon.com/AWSCloudFormation/latest/UserGuide/aws-resource-docdb-dbcluster.html#cfn-docdb-dbcluster-availabilityzones",
     "PrimitiveItemType": "String",
     "Required": false,
     "Type": "List",
     "UpdateType": "Immutable"
    },
    "BackupRetentionPeriod": {
     "Documentation": "http://docs.aws.amazon.com/AWSCloudFormation/latest/UserGuide/aws-resource-docdb-dbcluster.html#cfn-docdb-dbcluster-backupretentionperiod",
     "PrimitiveType": "Integer",
     "Required": false,
     "UpdateType": "Mutable"
    },
    "CopyTagsToSnapshot": {
     "Documentation": "http://docs.aws.amazon.com/AWSCloudFormation/latest/UserGuide/aws-resource-docdb-dbcluster.html#cfn-docdb-dbcluster-copytagstosnapshot",
     "PrimitiveType": "Boolean",
     "Required": false,
     "UpdateType": "Mutable"
    },
    "DBClusterIdentifier": {
     "Documentation": "http://docs.aws.amazon.com/AWSCloudFormation/latest/UserGuide/aws-resource-docdb-dbcluster.html#cfn-docdb-dbcluster-dbclusteridentifier",
     "PrimitiveType": "String",
     "Required": false,
     "UpdateType": "Immutable"
    },
    "DBClusterParameterGroupName": {
     "Documentation": "http://docs.aws.amazon.com/AWSCloudFormation/latest/UserGuide/aws-resource-docdb-dbcluster.html#cfn-docdb-dbcluster-dbclusterparametergroupname",
     "PrimitiveType": "String",
     "Required": false,
     "UpdateType": "Mutable"
    },
    "DBSubnetGroupName": {
     "Documentation": "http://docs.aws.amazon.com/AWSCloudFormation/latest/UserGuide/aws-resource-docdb-dbcluster.html#cfn-docdb-dbcluster-dbsubnetgroupname",
     "PrimitiveType": "String",
     "Required": false,
     "UpdateType": "Immutable"
    },
    "DeletionProtection": {
     "Documentation": "http://docs.aws.amazon.com/AWSCloudFormation/latest/UserGuide/aws-resource-docdb-dbcluster.html#cfn-docdb-dbcluster-deletionprotection",
     "PrimitiveType": "Boolean",
     "Required": false,
     "UpdateType": "Mutable"
    },
    "EnableCloudwatchLogsExports": {
     "Documentation": "http://docs.aws.amazon.com/AWSCloudFormation/latest/UserGuide/aws-resource-docdb-dbcluster.html#cfn-docdb-dbcluster-enablecloudwatchlogsexports",
     "PrimitiveItemType": "String",
     "Required": false,
     "Type": "List",
     "UpdateType": "Mutable"
    },
    "EngineVersion": {
     "Documentation": "http://docs.aws.amazon.com/AWSCloudFormation/latest/UserGuide/aws-resource-docdb-dbcluster.html#cfn-docdb-dbcluster-engineversion",
     "PrimitiveType": "String",
     "Required": false,
     "UpdateType": "Immutable"
    },
    "KmsKeyId": {
     "Documentation": "http://docs.aws.amazon.com/AWSCloudFormation/latest/UserGuide/aws-resource-docdb-dbcluster.html#cfn-docdb-dbcluster-kmskeyid",
     "PrimitiveType": "String",
     "Required": false,
     "UpdateType": "Immutable"
    },
    "MasterUserPassword": {
     "Documentation": "http://docs.aws.amazon.com/AWSCloudFormation/latest/UserGuide/aws-resource-docdb-dbcluster.html#cfn-docdb-dbcluster-masteruserpassword",
     "PrimitiveType": "String",
     "Required": false,
     "UpdateType": "Mutable"
    },
    "MasterUsername": {
     "Documentation": "http://docs.aws.amazon.com/AWSCloudFormation/latest/UserGuide/aws-resource-docdb-dbcluster.html#cfn-docdb-dbcluster-masterusername",
     "PrimitiveType": "String",
     "Required": false,
     "UpdateType": "Immutable"
    },
    "Port": {
     "Documentation": "http://docs.aws.amazon.com/AWSCloudFormation/latest/UserGuide/aws-resource-docdb-dbcluster.html#cfn-docdb-dbcluster-port",
     "PrimitiveType": "Integer",
     "Required": false,
     "UpdateType": "Mutable"
    },
    "PreferredBackupWindow": {
     "Documentation": "http://docs.aws.amazon.com/AWSCloudFormation/latest/UserGuide/aws-resource-docdb-dbcluster.html#cfn-docdb-dbcluster-preferredbackupwindow",
     "PrimitiveType": "String",
     "Required": false,
     "UpdateType": "Mutable"
    },
    "PreferredMaintenanceWindow": {
     "Documentation": "http://docs.aws.amazon.com/AWSCloudFormation/latest/UserGuide/aws-resource-docdb-dbcluster.html#cfn-docdb-dbcluster-preferredmaintenancewindow",
     "PrimitiveType": "String",
     "Required": false,
     "UpdateType": "Mutable"
    },
    "RestoreToTime": {
     "Documentation": "http://docs.aws.amazon.com/AWSCloudFormation/latest/UserGuide/aws-resource-docdb-dbcluster.html#cfn-docdb-dbcluster-restoretotime",
     "PrimitiveType": "String",
     "Required": false,
     "UpdateType": "Mutable"
    },
    "RestoreType": {
     "Documentation": "http://docs.aws.amazon.com/AWSCloudFormation/latest/UserGuide/aws-resource-docdb-dbcluster.html#cfn-docdb-dbcluster-restoretype",
     "PrimitiveType": "String",
     "Required": false,
     "UpdateType": "Mutable"
    },
    "SnapshotIdentifier": {
     "Documentation": "http://docs.aws.amazon.com/AWSCloudFormation/latest/UserGuide/aws-resource-docdb-dbcluster.html#cfn-docdb-dbcluster-snapshotidentifier",
     "PrimitiveType": "String",
     "Required": false,
     "UpdateType": "Immutable"
    },
    "SourceDBClusterIdentifier": {
     "Documentation": "http://docs.aws.amazon.com/AWSCloudFormation/latest/UserGuide/aws-resource-docdb-dbcluster.html#cfn-docdb-dbcluster-sourcedbclusteridentifier",
     "PrimitiveType": "String",
     "Required": false,
     "UpdateType": "Immutable"
    },
    "StorageEncrypted": {
     "Documentation": "http://docs.aws.amazon.com/AWSCloudFormation/latest/UserGuide/aws-resource-docdb-dbcluster.html#cfn-docdb-dbcluster-storageencrypted",
     "PrimitiveType": "Boolean",
     "Required": false,
     "UpdateType": "Immutable"
    },
    "Tags": {
     "Documentation": "http://docs.aws.amazon.com/AWSCloudFormation/latest/UserGuide/aws-resource-docdb-dbcluster.html#cfn-docdb-dbcluster-tags",
     "ItemType": "Tag",
     "Required": false,
     "Type": "List",
     "UpdateType": "Mutable"
    },
    "UseLatestRestorableTime": {
     "Documentation": "http://docs.aws.amazon.com/AWSCloudFormation/latest/UserGuide/aws-resource-docdb-dbcluster.html#cfn-docdb-dbcluster-uselatestrestorabletime",
     "PrimitiveType": "Boolean",
     "Required": false,
     "UpdateType": "Mutable"
    },
    "VpcSecurityGroupIds": {
     "Documentation": "http://docs.aws.amazon.com/AWSCloudFormation/latest/UserGuide/aws-resource-docdb-dbcluster.html#cfn-docdb-dbcluster-vpcsecuritygroupids",
     "PrimitiveItemType": "String",
     "Required": false,
     "Type": "List",
     "UpdateType": "Mutable"
    }
   }
  }
 },
 {
  "op": "add",
  "path": "/ResourceTypes/AWS::DocDB::DBClusterParameterGroup",
  "value": {
   "Documentation": "http://docs.aws.amazon.com/AWSCloudFormation/latest/UserGuide/aws-resource-docdb-dbclusterparametergroup.html",
   "Properties": {
    "Description": {
     "Documentation": "http://docs.aws.amazon.com/AWSCloudFormation/latest/UserGuide/aws-resource-docdb-dbclusterparametergroup.html#cfn-docdb-dbclusterparametergroup-description",
     "PrimitiveType": "String",
     "Required": true,
     "UpdateType": "Immutable"
    },
    "Family": {
     "Documentation": "http://docs.aws.amazon.com/AWSCloudFormation/latest/UserGuide/aws-resource-docdb-dbclusterparametergroup.html#cfn-docdb-dbclusterparametergroup-family",
     "PrimitiveType": "String",
     "Required": true,
     "UpdateType": "Immutable"
    },
    "Name": {
     "Documentation": "http://docs.aws.amazon.com/AWSCloudFormation/latest/UserGuide/aws-resource-docdb-dbclusterparametergroup.html#cfn-docdb-dbclusterparametergroup-name",
     "PrimitiveType": "String",
     "Required": false,
     "UpdateType": "Immutable"
    },
    "Parameters": {
     "Documentation": "http://docs.aws.amazon.com/AWSCloudFormation/latest/UserGuide/aws-resource-docdb-dbclusterparametergroup.html#cfn-docdb-dbclusterparametergroup-parameters",
     "PrimitiveType": "Json",
     "Required": true,
     "UpdateType": "Mutable"
    },
    "Tags": {
     "Documentation": "http://docs.aws.amazon.com/AWSCloudFormation/latest/UserGuide/aws-resource-docdb-dbclusterparametergroup.html#cfn-docdb-dbclusterparametergroup-tags",
     "ItemType": "Tag",
     "Required": false,
     "Type": "List",
     "UpdateType": "Mutable"
    }
   }
  }
 },
 {
  "op": "add",
  "path": "/ResourceTypes/AWS::DocDB::DBInstance",
  "value": {
   "Attributes": {
    "Endpoint": {
     "PrimitiveType": "String"
    },
    "Port": {
     "PrimitiveType": "String"
    }
   },
   "Documentation": "http://docs.aws.amazon.com/AWSCloudFormation/latest/UserGuide/aws-resource-docdb-dbinstance.html",
   "Properties": {
    "AutoMinorVersionUpgrade": {
     "Documentation": "http://docs.aws.amazon.com/AWSCloudFormation/latest/UserGuide/aws-resource-docdb-dbinstance.html#cfn-docdb-dbinstance-autominorversionupgrade",
     "PrimitiveType": "Boolean",
     "Required": false,
     "UpdateType": "Mutable"
    },
    "AvailabilityZone": {
     "Documentation": "http://docs.aws.amazon.com/AWSCloudFormation/latest/UserGuide/aws-resource-docdb-dbinstance.html#cfn-docdb-dbinstance-availabilityzone",
     "PrimitiveType": "String",
     "Required": false,
     "UpdateType": "Immutable"
    },
    "DBClusterIdentifier": {
     "Documentation": "http://docs.aws.amazon.com/AWSCloudFormation/latest/UserGuide/aws-resource-docdb-dbinstance.html#cfn-docdb-dbinstance-dbclusteridentifier",
     "PrimitiveType": "String",
     "Required": true,
     "UpdateType": "Immutable"
    },
    "DBInstanceClass": {
     "Documentation": "http://docs.aws.amazon.com/AWSCloudFormation/latest/UserGuide/aws-resource-docdb-dbinstance.html#cfn-docdb-dbinstance-dbinstanceclass",
     "PrimitiveType": "String",
     "Required": true,
     "UpdateType": "Mutable"
    },
    "DBInstanceIdentifier": {
     "Documentation": "http://docs.aws.amazon.com/AWSCloudFormation/latest/UserGuide/aws-resource-docdb-dbinstance.html#cfn-docdb-dbinstance-dbinstanceidentifier",
     "PrimitiveType": "String",
     "Required": false,
     "UpdateType": "Immutable"
    },
    "EnablePerformanceInsights": {
     "Documentation": "http://docs.aws.amazon.com/AWSCloudFormation/latest/UserGuide/aws-resource-docdb-dbinstance.html#cfn-docdb-dbinstance-enableperformanceinsights",
     "PrimitiveType": "Boolean",
     "Required": false,
     "UpdateType": "Mutable"
    },
    "PreferredMaintenanceWindow": {
     "Documentation": "http://docs.aws.amazon.com/AWSCloudFormation/latest/UserGuide/aws-resource-docdb-dbinstance.html#cfn-docdb-dbinstance-preferredmaintenancewindow",
     "PrimitiveType": "String",
     "Required": false,
     "UpdateType": "Mutable"
    },
    "Tags": {
     "Documentation": "http://docs.aws.amazon.com/AWSCloudFormation/latest/UserGuide/aws-resource-docdb-dbinstance.html#cfn-docdb-dbinstance-tags",
     "ItemType": "Tag",
     "Required": false,
     "Type": "List",
     "UpdateType": "Mutable"
    }
   }
  }
 },
 {
  "op": "add",
  "path": "/ResourceTypes/AWS::DocDB::DBSubnetGroup",
  "value": {
   "Documentation": "http://docs.aws.amazon.com/AWSCloudFormation/latest/UserGuide/aws-resource-docdb-dbsubnetgroup.html",
   "Properties": {
    "DBSubnetGroupDescription": {
     "Documentation": "http://docs.aws.amazon.com/AWSCloudFormation/latest/UserGuide/aws-resource-docdb-dbsubnetgroup.html#cfn-docdb-dbsubnetgroup-dbsubnetgroupdescription",
     "PrimitiveType": "String",
     "Required": true,
     "UpdateType": "Mutable"
    },
    "DBSubnetGroupName": {
     "Documentation": "http://docs.aws.amazon.com/AWSCloudFormation/latest/UserGuide/aws-resource-docdb-dbsubnetgroup.html#cfn-docdb-dbsubnetgroup-dbsubnetgroupname",
     "PrimitiveType": "String",
     "Required": false,
     "UpdateType": "Immutable"
    },
    "SubnetIds": {
     "Documentation": "http://docs.aws.amazon.com/AWSCloudFormation/latest/UserGuide/aws-resource-docdb-dbsubnetgroup.html#cfn-docdb-dbsubnetgroup-subnetids",
     "PrimitiveItemType": "String",
     "Required": true,
     "Type": "List",
     "UpdateType": "Mutable"
    },
    "Tags": {
     "Documentation": "http://docs.aws.amazon.com/AWSCloudFormation/latest/UserGuide/aws-resource-docdb-dbsubnetgroup.html#cfn-docdb-dbsubnetgroup-tags",
     "ItemType": "Tag",
     "Required": false,
     "Type": "List",
     "UpdateType": "Mutable"
    }
   }
  }
 }
]