[
 {
  "op": "add",
  "path": "/ValueTypes/AWS::Config::ConfigRule.Source.Owner",
  "value": {
   "botocore": "config/2014-11-12/Owner"
  }
 },
 {
  "op": "add",
  "path": "/ValueTypes/AWS::Config::ConfigRule.SourceDetail.EventSource",
  "value": {
   "botocore": "config/2014-11-12/EventSource"
  }
 },
 {
  "op": "add",
  "path": "/ValueTypes/AWS::Config::ConfigRule.MaximumExecutionFrequency",
  "value": {
   "botocore": "config/2014-11-12/MaximumExecutionFrequency"
  }
 },
 {
  "op": "add",
  "path": "/ValueTypes/AWS::Config::ConfigRule.SourceDetail.MessageType",
  "value": {
   "botocore": "config/2014-11-12/MessageType"
  }
 },
 {
  "op": "add",
  "path": "/ValueTypes/AWS::Config::ConfigRule.Description",
  "value": {
   "StringMax": 256,
   "StringMin": 1
  }
 }
]