[
 {
  "op": "add",
  "path": "/ValueTypes/AWS::Backup::BackupPlan.Id",
  "value": {
   "GetAtt": {
    "AWS::Backup::BackupPlan": "BackupPlanId"
   },
   "Ref": {
    "Parameters": [
     "String"
    ],
    "Resources": [
     "AWS::Backup::BackupPlan"
    ]
   }
  }
 },
 {
  "op": "add",
  "path": "/ValueTypes/AWS::Backup::BackupVault.BackupVaultName",
  "value": {
   "GetAtt": {
    "AWS::Backup::BackupVault": "BackupVaultName"
   },
   "Ref": {
    "Parameters": [
     "String"
    ],
    "Resources": [
     "AWS::Backup::BackupVault"
    ]
   }
  }
 }
]