[
 {
  "op": "add",
  "path": "/ValueTypes/AWS::CloudWatch::Alarm.AlarmAction",
  "value": {
   "StringMax": 1024,
   "StringMin": 1
  }
 },
 {
  "op": "add",
  "path": "/ValueTypes/AWS::CloudWatch::Alarm.AlarmActions",
  "value": {
   "ListMax": 5,
   "ListMin": 0
  }
 },
 {
  "op": "add",
  "path": "/ValueTypes/AWS::CloudWatch::Alarm.ComparisonOperator",
  "value": {
   "botocore": "cloudwatch/2010-08-01/ComparisonOperator"
  }
 },
 {
  "op": "add",
  "path": "/ValueTypes/AWS::CloudWatch::Alarm.Statistic",
  "value": {
   "botocore": "cloudwatch/2010-08-01/Statistic"
  }
 },
 {
  "op": "add",
  "path": "/ValueTypes/AWS::CloudWatch::Alarm.TreatMissingData",
  "value": {
   "AllowedValues": [
    "breaching",
    "ignore",
    "missing",
    "notBreaching"
   ]
  }
 },
 {
  "op": "add",
  "path": "/ValueTypes/AWS::CloudWatch::Alarm.Unit",
  "value": {
   "botocore": "cloudwatch/2010-08-01/StandardUnit"
  }
 },
 {
  "op": "add",
  "path": "/ValueTypes/AWS::CloudWatch::Alarm.MetricDataQuery.Id",
  "value": {
   "AllowedPatternRegex": "^([a-z])([A-Za-z0-9\\_]*)$"
  }
 }
]