[
 {
  "op": "add",
  "path": "/ValueTypes/AWS::CodeBuild::Project.Artifacts.Packaging",
  "value": {
   "botocore": "codebuild/2016-10-06/ArtifactPackaging"
  }
 },
 {
  "op": "add",
  "path": "/ValueTypes/AWS::CodeBuild::Project.Artifacts.Type",
  "value": {
   "botocore": "codebuild/2016-10-06/ArtifactsType"
  }
 },
 {
  "op": "add",
  "path": "/ValueTypes/AWS::CodeBuild::Project.Environment.ComputeType",
  "value": {
   "botocore": "codebuild/2016-10-06/ComputeType"
  }
 },
 {
  "op": "add",
  "path": "/ValueTypes/AWS::CodeBuild::Project.Environment.ImagePullCredentialsType",
  "value": {
   "botocore": "codebuild/2016-10-06/ImagePullCredentialsType"
  }
 },
 {
  "op": "add",
  "path": "/ValueTypes/AWS::CodeBuild::Project.Environment.Type",
  "value": {
   "botocore": "codebuild/2016-10-06/EnvironmentType"
  }
 },
 {
  "op": "add",
  "path": "/ValueTypes/AWS::CodeBuild::Project.ProjectCache.Type",
  "value": {
   "botocore": "codebuild/2016-10-06/CacheType"
  }
 },
 {
  "op": "add",
  "path": "/ValueTypes/AWS::CodeBuild::Project.Source.Type",
  "value": {
   "botocore": "codebuild/2016-10-06/SourceType"
  }
 },
 {
  "op": "add",
  "path": "/ValueTypes/AWS::CodeBuild::Project.TimeoutInMinutes",
  "value": {
   "NumberMax": 480,
   "NumberMin": 5
  }
 },
 {
  "op": "add",
  "path": "/ValueTypes/AWS::CodeBuild::Project.QueuedTimeoutInMinutes",
  "value": {
   "NumberMax": 480,
   "NumberMin": 5
  }
 }
]