[
 {
  "op": "add",
  "path": "/ValueTypes/AWS::AppStream::Fleet.DisconnectTimeoutInSeconds",
  "value": {
   "NumberMax": 360000,
   "NumberMin": 60
  }
 },
 {
  "op": "add",
  "path": "/ValueTypes/AWS::AppStream::Fleet.IdleDisconnectTimeoutInSeconds",
  "value": {
   "NumberMax": 3600,
   "NumberMin": 0
  }
 },
 {
  "op": "add",
  "path": "/ValueTypes/AWS::AppStream::Fleet.MaxUserDurationInSeconds",
  "value": {
   "NumberMax": 360000,
   "NumberMin": 600
  }
 },
 {
  "op": "add",
  "path": "/ValueTypes/AppStreamInstanceType",
  "value": {}
 }
]