[
 {
  "op": "add",
  "path": "/ValueTypes/AWS::GuardDuty::Detector.FindingPublishingFrequency",
  "value": {
   "botocore": "guardduty/2017-11-28/FindingPublishingFrequency"
  }
 },
 {
  "op": "add",
  "path": "/ValueTypes/AWS::GuardDuty::Filter.Action",
  "value": {
   "botocore": "guardduty/2017-11-28/FilterAction"
  }
 },
 {
  "op": "add",
  "path": "/ValueTypes/AWS::GuardDuty::IPSet.Format",
  "value": {
   "botocore": "guardduty/2017-11-28/IpSetFormat"
  }
 },
 {
  "op": "add",
  "path": "/ValueTypes/AWS::GuardDuty::Member.Status",
  "value": {
   "AllowedValues": [
    "Created",
    "Disabled",
    "Enabled",
    "Invited",
    "Removed",
    "Resigned"
   ]
  }
 },
 {
  "op": "add",
  "path": "/ValueTypes/AWS::GuardDuty::ThreatIntelSet.Format",
  "value": {
   "botocore": "guardduty/2017-11-28/ThreatIntelSetFormat"
  }
 }
]