[
 {
  "op": "add",
  "path": "/ValueTypes/AWS::EC2::Instance.Affinity",
  "value": {
   "botocore": "ec2/2016-11-15/Affinity"
  }
 },
 {
  "op": "add",
  "path": "/ValueTypes/AWS::EC2::EIP.AllocationId",
  "value": {
   "GetAtt": {
    "AWS::EC2::EIP": "AllocationId"
   },
   "Ref": {
    "Parameters": [
     "String"
    ]
   }
  }
 },
 {
  "op": "add",
  "path": "/ValueTypes/AWS::EC2::VPC.Id",
  "value": {
   "GetAtt": {
    "AWS::EC2::SecurityGroup": "VpcId",
    "AWS::EC2::Subnet": "VpcId",
    "AWS::SSM::Parameter": "Value"
   },
   "Ref": {
    "Parameters": [
     "VpcId",
     "String"
    ],
    "Resources": [
     "AWS::EC2::VPC"
    ]
   }
  }
 },
 {
  "op": "add",
  "path": "/ValueTypes/AWS::EC2::SecurityGroup.NameOrGroupId",
  "value": {
   "GetAtt": {
    "AWS::EC2::SecurityGroup": "GroupId",
    "AWS::EC2::VPC": "DefaultSecurityGroup",
    "AWS::EKS::Cluster": "ClusterSecurityGroupId"
   },
   "Ref": {
    "Parameters": [
     "String",
     "SecurityGroupId"
    ],
    "Resources": [
     "AWS::EC2::SecurityGroup"
    ]
   }
  }
 },
 {
  "op": "add",
  "path": "/ValueTypes/AWS::EC2::SecurityGroup.NamesOrGroupIds",
  "value": {
   "GetAtt": {
    "AWS::ElasticLoadBalancingV2::LoadBalancer": "SecurityGroups"
   },
   "Ref": {
    "Parameters": [
     "Strings",
     "SecurityGroupIds"
    ]
   }
  }
 },
 {
  "op": "add",
  "path": "/ValueTypes/AWS::EC2::SecurityGroup.GroupId",
  "value": {
   "GetAtt": {
    "AWS::EC2::SecurityGroup": "GroupId"
   },
   "Ref": {
    "Parameters": [
     "String",
     "SecurityGroupId"
    ],
    "Resources": [
     "AWS::EC2::SecurityGroup"
    ]
   }
  }
 },
 {
  "op": "add",
  "path": "/ValueTypes/AWS::EC2::SecurityGroup.GroupIds",
  "value": {
   "GetAtt": {},
   "Ref": {
    "Parameters": [
     "Strings",
     "SecurityGroupIds"
    ]
   }
  }
 },
 {
  "op": "add",
  "path": "/ValueTypes/AWS::EC2::SecurityGroup.Description",
  "value": {
   "AllowedPatternRegex": "^([a-z,A-Z,0-9,. _\\-:/()#,@[\\]+=&;\\{\\}!$*])*$",
   "StringMax": 255,
   "StringMin": 0
  }
 }
]