[
 {
  "op": "add",
  "path": "/ValueTypes/AWS::IAM::Policy.PolicyName",
  "value": {
   "AllowedPatternRegex": "^[a-zA-Z0-9+=,.@\\-_]+$",
   "StringMax": 128,
   "StringMin": 1
  }
 },
 {
  "op": "add",
  "path": "/ValueTypes/AWS::IAM::ManagedPolicy.Arn",
  "value": {
   "AllowedPatternRegex": "arn:(aws[a-zA-Z-]*)?:iam::(\\d{12}|aws):policy/[a-zA-Z_0-9+=,.@\\-_/]+",
   "GetAtt": {},
   "Ref": {
    "Parameters": [
     "String"
    ],
    "Resources": [
     "AWS::IAM::ManagedPolicy"
    ]
   }
  }
 },
 {
  "op": "add",
  "path": "/ValueTypes/AWS::IAM::ManagedPolicy.Arns",
  "value": {
   "ListMax": 20,
   "ListMin": 0
  }
 },
 {
  "op": "add",
  "path": "/ValueTypes/AWS::IAM::AccessKey.Active",
  "value": {
   "botocore": "iam/2010-05-08/statusType"
  }
 },
 {
  "op": "add",
  "path": "/ValueTypes/AWS::IAM::AssumeRole.Document",
  "value": {
   "JsonMax": 2048,
   "Ref": {
    "Parameters": [
     "String"
    ]
   }
  }
 },
 {
  "op": "add",
  "path": "/ValueTypes/AWS::IAM::Group.Name",
  "value": {
   "Ref": {
    "Parameters": [
     "String"
    ],
    "Resources": [
     "AWS::IAM::Group"
    ]
   }
  }
 },
 {
  "op": "add",
  "path": "/ValueTypes/AWS::IAM::Group.Names",
  "value": {
   "ListMax": 10,
   "ListMin": 0
  }
 },
 {
  "op": "add",
  "path": "/ValueTypes/AWS::IAM::InstanceProfile.Name",
  "value": {
   "AllowedPatternRegex": "[a-zA-Z0-9+=,.@\\-_]+",
   "GetAtt": {},
   "Ref": {
    "Parameters": [
     "String"
    ],
    "Resources": [
     "AWS::IAM::InstanceProfile"
    ]
   }
  }
 },
 {
  "op": "add",
  "path": "/ValueTypes/AWS::IAM::InstanceProfile.Arn",
  "value": {
   "GetAtt": {
    "AWS::IAM::InstanceProfile": "Arn"
   },
   "Ref": {
    "Parameters": [
     "String"
    ]
   }
  }
 },
 {
  "op": "add",
  "path": "/ValueTypes/AWS::IAM::InstanceProfile.NameOrArn",
  "value": {
   "GetAtt": {
    "AWS::IAM::InstanceProfile": "Arn"
   },
   "Ref": {
    "Parameters": [
     "String"
    ],
    "Resources": [
     "AWS::IAM::InstanceProfile"
    ]
   }
  }
 },
 {
  "op": "add",
  "path": "/ValueTypes/AWS::IAM::InstanceProfile.Role",
  "value": {
   "GetAtt": {},
   "Ref": {
    "Parameters": [
     "String"
    ],
    "Resources": [
     "AWS::IAM::Role"
    ]
   }
  }
 },
 {
  "op": "add",
  "path": "/ValueTypes/AWS::IAM::InstanceProfile.Roles",
  "value": {
   "ListMax": 1,
   "ListMin": 1
  }
 },
 {
  "op": "add",
  "path": "/ValueTypes/AWS::IAM::ManagedPolicy.PolicyDocument",
  "value": {
   "JsonMax": 6144,
   "Ref": {
    "Parameters": [
     "String"
    ]
   }
  }
 },
 {
  "op": "add",
  "path": "/ValueTypes/AWS::IAM::Path.Path",
  "value": {
   "AllowedPatternRegex": "^/(.+/)*$",
   "Ref": {
    "Parameters": [
     "String"
    ]
   }
  }
 },
 {
  "op": "add",
  "path": "/ValueTypes/AWS::IAM::Role.Name",
  "value": {
   "GetAtt": {},
   "Ref": {
    "Parameters": [
     "String"
    ],
    "Resources": [
     "AWS::IAM::Role"
    ]
   },
   "StringMax": 64,
   "StringMin": 1
  }
 },
 {
  "op": "add",
  "path": "/ValueTypes/AWS::IAM::Role.Arn",
  "value": {
   "AllowedPatternRegex": "arn:(aws[a-zA-Z-]*)?:iam::\\d{12}:role/[a-zA-Z_0-9+=,.@\\-_/]+",
   "GetAtt": {
    "AWS::IAM::Role": "Arn"
   },
   "Ref": {
    "Parameters": [
     "String"
    ]
   }
  }
 },
 {
  "op": "add",
  "path": "/ValueTypes/AWS::IAM::Role.NameOrArn",
  "value": {
   "GetAtt": {
    "AWS::IAM::Role": "Arn"
   },
   "Ref": {
    "Parameters": [
     "String"
    ],
    "Resources": [
     "AWS::IAM::Role"
    ]
   }
  }
 },
 {
  "op": "add",
  "path": "/ValueTypes/AWS::IAM::User.Arn",
  "value": {
   "GetAtt": {
    "AWS::IAM::User": "Arn"
   },
   "Ref": {
    "Parameters": [
     "String"
    ]
   }
  }
 },
 {
  "op": "add",
  "path": "/ValueTypes/AWS::IAM::Role.MaxSessionDuration",
  "value": {
   "NumberMax": 43200,
   "NumberMin": 3600
  }
 }
]