[
 {
  "op": "add",
  "path": "/ValueTypes/AWS::Cognito::UserPool.AliasAttributes",
  "value": {
   "botocore": "cognito-idp/2016-04-18/AliasAttributeType"
  }
 },
 {
  "op": "add",
  "path": "/ValueTypes/AWS::Cognito::UserPool.UsernameAttributes",
  "value": {
   "botocore": "cognito-idp/2016-04-18/UsernameAttributeType"
  }
 },
 {
  "op": "add",
  "path": "/ValueTypes/AWS::Cognito::UserPoolUser.DesiredDeliveryMediums",
  "value": {
   "botocore": "cognito-idp/2016-04-18/DeliveryMediumType"
  }
 },
 {
  "op": "add",
  "path": "/ValueTypes/AWS::Cognito::UserPoolClient.ExplicitAuthFlows",
  "value": {
   "botocore": "cognito-idp/2016-04-18/ExplicitAuthFlowsType"
  }
 },
 {
  "op": "add",
  "path": "/ValueTypes/AWS::Cognito::UserPoolUser.MessageAction",
  "value": {
   "botocore": "cognito-idp/2016-04-18/MessageActionType"
  }
 },
 {
  "op": "add",
  "path": "/ValueTypes/AWS::Cognito::UserPool.MfaConfiguration",
  "value": {
   "botocore": "cognito-idp/2016-04-18/UserPoolMfaType"
  }
 },
 {
  "op": "add",
  "path": "/ValueTypes/AWS::Cognito::UserPoolClient.RefreshTokenValidity",
  "value": {
   "NumberMax": 3650,
   "NumberMin": 0,
   "Ref": {
    "Parameters": [
     "String",
     "Number"
    ]
   }
  }
 },
 {
  "op": "add",
  "path": "/ValueTypes/AWS::Cognito::UserPool.SchemaAttribute.AttributeDataType",
  "value": {
   "botocore": "cognito-idp/2016-04-18/AttributeDataType"
  }
 }
]