[
 {
  "op": "add",
  "path": "/ValueTypes/AWS::SQS::Queue.DelaySeconds",
  "value": {
   "NumberMax": 900,
   "NumberMin": 0
  }
 },
 {
  "op": "add",
  "path": "/ValueTypes/AWS::SQS::Queue.KmsDataKeyReusePeriodSeconds",
  "value": {
   "NumberMax": 86400,
   "NumberMin": 60
  }
 },
 {
  "op": "add",
  "path": "/ValueTypes/AWS::SQS::Queue.MaximumMessageSize",
  "value": {
   "NumberMax": 262144,
   "NumberMin": 1024
  }
 },
 {
  "op": "add",
  "path": "/ValueTypes/AWS::SQS::Queue.MessageRetentionPeriod",
  "value": {
   "NumberMax": 1209600,
   "NumberMin": 60
  }
 },
 {
  "op": "add",
  "path": "/ValueTypes/AWS::SQS::Queue.ReceiveMessageWaitTimeSeconds",
  "value": {
   "NumberMax": 20,
   "NumberMin": 0
  }
 },
 {
  "op": "add",
  "path": "/ValueTypes/AWS::SQS::Queue.VisibilityTimeout",
  "value": {
   "NumberMax": 43200,
   "NumberMin": 0
  }
 }
]