[
 {
  "op": "add",
  "path": "/ValueTypes/AWS::Glue::Connection.ConnectionInput.ConnectionType",
  "value": {
   "botocore": "glue/2017-03-31/ConnectionType"
  }
 },
 {
  "op": "add",
  "path": "/ValueTypes/AWS::Glue::Crawler.SchemaChangePolicy.DeleteBehavior",
  "value": {
   "botocore": "glue/2017-03-31/DeleteBehavior"
  }
 },
 {
  "op": "add",
  "path": "/ValueTypes/AWS::Glue::Crawler.SchemaChangePolicy.UpdateBehavior",
  "value": {
   "botocore": "glue/2017-03-31/UpdateBehavior"
  }
 },
 {
  "op": "add",
  "path": "/ValueTypes/AWS::Glue::Table.TableInput.TableType",
  "value": {
   "AllowedValues": [
    "EXTERNAL_TABLE",
    "VIRTUAL_VIEW"
   ]
  }
 },
 {
  "op": "add",
  "path": "/ValueTypes/AWS::Glue::Trigger.Predicate.Logical",
  "value": {
   "botocore": "glue/2017-03-31/Logical"
  }
 },
 {
  "op": "add",
  "path": "/ValueTypes/AWS::Glue::Trigger.Condition.LogicalOperator",
  "value": {
   "botocore": "glue/2017-03-31/LogicalOperator"
  }
 },
 {
  "op": "add",
  "path": "/ValueTypes/AWS::Glue::Trigger.Condition.State",
  "value": {
   "AllowedValues": [
    "SUCCEEDED",
    "STOPPED",
    "TIMEOUT",
    "FAILED"
   ]
  }
 },
 {
  "op": "add",
  "path": "/ValueTypes/AWS::Glue::Trigger.Type",
  "value": {
   "botocore": "glue/2017-03-31/TriggerType"
  }
 },
 {
  "op": "add",
  "path": "/ValueTypes/AWS::Glue::Job.NumberOfWorkers",
  "value": {
   "NumberMax": 299,
   "NumberMin": 0
  }
 },
 {
  "op": "add",
  "path": "/ValueTypes/AWS::Glue::MLTransform.MaxCapacity",
  "value": {
   "NumberMax": 100,
   "NumberMin": 1
  }
 }
]