[
 {
  "op": "add",
  "path": "/ValueTypes/AWS::DynamoDB::Table.AttributeDefinition.AttributeType",
  "value": {
   "botocore": "dynamodb/2012-08-10/ScalarAttributeType"
  }
 },
 {
  "op": "add",
  "path": "/ValueTypes/AWS::DynamoDB::Table.BillingMode",
  "value": {
   "botocore": "dynamodb/2012-08-10/BillingMode"
  }
 },
 {
  "op": "add",
  "path": "/ValueTypes/AWS::DynamoDB::Table.KeySchema.KeyType",
  "value": {
   "botocore": "dynamodb/2012-08-10/KeyType"
  }
 },
 {
  "op": "add",
  "path": "/ValueTypes/AWS::DynamoDB::Table.Projection.ProjectionType",
  "value": {
   "botocore": "dynamodb/2012-08-10/ProjectionType"
  }
 },
 {
  "op": "add",
  "path": "/ValueTypes/AWS::DynamoDB::Table.StreamSpecification.StreamViewType",
  "value": {
   "botocore": "dynamodb/2012-08-10/StreamViewType"
  }
 }
]