[
 {
  "op": "add",
  "path": "/ValueTypes/AWS::Budgets::Budget.BudgetType",
  "value": {
   "botocore": "budgets/2016-10-20/BudgetType"
  }
 },
 {
  "op": "add",
  "path": "/ValueTypes/AWS::Budgets::Budget.TimeUnit",
  "value": {
   "botocore": "budgets/2016-10-20/TimeUnit"
  }
 },
 {
  "op": "add",
  "path": "/ValueTypes/AWS::Budgets::Budget.ComparisonOperator",
  "value": {
   "botocore": "budgets/2016-10-20/ComparisonOperator"
  }
 },
 {
  "op": "add",
  "path": "/ValueTypes/AWS::Budgets::Budget.NotificationType",
  "value": {
   "botocore": "budgets/2016-10-20/NotificationType"
  }
 },
 {
  "op": "add",
  "path": "/ValueTypes/AWS::Budgets::Budget.Threshold",
  "value": {
   "NumberMax": 1000000000,
   "NumberMin": 0.1
  }
 },
 {
  "op": "add",
  "path": "/ValueTypes/AWS::Budgets::Budget.ThresholdType",
  "value": {
   "botocore": "budgets/2016-10-20/ThresholdType"
  }
 },
 {
  "op": "add",
  "path": "/ValueTypes/AWS::Budgets::Budget.SubscriptionType",
  "value": {
   "botocore": "budgets/2016-10-20/SubscriptionType"
  }
 }
]