[
 {
  "op": "add",
  "path": "/ValueTypes/AWS::ApiGateway::RestApi.ApiKeySourceType",
  "value": {
   "botocore": "apigateway/2015-07-09/ApiKeySourceType"
  }
 },
 {
  "op": "add",
  "path": "/ValueTypes/AWS::ApiGateway::Authorizer.Type",
  "value": {
   "botocore": "apigateway/2015-07-09/AuthorizerType"
  }
 },
 {
  "op": "add",
  "path": "/ValueTypes/AWS::ApiGateway::GatewayResponse.ResponseType",
  "value": {
   "botocore": "apigateway/2015-07-09/GatewayResponseType"
  }
 },
 {
  "op": "add",
  "path": "/ValueTypes/AWS::ApiGateway::UsagePlanKey.KeyType",
  "value": {
   "AllowedValues": [
    "API_KEY"
   ]
  }
 },
 {
  "op": "add",
  "path": "/ValueTypes/AWS::ApiGateway::Authorizer.AuthorizerResultTtlInSeconds",
  "value": {
   "NumberMax": 3600,
   "NumberMin": 0
  }
 }
]