[
 {
  "op": "add",
  "path": "/ValueTypes/AWS::RDS::DBCluster.BackupRetentionPeriod",
  "value": {
   "NumberMax": 35,
   "NumberMin": 1
  }
 },
 {
  "op": "add",
  "path": "/ValueTypes/AWS::RDS::DBInstance.BackupRetentionPeriod",
  "value": {
   "NumberMax": 35,
   "NumberMin": 0
  }
 },
 {
  "op": "add",
  "path": "/ValueTypes/AWS::RDS::DBInstance.PromotionTier",
  "value": {
   "NumberMax": 15,
   "NumberMin": 0
  }
 },
 {
  "op": "add",
  "path": "/ValueTypes/AWS::RDS::DBInstance.Engine",
  "value": {
   "AllowedPattern": "Has to be one of [aurora, aurora-mysql, aurora-postgresql, mariadb, mysql, oracle-ee, oracle-ee-cdb, oracle-se2, oracle-se2-cdb, oracle-se1, oracle-se, postgres, sqlserver-ee, sqlserver-se, sqlserver-ex, sqlserver-web]",
   "AllowedPatternRegex": "(?i)(custom-)?(aurora|aurora-mysql|aurora-postgresql|mariadb|mysql|oracle-ee|oracle-ee-cdb|oracle-se2|oracle-se2-cdb|oracle-se1|oracle-se|postgres|sqlserver-ee|sqlserver-se|sqlserver-ex|sqlserver-web)$"
  }
 },
 {
  "op": "add",
  "path": "/ValueTypes/AWS::RDS::DBInstance.DBInstanceClass",
  "value": {}
 },
 {
  "op": "add",
  "path": "/ValueTypes/AWS::RDS::DBProxyEndpoint.TargetRole",
  "value": {
   "AllowedValues": [
    "READ_WRITE",
    "READ_ONLY"
   ]
  }
 }
]