[
 {
  "op": "add",
  "path": "/ValueTypes/AWS::CodePipeline::Pipeline.ActionTypeId.Category",
  "value": {
   "botocore": "codepipeline/2015-07-09/ActionCategory"
  }
 },
 {
  "op": "add",
  "path": "/ValueTypes/AWS::CodePipeline::Pipeline.ActionTypeId.Owner",
  "value": {
   "botocore": "codepipeline/2015-07-09/ActionOwner"
  }
 },
 {
  "op": "add",
  "path": "/ValueTypes/AWS::CodePipeline::Pipeline.ArtifactStore.Type",
  "value": {
   "botocore": "codepipeline/2015-07-09/ArtifactStoreType"
  }
 },
 {
  "op": "add",
  "path": "/ValueTypes/AWS::CodePipeline::Pipeline.BlockerDeclaration.Type",
  "value": {
   "botocore": "codepipeline/2015-07-09/BlockerType"
  }
 },
 {
  "op": "add",
  "path": "/ValueTypes/AWS::CodePipeline::CustomActionType.ConfigurationProperties.Type",
  "value": {
   "botocore": "codepipeline/2015-07-09/ActionConfigurationPropertyType"
  }
 },
 {
  "op": "add",
  "path": "/ValueTypes/CodePipelineWehbookAuthentication",
  "value": {
   "botocore": "codepipeline/2015-07-09/WebhookAuthenticationType"
  }
 }
]