[
 {
  "op": "add",
  "path": "/ValueTypes/AWS::Lambda::Function.Timeout",
  "value": {
   "NumberMax": 900,
   "NumberMin": 1
  }
 },
 {
  "op": "add",
  "path": "/ValueTypes/AWS::Lambda::Function.MemorySize",
  "value": {
   "NumberMax": 10240,
   "NumberMin": 128
  }
 },
 {
  "op": "add",
  "path": "/ValueTypes/AWS::Lambda::EventSourceMapping.BatchSize",
  "value": {
   "NumberMax": 10000,
   "NumberMin": 1
  }
 },
 {
  "op": "add",
  "path": "/ValueTypes/AWS::Lambda::EventSourceMapping.EventSourceArn",
  "value": {
   "GetAtt": {
    "AWS::DynamoDB::GlobalTable": "StreamArn",
    "AWS::DynamoDB::Table": "StreamArn",
    "AWS::Kinesis::Stream": "Arn",
    "AWS::Kinesis::StreamConsumer": [
     "StreamARN",
     "ConsumerARN"
    ],
    "AWS::SQS::Queue": "Arn"
   },
   "Ref": {
    "Parameters": [
     "String"
    ],
    "Resources": [
     "AWS::MSK::Cluster",
     "AWS::Kinesis::StreamConsumer"
    ]
   }
  }
 },
 {
  "op": "add",
  "path": "/ValueTypes/AWS::Lambda::EventSourceMapping.StartingPosition",
  "value": {
   "botocore": "lambda/2015-03-31/EventSourcePosition"
  }
 },
 {
  "op": "add",
  "path": "/ValueTypes/AWS::Lambda::EventSourceMapping.ParallelizationFactor",
  "value": {
   "NumberMax": 10,
   "NumberMin": 1
  }
 },
 {
  "op": "add",
  "path": "/ValueTypes/AWS::Lambda::EventSourceMapping.MaximumRetryAttempts",
  "value": {
   "NumberMax": 10000,
   "NumberMin": -1
  }
 },
 {
  "op": "add",
  "path": "/ValueTypes/AWS::Lambda::EventSourceMapping.MaximumRecordAgeInSeconds",
  "value": {
   "NumberMax": 604800,
   "NumberMin": -1
  }
 },
 {
  "op": "add",
  "path": "/ValueTypes/AWS::Lambda::EventSourceMapping.MaximumBatchingWindowInSeconds",
  "value": {
   "NumberMax": 300,
   "NumberMin": 0
  }
 },
 {
  "op": "add",
  "path": "/ValueTypes/AWS::Lambda::Function.FunctionName",
  "value": {
   "StringMax": 64,
   "StringMin": 1
  }
 },
 {
  "op": "add",
  "path": "/ValueTypes/AWS::Lambda::Function.Description",
  "value": {
   "StringMax": 256,
   "StringMin": 1
  }
 },
 {
  "op": "add",
  "path": "/ValueTypes/AWS::Lambda::Function.Handler",
  "value": {
   "StringMax": 128,
   "StringMin": 1
  }
 },
 {
  "op": "add",
  "path": "/ValueTypes/AWS::Lambda::LayerVersion.LayerName",
  "value": {
   "StringMax": 140,
   "StringMin": 1
  }
 }
]