[
 {
  "op": "add",
  "path": "/ValueTypes/AWS::AutoScalingPlans::ScalingPlan.ScalingInstruction.ScalableDimension",
  "value": {
   "botocore": "autoscaling-plans/2018-01-06/ScalableDimension"
  }
 },
 {
  "op": "add",
  "path": "/ValueTypes/AWS::AutoScalingPlans::ScalingPlan.ScalingInstruction.ServiceNamespace",
  "value": {
   "botocore": "autoscaling-plans/2018-01-06/ServiceNamespace"
  }
 },
 {
  "op": "add",
  "path": "/ValueTypes/AWS::AutoScalingPlans::ScalingPlan.ScalingInstruction.PredictiveScalingMaxCapacityBehavior",
  "value": {
   "botocore": "autoscaling-plans/2018-01-06/PredictiveScalingMaxCapacityBehavior"
  }
 },
 {
  "op": "add",
  "path": "/ValueTypes/AWS::AutoScalingPlans::ScalingPlan.ScalingInstruction.PredictiveScalingMode",
  "value": {
   "botocore": "autoscaling-plans/2018-01-06/PredictiveScalingMode"
  }
 }
]