[
 {
  "op": "add",
  "path": "/ValueTypes/AWS::CodeDeploy::Application.ComputePlatform",
  "value": {
   "botocore": "codedeploy/2014-10-06/ComputePlatform"
  }
 },
 {
  "op": "add",
  "path": "/ValueTypes/AWS::CodeDeploy::DeploymentGroup.AutoRollbackConfiguration.Events",
  "value": {
   "botocore": "codedeploy/2014-10-06/AutoRollbackEvent"
  }
 },
 {
  "op": "add",
  "path": "/ValueTypes/AWS::CodeDeploy::DeploymentConfig.MinimumHealthyHosts.Type",
  "value": {
   "botocore": "codedeploy/2014-10-06/MinimumHealthyHostsType"
  }
 },
 {
  "op": "add",
  "path": "/ValueTypes/AWS::CodeDeploy::DeploymentGroup.DeploymentStyle.DeploymentOption",
  "value": {
   "botocore": "codedeploy/2014-10-06/DeploymentOption"
  }
 },
 {
  "op": "add",
  "path": "/ValueTypes/AWS::CodeDeploy::DeploymentGroup.DeploymentStyle.DeploymentType",
  "value": {
   "botocore": "codedeploy/2014-10-06/DeploymentType"
  }
 },
 {
  "op": "add",
  "path": "/ValueTypes/WS::CodeDeploy::DeploymentGroup.TriggerConfig.TriggerEvents",
  "value": {
   "botocore": "codedeploy/2014-10-06/TriggerEventType"
  }
 }
]