[
 {
  "op": "add",
  "path": "/ValueTypes/AWS::AutoScaling::AutoScalingGroup.HealthCheckType",
  "value": {
   "AllowedValues": [
    "EC2",
    "ELB"
   ]
  }
 },
 {
  "op": "add",
  "path": "/ValueTypes/AWS::AutoScaling::LifecycleHook.DefaultResult",
  "value": {
   "AllowedValues": [
    "ABANDON",
    "CONTINUE"
   ]
  }
 },
 {
  "op": "add",
  "path": "/ValueTypes/AWS::AutoScaling::LifecycleHook.LifecycleTransition",
  "value": {
   "AllowedValues": [
    "autoscaling:EC2_INSTANCE_LAUNCHING",
    "autoscaling:EC2_INSTANCE_TERMINATING"
   ]
  }
 },
 {
  "op": "add",
  "path": "/ValueTypes/AWS::AutoScaling::ScalingPolicy.AdjustmentType",
  "value": {
   "AllowedValues": [
    "ChangeInCapacity",
    "ExactCapacity",
    "PercentChangeInCapacity"
   ]
  }
 },
 {
  "op": "add",
  "path": "/ValueTypes/AWS::AutoScaling::ScalingPolicy.MetricAggregationType",
  "value": {
   "AllowedValues": [
    "Average",
    "Maximum",
    "Minimum"
   ]
  }
 },
 {
  "op": "add",
  "path": "/ValueTypes/AWS::AutoScaling::ScalingPolicy.PolicyType",
  "value": {
   "AllowedValues": [
    "PredictiveScaling",
    "SimpleScaling",
    "StepScaling",
    "TargetTrackingScaling"
   ]
  }
 },
 {
  "op": "add",
  "path": "/ValueTypes/AWS::AutoScaling::ScalingPolicy.CustomizedMetricSpecification.Statistic",
  "value": {
   "botocore": "autoscaling/2011-01-01/MetricStatistic"
  }
 },
 {
  "op": "add",
  "path": "/ValueTypes/AWS::AutoScaling::ScalingPolicy.PredefinedMetricSpecification.PredefinedMetricType",
  "value": {
   "botocore": "autoscaling/2011-01-01/MetricType"
  }
 }
]