[
 {
  "op": "remove",
  "path": "/ResourceTypes/AWS::Cognito::IdentityPool"
 },
 {
  "op": "remove",
  "path": "/ResourceTypes/AWS::Cognito::IdentityPoolRoleAttachment"
 },
 {
  "op": "remove",
  "path": "/ResourceTypes/AWS::Cognito::UserPool"
 },
 {
  "op": "remove",
  "path": "/ResourceTypes/AWS::Cognito::UserPoolClient"
 },
 {
  "op": "remove",
  "path": "/ResourceTypes/AWS::Cognito::UserPoolDomain"
 },
 {
  "op": "remove",
  "path": "/ResourceTypes/AWS::Cognito::UserPoolGroup"
 },
 {
  "op": "remove",
  "path": "/ResourceTypes/AWS::Cognito::UserPoolIdentityProvider"
 },
 {
  "op": "remove",
  "path": "/ResourceTypes/AWS::Cognito::UserPoolResourceServer"
 },
 {
  "op": "remove",
  "path": "/ResourceTypes/AWS::Cognito::UserPoolRiskConfigurationAttachment"
 },
 {
  "op": "remove",
  "path": "/ResourceTypes/AWS::Cognito::UserPoolUICustomizationAttachment"
 },
 {
  "op": "remove",
  "path": "/ResourceTypes/AWS::Cognito::UserPoolUser"
 },
 {
  "op": "remove",
  "path": "/ResourceTypes/AWS::Cognito::UserPoolUserToGroupAttachment"
 },
 {
  "op": "remove",
  "path": "/ResourceTypes/AWS::DataPipeline::Pipeline"
 },
 {
  "op": "remove",
  "path": "/ResourceTypes/AWS::OpsWorks::App"
 },
 {
  "op": "remove",
  "path": "/ResourceTypes/AWS::OpsWorks::ElasticLoadBalancerAttachment"
 },
 {
  "op": "remove",
  "path": "/ResourceTypes/AWS::OpsWorks::Instance"
 },
 {
  "op": "remove",
  "path": "/ResourceTypes/AWS::OpsWorks::Layer"
 },
 {
  "op": "remove",
  "path": "/ResourceTypes/AWS::OpsWorks::Stack"
 },
 {
  "op": "remove",
  "path": "/ResourceTypes/AWS::OpsWorks::UserProfile"
 },
 {
  "op": "remove",
  "path": "/ResourceTypes/AWS::OpsWorks::Volume"
 },
 {
  "op": "remove",
  "path": "/ResourceTypes/AWS::SDB::Domain"
 },
 {
  "op": "remove",
  "path": "/ResourceTypes/AWS::WorkSpaces::Workspace"
 },
 {
  "op": "remove",
  "path": "/PropertyTypes/AWS::Cognito::IdentityPool.CognitoIdentityProvider"
 },
 {
  "op": "remove",
  "path": "/PropertyTypes/AWS::Cognito::IdentityPool.CognitoStreams"
 },
 {
  "op": "remove",
  "path": "/PropertyTypes/AWS::Cognito::IdentityPool.PushSync"
 },
 {
  "op": "remove",
  "path": "/PropertyTypes/AWS::Cognito::IdentityPoolRoleAttachment.MappingRule"
 },
 {
  "op": "remove",
  "path": "/PropertyTypes/AWS::Cognito::IdentityPoolRoleAttachment.RoleMapping"
 },
 {
  "op": "remove",
  "path": "/PropertyTypes/AWS::Cognito::IdentityPoolRoleAttachment.RulesConfigurationType"
 },
 {
  "op": "remove",
  "path": "/PropertyTypes/AWS::Cognito::UserPool.AccountRecoverySetting"
 },
 {
  "op": "remove",
  "path": "/PropertyTypes/AWS::Cognito::UserPool.AdminCreateUserConfig"
 },
 {
  "op": "remove",
  "path": "/PropertyTypes/AWS::Cognito::UserPool.DeviceConfiguration"
 },
 {
  "op": "remove",
  "path": "/PropertyTypes/AWS::Cognito::UserPool.EmailConfiguration"
 },
 {
  "op": "remove",
  "path": "/PropertyTypes/AWS::Cognito::UserPool.InviteMessageTemplate"
 },
 {
  "op": "remove",
  "path": "/PropertyTypes/AWS::Cognito::UserPool.LambdaConfig"
 },
 {
  "op": "remove",
  "path": "/PropertyTypes/AWS::Cognito::UserPool.NumberAttributeConstraints"
 },
 {
  "op": "remove",
  "path": "/PropertyTypes/AWS::Cognito::UserPool.PasswordPolicy"
 },
 {
  "op": "remove",
  "path": "/PropertyTypes/AWS::Cognito::UserPool.Policies"
 },
 {
  "op": "remove",
  "path": "/PropertyTypes/AWS::Cognito::UserPool.RecoveryOption"
 },
 {
  "op": "remove",
  "path": "/PropertyTypes/AWS::Cognito::UserPool.SchemaAttribute"
 },
 {
  "op": "remove",
  "path": "/PropertyTypes/AWS::Cognito::UserPool.SmsConfiguration"
 },
 {
  "op": "remove",
  "path": "/PropertyTypes/AWS::Cognito::UserPool.StringAttributeConstraints"
 },
 {
  "op": "remove",
  "path": "/PropertyTypes/AWS::Cognito::UserPool.UserPoolAddOns"
 },
 {
  "op": "remove",
  "path": "/PropertyTypes/AWS::Cognito::UserPool.UsernameConfiguration"
 },
 {
  "op": "remove",
  "path": "/PropertyTypes/AWS::Cognito::UserPool.VerificationMessageTemplate"
 },
 {
  "op": "remove",
  "path": "/PropertyTypes/AWS::Cognito::UserPoolClient.AnalyticsConfiguration"
 },
 {
  "op": "remove",
  "path": "/PropertyTypes/AWS::Cognito::UserPoolClient.TokenValidityUnits"
 },
 {
  "op": "remove",
  "path": "/PropertyTypes/AWS::Cognito::UserPoolDomain.CustomDomainConfigType"
 },
 {
  "op": "remove",
  "path": "/PropertyTypes/AWS::Cognito::UserPoolResourceServer.ResourceServerScopeType"
 },
 {
  "op": "remove",
  "path": "/PropertyTypes/AWS::Cognito::UserPoolRiskConfigurationAttachment.AccountTakeoverActionType"
 },
 {
  "op": "remove",
  "path": "/PropertyTypes/AWS::Cognito::UserPoolRiskConfigurationAttachment.AccountTakeoverActionsType"
 },
 {
  "op": "remove",
  "path": "/PropertyTypes/AWS::Cognito::UserPoolRiskConfigurationAttachment.AccountTakeoverRiskConfigurationType"
 },
 {
  "op": "remove",
  "path": "/PropertyTypes/AWS::Cognito::UserPoolRiskConfigurationAttachment.CompromisedCredentialsActionsType"
 },
 {
  "op": "remove",
  "path": "/PropertyTypes/AWS::Cognito::UserPoolRiskConfigurationAttachment.CompromisedCredentialsRiskConfigurationType"
 },
 {
  "op": "remove",
  "path": "/PropertyTypes/AWS::Cognito::UserPoolRiskConfigurationAttachment.NotifyConfigurationType"
 },
 {
  "op": "remove",
  "path": "/PropertyTypes/AWS::Cognito::UserPoolRiskConfigurationAttachment.NotifyEmailType"
 },
 {
  "op": "remove",
  "path": "/PropertyTypes/AWS::Cognito::UserPoolRiskConfigurationAttachment.RiskExceptionConfigurationType"
 },
 {
  "op": "remove",
  "path": "/PropertyTypes/AWS::Cognito::UserPoolUser.AttributeType"
 },
 {
  "op": "remove",
  "path": "/PropertyTypes/AWS::DataPipeline::Pipeline.Field"
 },
 {
  "op": "remove",
  "path": "/PropertyTypes/AWS::DataPipeline::Pipeline.ParameterAttribute"
 },
 {
  "op": "remove",
  "path": "/PropertyTypes/AWS::DataPipeline::Pipeline.ParameterObject"
 },
 {
  "op": "remove",
  "path": "/PropertyTypes/AWS::DataPipeline::Pipeline.ParameterValue"
 },
 {
  "op": "remove",
  "path": "/PropertyTypes/AWS::DataPipeline::Pipeline.PipelineObject"
 },
 {
  "op": "remove",
  "path": "/PropertyTypes/AWS::DataPipeline::Pipeline.PipelineTag"
 },
 {
  "op": "remove",
  "path": "/PropertyTypes/AWS::OpsWorks::App.DataSource"
 },
 {
  "op": "remove",
  "path": "/PropertyTypes/AWS::OpsWorks::App.EnvironmentVariable"
 },
 {
  "op": "remove",
  "path": "/PropertyTypes/AWS::OpsWorks::App.Source"
 },
 {
  "op": "remove",
  "path": "/PropertyTypes/AWS::OpsWorks::App.SslConfiguration"
 },
 {
  "op": "remove",
  "path": "/PropertyTypes/AWS::OpsWorks::Instance.BlockDeviceMapping"
 },
 {
  "op": "remove",
  "path": "/PropertyTypes/AWS::OpsWorks::Instance.EbsBlockDevice"
 },
 {
  "op": "remove",
  "path": "/PropertyTypes/AWS::OpsWorks::Instance.TimeBasedAutoScaling"
 },
 {
  "op": "remove",
  "path": "/PropertyTypes/AWS::OpsWorks::Layer.AutoScalingThresholds"
 },
 {
  "op": "remove",
  "path": "/PropertyTypes/AWS::OpsWorks::Layer.LifecycleEventConfiguration"
 },
 {
  "op": "remove",
  "path": "/PropertyTypes/AWS::OpsWorks::Layer.LoadBasedAutoScaling"
 },
 {
  "op": "remove",
  "path": "/PropertyTypes/AWS::OpsWorks::Layer.Recipes"
 },
 {
  "op": "remove",
  "path": "/PropertyTypes/AWS::OpsWorks::Layer.ShutdownEventConfiguration"
 },
 {
  "op": "remove",
  "path": "/PropertyTypes/AWS::OpsWorks::Layer.VolumeConfiguration"
 },
 {
  "op": "remove",
  "path": "/PropertyTypes/AWS::OpsWorks::Stack.ChefConfiguration"
 },
 {
  "op": "remove",
  "path": "/PropertyTypes/AWS::OpsWorks::Stack.ElasticIp"
 },
 {
  "op": "remove",
  "path": "/PropertyTypes/AWS::OpsWorks::Stack.RdsDbInstance"
 },
 {
  "op": "remove",
  "path": "/PropertyTypes/AWS::OpsWorks::Stack.Source"
 },
 {
  "op": "remove",
  "path": "/PropertyTypes/AWS::OpsWorks::Stack.StackConfigurationManager"
 },
 {
  "op": "remove",
  "path": "/PropertyTypes/AWS::WorkSpaces::Workspace.WorkspaceProperties"
 }
]