[
 {
  "op": "add",
  "path": "/ResourceTypes/AWS::CodeCommit::Repository",
  "value": {
   "Attributes": {
    "Arn": {
     "PrimitiveType": "String"
    },
    "CloneUrlHttp": {
     "PrimitiveType": "String"
    },
    "CloneUrlSsh": {
     "PrimitiveType": "String"
    },
    "Name": {
     "PrimitiveType": "String"
    }
   },
   "Documentation": "http://docs.aws.amazon.com/AWSCloudFormation/latest/UserGuide/aws-resource-codecommit-repository.html",
   "Properties": {
    "Code": {
     "Documentation": "http://docs.aws.amazon.com/AWSCloudFormation/latest/UserGuide/aws-resource-codecommit-repository.html#cfn-codecommit-repository-code",
     "Required": false,
     "Type": "Code",
     "UpdateType": "Mutable"
    },
    "RepositoryDescription": {
     "Documentation": "http://docs.aws.amazon.com/AWSCloudFormation/latest/UserGuide/aws-resource-codecommit-repository.html#cfn-codecommit-repository-repositorydescription",
     "PrimitiveType": "String",
     "Required": false,
     "UpdateType": "Mutable"
    },
    "RepositoryName": {
     "Documentation": "http://docs.aws.amazon.com/AWSCloudFormation/latest/UserGuide/aws-resource-codecommit-repository.html#cfn-codecommit-repository-repositoryname",
     "PrimitiveType": "String",
     "Required": true,
     "UpdateType": "Mutable"
    },
    "Tags": {
     "Documentation": "http://docs.aws.amazon.com/AWSCloudFormation/latest/UserGuide/aws-resource-codecommit-repository.html#cfn-codecommit-repository-tags",
     "ItemType": "Tag",
     "Required": false,
     "Type": "List",
     "UpdateType": "Mutable"
    },
    "Triggers": {
     "Documentation": "http://docs.aws.amazon.com/AWSCloudFormation/latest/UserGuide/aws-resource-codecommit-repository.html#cfn-codecommit-repository-triggers",
     "ItemType": "RepositoryTrigger",
     "Required": false,
     "Type": "List",
     "UpdateType": "Conditional"
    }
   }
  }
 },
 {
  "op": "add",
  "path": "/PropertyTypes/AWS::CodeCommit::Repository.Code",
  "value": {
   "Documentation": "http://docs.aws.amazon.com/AWSCloudFormation/latest/UserGuide/aws-properties-codecommit-repository-code.html",
   "Properties": {
    "BranchName": {
     "Documentation": "http://docs.aws.amazon.com/AWSCloudFormation/latest/UserGuide/aws-properties-codecommit-repository-code.html#cfn-codecommit-repository-code-branchname",
     "PrimitiveType": "String",
     "Required": false,
     "UpdateType": "Mutable"
    },
    "S3": {
     "Documentation": "http://docs.aws.amazon.com/AWSCloudFormation/latest/UserGuide/aws-properties-codecommit-repository-code.html#cfn-codecommit-repository-code-s3",
     "Required": true,
     "Type": "S3",
     "UpdateType": "Mutable"
    }
   }
  }
 },
 {
  "op": "add",
  "path": "/PropertyTypes/AWS::CodeCommit::Repository.RepositoryTrigger",
  "value": {
   "Documentation": "http://docs.aws.amazon.com/AWSCloudFormation/latest/UserGuide/aws-properties-codecommit-repository-repositorytrigger.html",
   "Properties": {
    "Branches": {
     "Documentation": "http://docs.aws.amazon.com/AWSCloudFormation/latest/UserGuide/aws-properties-codecommit-repository-repositorytrigger.html#cfn-codecommit-repository-repositorytrigger-branches",
     "PrimitiveItemType": "String",
     "Required": false,
     "Type": "List",
     "UpdateType": "Mutable"
    },
    "CustomData": {
     "Documentation": "http://docs.aws.amazon.com/AWSCloudFormation/latest/UserGuide/aws-properties-codecommit-repository-repositorytrigger.html#cfn-codecommit-repository-repositorytrigger-customdata",
     "PrimitiveType": "String",
     "Required": false,
     "UpdateType": "Mutable"
    },
    "DestinationArn": {
     "Documentation": "http://docs.aws.amazon.com/AWSCloudFormation/latest/UserGuide/aws-properties-codecommit-repository-repositorytrigger.html#cfn-codecommit-repository-repositorytrigger-destinationarn",
     "PrimitiveType": "String",
     "Required": true,
     "UpdateType": "Mutable"
    },
    "Events": {
     "Documentation": "http://docs.aws.amazon.com/AWSCloudFormation/latest/UserGuide/aws-properties-codecommit-repository-repositorytrigger.html#cfn-codecommit-repository-repositorytrigger-events",
     "PrimitiveItemType": "String",
     "Required": true,
     "Type": "List",
     "UpdateType": "Mutable"
    },
    "Name": {
     "Documentation": "http://docs.aws.amazon.com/AWSCloudFormation/latest/UserGuide/aws-properties-codecommit-repository-repositorytrigger.html#cfn-codecommit-repository-repositorytrigger-name",
     "PrimitiveType": "String",
     "Required": true,
     "UpdateType": "Mutable"
    }
   }
  }
 },
 {
  "op": "add",
  "path": "/PropertyTypes/AWS::CodeCommit::Repository.S3",
  "value": {
   "Documentation": "http://docs.aws.amazon.com/AWSCloudFormation/latest/UserGuide/aws-properties-codecommit-repository-s3.html",
   "Properties": {
    "Bucket": {
     "Documentation": "http://docs.aws.amazon.com/AWSCloudFormation/latest/UserGuide/aws-properties-codecommit-repository-s3.html#cfn-codecommit-repository-s3-bucket",
     "PrimitiveType": "String",
     "Required": true,
     "UpdateType": "Mutable"
    },
    "Key": {
     "Documentation": "http://docs.aws.amazon.com/AWSCloudFormation/latest/UserGuide/aws-properties-codecommit-repository-s3.html#cfn-codecommit-repository-s3-key",
     "PrimitiveType": "String",
     "Required": true,
     "UpdateType": "Mutable"
    },
    "ObjectVersion": {
     "Documentation": "http://docs.aws.amazon.com/AWSCloudFormation/latest/UserGuide/aws-properties-codecommit-repository-s3.html#cfn-codecommit-repository-s3-objectversion",
     "PrimitiveType": "String",
     "Required": false,
     "UpdateType": "Mutable"
    }
   }
  }
 },
 {
  "op": "add",
  "path": "/ResourceTypes/AWS::DAX::Cluster",
  "value": {
   "Attributes": {
    "Arn": {
     "PrimitiveType": "String"
    },
    "ClusterDiscoveryEndpoint": {
     "PrimitiveType": "String"
    },
    "ClusterDiscoveryEndpointURL": {
     "PrimitiveType": "String"
    }
   },
   "Documentation": "http://docs.aws.amazon.com/AWSCloudFormation/latest/UserGuide/aws-resource-dax-cluster.html",
   "Properties": {
    "AvailabilityZones": {
     "Documentation": "http://docs.aws.amazon.com/AWSCloudFormation/latest/UserGuide/aws-resource-dax-cluster.html#cfn-dax-cluster-availabilityzones",
     "PrimitiveItemType": "String",
     "Required": false,
     "Type": "List",
     "UpdateType": "Mutable"
    },
    "ClusterEndpointEncryptionType": {
     "Documentation": "http://docs.aws.amazon.com/AWSCloudFormation/latest/UserGuide/aws-resource-dax-cluster.html#cfn-dax-cluster-clusterendpointencryptiontype",
     "PrimitiveType": "String",
     "Required": false,
     "UpdateType": "Immutable"
    },
    "ClusterName": {
     "Documentation": "http://docs.aws.amazon.com/AWSCloudFormation/latest/UserGuide/aws-resource-dax-cluster.html#cfn-dax-cluster-clustername",
     "PrimitiveType": "String",
     "Required": false,
     "UpdateType": "Immutable"
    },
    "Description": {
     "Documentation": "http://docs.aws.amazon.com/AWSCloudFormation/latest/UserGuide/aws-resource-dax-cluster.html#cfn-dax-cluster-description",
     "PrimitiveType": "String",
     "Required": false,
     "UpdateType": "Mutable"
    },
    "IAMRoleARN": {
     "Documentation": "http://docs.aws.amazon.com/AWSCloudFormation/latest/UserGuide/aws-resource-dax-cluster.html#cfn-dax-cluster-iamrolearn",
     "PrimitiveType": "String",
     "Required": true,
     "UpdateType": "Immutable"
    },
    "NodeType": {
     "Documentation": "http://docs.aws.amazon.com/AWSCloudFormation/latest/UserGuide/aws-resource-dax-cluster.html#cfn-dax-cluster-nodetype",
     "PrimitiveType": "String",
     "Required": true,
     "UpdateType": "Immutable"
    },
    "NotificationTopicARN": {
     "Documentation": "http://docs.aws.amazon.com/AWSCloudFormation/latest/UserGuide/aws-resource-dax-cluster.html#cfn-dax-cluster-notificationtopicarn",
     "PrimitiveType": "String",
     "Required": false,
     "UpdateType": "Mutable"
    },
    "ParameterGroupName": {
     "Documentation": "http://docs.aws.amazon.com/AWSCloudFormation/latest/UserGuide/aws-resource-dax-cluster.html#cfn-dax-cluster-parametergroupname",
     "PrimitiveType": "String",
     "Required": false,
     "UpdateType": "Mutable"
    },
    "PreferredMaintenanceWindow": {
     "Documentation": "http://docs.aws.amazon.com/AWSCloudFormation/latest/UserGuide/aws-resource-dax-cluster.html#cfn-dax-cluster-preferredmaintenancewindow",
     "PrimitiveType": "String",
     "Required": false,
     "UpdateType": "Mutable"
    },
    "ReplicationFactor": {
     "Documentation": "http://docs.aws.amazon.com/AWSCloudFormation/latest/UserGuide/aws-resource-dax-cluster.html#cfn-dax-cluster-replicationfactor",
     "PrimitiveType": "Integer",
     "Required": true,
     "UpdateType": "Mutable"
    },
    "SSESpecification": {
     "Documentation": "http://docs.aws.amazon.com/AWSCloudFormation/latest/UserGuide/aws-resource-dax-cluster.html#cfn-dax-cluster-ssespecification",
     "Required": false,
     "Type": "SSESpecification",
     "UpdateType": "Immutable"
    },
    "SecurityGroupIds": {
     "Documentation": "http://docs.aws.amazon.com/AWSCloudFormation/latest/UserGuide/aws-resource-dax-cluster.html#cfn-dax-cluster-securitygroupids",
     "PrimitiveItemType": "String",
     "Required": false,
     "Type": "List",
     "UpdateType": "Mutable"
    },
    "SubnetGroupName": {
     "Documentation": "http://docs.aws.amazon.com/AWSCloudFormation/latest/UserGuide/aws-resource-dax-cluster.html#cfn-dax-cluster-subnetgroupname",
     "PrimitiveType": "String",
     "Required": false,
     "UpdateType": "Immutable"
    },
    "Tags": {
     "Documentation": "http://docs.aws.amazon.com/AWSCloudFormation/latest/UserGuide/aws-resource-dax-cluster.html#cfn-dax-cluster-tags",
     "PrimitiveType": "Json",
     "Required": false,
     "UpdateType": "Mutable"
    }
   }
  }
 },
 {
  "op": "add",
  "path": "/ResourceTypes/AWS::DAX::ParameterGroup",
  "value": {
   "Documentation": "http://docs.aws.amazon.com/AWSCloudFormation/latest/UserGuide/aws-resource-dax-parametergroup.html",
   "Properties": {
    "Description": {
     "Documentation": "http://docs.aws.amazon.com/AWSCloudFormation/latest/UserGuide/aws-resource-dax-parametergroup.html#cfn-dax-parametergroup-description",
     "PrimitiveType": "String",
     "Required": false,
     "UpdateType": "Mutable"
    },
    "ParameterGroupName": {
     "Documentation": "http://docs.aws.amazon.com/AWSCloudFormation/latest/UserGuide/aws-resource-dax-parametergroup.html#cfn-dax-parametergroup-parametergroupname",
     "PrimitiveType": "String",
     "Required": false,
     "UpdateType": "Immutable"
    },
    "ParameterNameValues": {
     "Documentation": "http://docs.aws.amazon.com/AWSCloudFormation/latest/UserGuide/aws-resource-dax-parametergroup.html#cfn-dax-parametergroup-parameternamevalues",
     "PrimitiveType": "Json",
     "Required": false,
     "UpdateType": "Mutable"
    }
   }
  }
 },
 {
  "op": "add",
  "path": "/ResourceTypes/AWS::DAX::SubnetGroup",
  "value": {
   "Documentation": "http://docs.aws.amazon.com/AWSCloudFormation/latest/UserGuide/aws-resource-dax-subnetgroup.html",
   "Properties": {
    "Description": {
     "Documentation": "http://docs.aws.amazon.com/AWSCloudFormation/latest/UserGuide/aws-resource-dax-subnetgroup.html#cfn-dax-subnetgroup-description",
     "PrimitiveType": "String",
     "Required": false,
     "UpdateType": "Mutable"
    },
    "SubnetGroupName": {
     "Documentation": "http://docs.aws.amazon.com/AWSCloudFormation/latest/UserGuide/aws-resource-dax-subnetgroup.html#cfn-dax-subnetgroup-subnetgroupname",
     "PrimitiveType": "String",
     "Required": false,
     "UpdateType": "Immutable"
    },
    "SubnetIds": {
     "Documentation": "http://docs.aws.amazon.com/AWSCloudFormation/latest/UserGuide/aws-resource-dax-subnetgroup.html#cfn-dax-subnetgroup-subnetids",
     "PrimitiveItemType": "String",
     "Required": true,
     "Type": "List",
     "UpdateType": "Mutable"
    }
   }
  }
 },
 {
  "op": "add",
  "path": "/PropertyTypes/AWS::DAX::Cluster.SSESpecification",
  "value": {
   "Documentation": "http://docs.aws.amazon.com/AWSCloudFormation/latest/UserGuide/aws-properties-dax-cluster-ssespecification.html",
   "Properties": {
    "SSEEnabled": {
     "Documentation": "http://docs.aws.amazon.com/AWSCloudFormation/latest/UserGuide/aws-properties-dax-cluster-ssespecification.html#cfn-dax-cluster-ssespecification-sseenabled",
     "PrimitiveType": "Boolean",
     "Required": false,
     "UpdateType": "Mutable"
    }
   }
  }
 },
 {
  "op": "add",
  "path": "/ResourceTypes/AWS::Route53Resolver::ResolverEndpoint",
  "value": {
   "Attributes": {
    "Arn": {
     "PrimitiveType": "String"
    },
    "Direction": {
     "PrimitiveType": "String"
    },
    "HostVPCId": {
     "PrimitiveType": "String"
    },
    "IpAddressCount": {
     "PrimitiveType": "String"
    },
    "Name": {
     "PrimitiveType": "String"
    },
    "ResolverEndpointId": {
     "PrimitiveType": "String"
    }
   },
   "Documentation": "http://docs.aws.amazon.com/AWSCloudFormation/latest/UserGuide/aws-resource-route53resolver-resolverendpoint.html",
   "Properties": {
    "Direction": {
     "Documentation": "http://docs.aws.amazon.com/AWSCloudFormation/latest/UserGuide/aws-resource-route53resolver-resolverendpoint.html#cfn-route53resolver-resolverendpoint-direction",
     "PrimitiveType": "String",
     "Required": true,
     "UpdateType": "Immutable"
    },
    "IpAddresses": {
     "Documentation": "http://docs.aws.amazon.com/AWSCloudFormation/latest/UserGuide/aws-resource-route53resolver-resolverendpoint.html#cfn-route53resolver-resolverendpoint-ipaddresses",
     "ItemType": "IpAddressRequest",
     "Required": true,
     "Type": "List",
     "UpdateType": "Mutable"
    },
    "Name": {
     "Documentation": "http://docs.aws.amazon.com/AWSCloudFormation/latest/UserGuide/aws-resource-route53resolver-resolverendpoint.html#cfn-route53resolver-resolverendpoint-name",
     "PrimitiveType": "String",
     "Required": false,
     "UpdateType": "Mutable"
    },
    "SecurityGroupIds": {
     "Documentation": "http://docs.aws.amazon.com/AWSCloudFormation/latest/UserGuide/aws-resource-route53resolver-resolverendpoint.html#cfn-route53resolver-resolverendpoint-securitygroupids",
     "PrimitiveItemType": "String",
     "Required": true,
     "Type": "List",
     "UpdateType": "Immutable"
    },
    "Tags": {
     "Documentation": "http://docs.aws.amazon.com/AWSCloudFormation/latest/UserGuide/aws-resource-route53resolver-resolverendpoint.html#cfn-route53resolver-resolverendpoint-tags",
     "ItemType": "Tag",
     "Required": false,
     "Type": "List",
     "UpdateType": "Mutable"
    }
   }
  }
 },
 {
  "op": "add",
  "path": "/ResourceTypes/AWS::Route53Resolver::ResolverRule",
  "value": {
   "Attributes": {
    "Arn": {
     "PrimitiveType": "String"
    },
    "DomainName": {
     "PrimitiveType": "String"
    },
    "Name": {
     "PrimitiveType": "String"
    },
    "ResolverEndpointId": {
     "PrimitiveType": "String"
    },
    "ResolverRuleId": {
     "PrimitiveType": "String"
    },
    "TargetIps": {
     "PrimitiveType": "String"
    }
   },
   "Documentation": "http://docs.aws.amazon.com/AWSCloudFormation/latest/UserGuide/aws-resource-route53resolver-resolverrule.html",
   "Properties": {
    "DomainName": {
     "Documentation": "http://docs.aws.amazon.com/AWSCloudFormation/latest/UserGuide/aws-resource-route53resolver-resolverrule.html#cfn-route53resolver-resolverrule-domainname",
     "PrimitiveType": "String",
     "Required": true,
     "UpdateType": "Immutable"
    },
    "Name": {
     "Documentation": "http://docs.aws.amazon.com/AWSCloudFormation/latest/UserGuide/aws-resource-route53resolver-resolverrule.html#cfn-route53resolver-resolverrule-name",
     "PrimitiveType": "String",
     "Required": false,
     "UpdateType": "Mutable"
    },
    "ResolverEndpointId": {
     "Documentation": "http://docs.aws.amazon.com/AWSCloudFormation/latest/UserGuide/aws-resource-route53resolver-resolverrule.html#cfn-route53resolver-resolverrule-resolverendpointid",
     "PrimitiveType": "String",
     "Required": false,
     "UpdateType": "Mutable"
    },
    "RuleType": {
     "Documentation": "http://docs.aws.amazon.com/AWSCloudFormation/latest/UserGuide/aws-resource-route53resolver-resolverrule.html#cfn-route53resolver-resolverrule-ruletype",
     "PrimitiveType": "String",
     "Required": true,
     "UpdateType": "Immutable"
    },
    "Tags": {
     "Documentation": "http://docs.aws.amazon.com/AWSCloudFormation/latest/UserGuide/aws-resource-route53resolver-resolverrule.html#cfn-route53resolver-resolverrule-tags",
     "ItemType": "Tag",
     "Required": false,
     "Type": "List",
     "UpdateType": "Mutable"
    },
    "TargetIps": {
     "Documentation": "http://docs.aws.amazon.com/AWSCloudFormation/latest/UserGuide/aws-resource-route53resolver-resolverrule.html#cfn-route53resolver-resolverrule-targetips",
     "ItemType": "TargetAddress",
     "Required": false,
     "Type": "List",
     "UpdateType": "Mutable"
    }
   }
  }
 },
 {
  "op": "add",
  "path": "/ResourceTypes/AWS::Route53Resolver::ResolverRuleAssociation",
  "value": {
   "Attributes": {
    "Name": {
     "PrimitiveType": "String"
    },
    "ResolverRuleAssociationId": {
     "PrimitiveType": "String"
    },
    "ResolverRuleId": {
     "PrimitiveType": "String"
    },
    "VPCId": {
     "PrimitiveType": "String"
    }
   },
   "Documentation": "http://docs.aws.amazon.com/AWSCloudFormation/latest/UserGuide/aws-resource-route53resolver-resolverruleassociation.html",
   "Properties": {
    "Name": {
     "Documentation": "http://docs.aws.amazon.com/AWSCloudFormation/latest/UserGuide/aws-resource-route53resolver-resolverruleassociation.html#cfn-route53resolver-resolverruleassociation-name",
     "PrimitiveType": "String",
     "Required": false,
     "UpdateType": "Immutable"
    },
    "ResolverRuleId": {
     "Documentation": "http://docs.aws.amazon.com/AWSCloudFormation/latest/UserGuide/aws-resource-route53resolver-resolverruleassociation.html#cfn-route53resolver-resolverruleassociation-resolverruleid",
     "PrimitiveType": "String",
     "Required": true,
     "UpdateType": "Immutable"
    },
    "VPCId": {
     "Documentation": "http://docs.aws.amazon.com/AWSCloudFormation/latest/UserGuide/aws-resource-route53resolver-resolverruleassociation.html#cfn-route53resolver-resolverruleassociation-vpcid",
     "PrimitiveType": "String",
     "Required": true,
     "UpdateType": "Immutable"
    }
   }
  }
 },
 {
  "op": "add",
  "path": "/PropertyTypes/AWS::Route53Resolver::ResolverEndpoint.IpAddressRequest",
  "value": {
   "Documentation": "http://docs.aws.amazon.com/AWSCloudFormation/latest/UserGuide/aws-properties-route53resolver-resolverendpoint-ipaddressrequest.html",
   "Properties": {
    "Ip": {
     "Documentation": "http://docs.aws.amazon.com/AWSCloudFormation/latest/UserGuide/aws-properties-route53resolver-resolverendpoint-ipaddressrequest.html#cfn-route53resolver-resolverendpoint-ipaddressrequest-ip",
     "PrimitiveType": "String",
     "Required": false,
     "UpdateType": "Mutable"
    },
    "SubnetId": {
     "Documentation": "http://docs.aws.amazon.com/AWSCloudFormation/latest/UserGuide/aws-properties-route53resolver-resolverendpoint-ipaddressrequest.html#cfn-route53resolver-resolverendpoint-ipaddressrequest-subnetid",
     "PrimitiveType": "String",
     "Required": true,
     "UpdateType": "Mutable"
    }
   }
  }
 },
 {
  "op": "add",
  "path": "/PropertyTypes/AWS::Route53Resolver::ResolverRule.TargetAddress",
  "value": {
   "Documentation": "http://docs.aws.amazon.com/AWSCloudFormation/latest/UserGuide/aws-properties-route53resolver-resolverrule-targetaddress.html",
   "Properties": {
    "Ip": {
     "Documentation": "http://docs.aws.amazon.com/AWSCloudFormation/latest/UserGuide/aws-properties-route53resolver-resolverrule-targetaddress.html#cfn-route53resolver-resolverrule-targetaddress-ip",
     "PrimitiveType": "String",
     "Required": true,
     "UpdateType": "Mutable"
    },
    "Port": {
     "Documentation": "http://docs.aws.amazon.com/AWSCloudFormation/latest/UserGuide/aws-properties-route53resolver-resolverrule-targetaddress.html#cfn-route53resolver-resolverrule-targetaddress-port",
     "PrimitiveType": "String",
     "Required": false,
     "UpdateType": "Mutable"
    }
   }
  }
 }
]