[
 {
  "op": "remove",
  "path": "/ResourceTypes/AWS::AppStream::DirectoryConfig"
 },
 {
  "op": "remove",
  "path": "/ResourceTypes/AWS::AppStream::Fleet"
 },
 {
  "op": "remove",
  "path": "/ResourceTypes/AWS::AppStream::ImageBuilder"
 },
 {
  "op": "remove",
  "path": "/ResourceTypes/AWS::AppStream::Stack"
 },
 {
  "op": "remove",
  "path": "/ResourceTypes/AWS::AppStream::StackFleetAssociation"
 },
 {
  "op": "remove",
  "path": "/ResourceTypes/AWS::AppStream::StackUserAssociation"
 },
 {
  "op": "remove",
  "path": "/ResourceTypes/AWS::AppStream::User"
 },
 {
  "op": "remove",
  "path": "/ResourceTypes/AWS::Cloud9::EnvironmentEC2"
 },
 {
  "op": "remove",
  "path": "/ResourceTypes/AWS::DataPipeline::Pipeline"
 },
 {
  "op": "remove",
  "path": "/ResourceTypes/AWS::OpsWorks::App"
 },
 {
  "op": "remove",
  "path": "/ResourceTypes/AWS::OpsWorks::ElasticLoadBalancerAttachment"
 },
 {
  "op": "remove",
  "path": "/ResourceTypes/AWS::OpsWorks::Instance"
 },
 {
  "op": "remove",
  "path": "/ResourceTypes/AWS::OpsWorks::Layer"
 },
 {
  "op": "remove",
  "path": "/ResourceTypes/AWS::OpsWorks::Stack"
 },
 {
  "op": "remove",
  "path": "/ResourceTypes/AWS::OpsWorks::UserProfile"
 },
 {
  "op": "remove",
  "path": "/ResourceTypes/AWS::OpsWorks::Volume"
 },
 {
  "op": "remove",
  "path": "/ResourceTypes/AWS::SDB::Domain"
 },
 {
  "op": "remove",
  "path": "/PropertyTypes/AWS::AppStream::DirectoryConfig.ServiceAccountCredentials"
 },
 {
  "op": "remove",
  "path": "/PropertyTypes/AWS::AppStream::Fleet.ComputeCapacity"
 },
 {
  "op": "remove",
  "path": "/PropertyTypes/AWS::AppStream::Fleet.DomainJoinInfo"
 },
 {
  "op": "remove",
  "path": "/PropertyTypes/AWS::AppStream::Fleet.VpcConfig"
 },
 {
  "op": "remove",
  "path": "/PropertyTypes/AWS::AppStream::ImageBuilder.AccessEndpoint"
 },
 {
  "op": "remove",
  "path": "/PropertyTypes/AWS::AppStream::ImageBuilder.DomainJoinInfo"
 },
 {
  "op": "remove",
  "path": "/PropertyTypes/AWS::AppStream::ImageBuilder.VpcConfig"
 },
 {
  "op": "remove",
  "path": "/PropertyTypes/AWS::AppStream::Stack.AccessEndpoint"
 },
 {
  "op": "remove",
  "path": "/PropertyTypes/AWS::AppStream::Stack.ApplicationSettings"
 },
 {
  "op": "remove",
  "path": "/PropertyTypes/AWS::AppStream::Stack.StorageConnector"
 },
 {
  "op": "remove",
  "path": "/PropertyTypes/AWS::AppStream::Stack.UserSetting"
 },
 {
  "op": "remove",
  "path": "/PropertyTypes/AWS::Cloud9::EnvironmentEC2.Repository"
 },
 {
  "op": "remove",
  "path": "/PropertyTypes/AWS::DataPipeline::Pipeline.Field"
 },
 {
  "op": "remove",
  "path": "/PropertyTypes/AWS::DataPipeline::Pipeline.ParameterAttribute"
 },
 {
  "op": "remove",
  "path": "/PropertyTypes/AWS::DataPipeline::Pipeline.ParameterObject"
 },
 {
  "op": "remove",
  "path": "/PropertyTypes/AWS::DataPipeline::Pipeline.ParameterValue"
 },
 {
  "op": "remove",
  "path": "/PropertyTypes/AWS::DataPipeline::Pipeline.PipelineObject"
 },
 {
  "op": "remove",
  "path": "/PropertyTypes/AWS::DataPipeline::Pipeline.PipelineTag"
 },
 {
  "op": "remove",
  "path": "/PropertyTypes/AWS::OpsWorks::App.DataSource"
 },
 {
  "op": "remove",
  "path": "/PropertyTypes/AWS::OpsWorks::App.EnvironmentVariable"
 },
 {
  "op": "remove",
  "path": "/PropertyTypes/AWS::OpsWorks::App.Source"
 },
 {
  "op": "remove",
  "path": "/PropertyTypes/AWS::OpsWorks::App.SslConfiguration"
 },
 {
  "op": "remove",
  "path": "/PropertyTypes/AWS::OpsWorks::Instance.BlockDeviceMapping"
 },
 {
  "op": "remove",
  "path": "/PropertyTypes/AWS::OpsWorks::Instance.EbsBlockDevice"
 },
 {
  "op": "remove",
  "path": "/PropertyTypes/AWS::OpsWorks::Instance.TimeBasedAutoScaling"
 },
 {
  "op": "remove",
  "path": "/PropertyTypes/AWS::OpsWorks::Layer.AutoScalingThresholds"
 },
 {
  "op": "remove",
  "path": "/PropertyTypes/AWS::OpsWorks::Layer.LifecycleEventConfiguration"
 },
 {
  "op": "remove",
  "path": "/PropertyTypes/AWS::OpsWorks::Layer.LoadBasedAutoScaling"
 },
 {
  "op": "remove",
  "path": "/PropertyTypes/AWS::OpsWorks::Layer.Recipes"
 },
 {
  "op": "remove",
  "path": "/PropertyTypes/AWS::OpsWorks::Layer.ShutdownEventConfiguration"
 },
 {
  "op": "remove",
  "path": "/PropertyTypes/AWS::OpsWorks::Layer.VolumeConfiguration"
 },
 {
  "op": "remove",
  "path": "/PropertyTypes/AWS::OpsWorks::Stack.ChefConfiguration"
 },
 {
  "op": "remove",
  "path": "/PropertyTypes/AWS::OpsWorks::Stack.ElasticIp"
 },
 {
  "op": "remove",
  "path": "/PropertyTypes/AWS::OpsWorks::Stack.RdsDbInstance"
 },
 {
  "op": "remove",
  "path": "/PropertyTypes/AWS::OpsWorks::Stack.Source"
 },
 {
  "op": "remove",
  "path": "/PropertyTypes/AWS::OpsWorks::Stack.StackConfigurationManager"
 }
]