[
 {
  "op": "remove",
  "path": "/ResourceTypes/AWS::DataPipeline::Pipeline"
 },
 {
  "op": "remove",
  "path": "/ResourceTypes/AWS::GameLift::Alias"
 },
 {
  "op": "remove",
  "path": "/ResourceTypes/AWS::GameLift::Build"
 },
 {
  "op": "remove",
  "path": "/ResourceTypes/AWS::GameLift::Fleet"
 },
 {
  "op": "remove",
  "path": "/ResourceTypes/AWS::OpsWorks::App"
 },
 {
  "op": "remove",
  "path": "/ResourceTypes/AWS::OpsWorks::ElasticLoadBalancerAttachment"
 },
 {
  "op": "remove",
  "path": "/ResourceTypes/AWS::OpsWorks::Instance"
 },
 {
  "op": "remove",
  "path": "/ResourceTypes/AWS::OpsWorks::Layer"
 },
 {
  "op": "remove",
  "path": "/ResourceTypes/AWS::OpsWorks::Stack"
 },
 {
  "op": "remove",
  "path": "/ResourceTypes/AWS::OpsWorks::UserProfile"
 },
 {
  "op": "remove",
  "path": "/ResourceTypes/AWS::OpsWorks::Volume"
 },
 {
  "op": "remove",
  "path": "/ResourceTypes/AWS::Route53::HealthCheck"
 },
 {
  "op": "remove",
  "path": "/ResourceTypes/AWS::Route53::HostedZone"
 },
 {
  "op": "remove",
  "path": "/ResourceTypes/AWS::Route53::RecordSet"
 },
 {
  "op": "remove",
  "path": "/ResourceTypes/AWS::Route53::RecordSetGroup"
 },
 {
  "op": "remove",
  "path": "/ResourceTypes/AWS::SDB::Domain"
 },
 {
  "op": "remove",
  "path": "/PropertyTypes/AWS::DataPipeline::Pipeline.Field"
 },
 {
  "op": "remove",
  "path": "/PropertyTypes/AWS::DataPipeline::Pipeline.ParameterAttribute"
 },
 {
  "op": "remove",
  "path": "/PropertyTypes/AWS::DataPipeline::Pipeline.ParameterObject"
 },
 {
  "op": "remove",
  "path": "/PropertyTypes/AWS::DataPipeline::Pipeline.ParameterValue"
 },
 {
  "op": "remove",
  "path": "/PropertyTypes/AWS::DataPipeline::Pipeline.PipelineObject"
 },
 {
  "op": "remove",
  "path": "/PropertyTypes/AWS::DataPipeline::Pipeline.PipelineTag"
 },
 {
  "op": "remove",
  "path": "/PropertyTypes/AWS::GameLift::Alias.RoutingStrategy"
 },
 {
  "op": "remove",
  "path": "/PropertyTypes/AWS::GameLift::Build.S3Location"
 },
 {
  "op": "remove",
  "path": "/PropertyTypes/AWS::GameLift::Fleet.CertificateConfiguration"
 },
 {
  "op": "remove",
  "path": "/PropertyTypes/AWS::GameLift::Fleet.IpPermission"
 },
 {
  "op": "remove",
  "path": "/PropertyTypes/AWS::GameLift::Fleet.ResourceCreationLimitPolicy"
 },
 {
  "op": "remove",
  "path": "/PropertyTypes/AWS::GameLift::Fleet.RuntimeConfiguration"
 },
 {
  "op": "remove",
  "path": "/PropertyTypes/AWS::GameLift::Fleet.ServerProcess"
 },
 {
  "op": "remove",
  "path": "/PropertyTypes/AWS::OpsWorks::App.DataSource"
 },
 {
  "op": "remove",
  "path": "/PropertyTypes/AWS::OpsWorks::App.EnvironmentVariable"
 },
 {
  "op": "remove",
  "path": "/PropertyTypes/AWS::OpsWorks::App.Source"
 },
 {
  "op": "remove",
  "path": "/PropertyTypes/AWS::OpsWorks::App.SslConfiguration"
 },
 {
  "op": "remove",
  "path": "/PropertyTypes/AWS::OpsWorks::Instance.BlockDeviceMapping"
 },
 {
  "op": "remove",
  "path": "/PropertyTypes/AWS::OpsWorks::Instance.EbsBlockDevice"
 },
 {
  "op": "remove",
  "path": "/PropertyTypes/AWS::OpsWorks::Instance.TimeBasedAutoScaling"
 },
 {
  "op": "remove",
  "path": "/PropertyTypes/AWS::OpsWorks::Layer.AutoScalingThresholds"
 },
 {
  "op": "remove",
  "path": "/PropertyTypes/AWS::OpsWorks::Layer.LifecycleEventConfiguration"
 },
 {
  "op": "remove",
  "path": "/PropertyTypes/AWS::OpsWorks::Layer.LoadBasedAutoScaling"
 },
 {
  "op": "remove",
  "path": "/PropertyTypes/AWS::OpsWorks::Layer.Recipes"
 },
 {
  "op": "remove",
  "path": "/PropertyTypes/AWS::OpsWorks::Layer.ShutdownEventConfiguration"
 },
 {
  "op": "remove",
  "path": "/PropertyTypes/AWS::OpsWorks::Layer.VolumeConfiguration"
 },
 {
  "op": "remove",
  "path": "/PropertyTypes/AWS::OpsWorks::Stack.ChefConfiguration"
 },
 {
  "op": "remove",
  "path": "/PropertyTypes/AWS::OpsWorks::Stack.ElasticIp"
 },
 {
  "op": "remove",
  "path": "/PropertyTypes/AWS::OpsWorks::Stack.RdsDbInstance"
 },
 {
  "op": "remove",
  "path": "/PropertyTypes/AWS::OpsWorks::Stack.Source"
 },
 {
  "op": "remove",
  "path": "/PropertyTypes/AWS::OpsWorks::Stack.StackConfigurationManager"
 },
 {
  "op": "remove",
  "path": "/PropertyTypes/AWS::Route53::HealthCheck.AlarmIdentifier"
 },
 {
  "op": "remove",
  "path": "/PropertyTypes/AWS::Route53::HealthCheck.HealthCheckConfig"
 },
 {
  "op": "remove",
  "path": "/PropertyTypes/AWS::Route53::HealthCheck.HealthCheckTag"
 },
 {
  "op": "remove",
  "path": "/PropertyTypes/AWS::Route53::HostedZone.HostedZoneConfig"
 },
 {
  "op": "remove",
  "path": "/PropertyTypes/AWS::Route53::HostedZone.HostedZoneTag"
 },
 {
  "op": "remove",
  "path": "/PropertyTypes/AWS::Route53::HostedZone.QueryLoggingConfig"
 },
 {
  "op": "remove",
  "path": "/PropertyTypes/AWS::Route53::HostedZone.VPC"
 },
 {
  "op": "remove",
  "path": "/PropertyTypes/AWS::Route53::RecordSet.AliasTarget"
 },
 {
  "op": "remove",
  "path": "/PropertyTypes/AWS::Route53::RecordSet.CidrRoutingConfig"
 },
 {
  "op": "remove",
  "path": "/PropertyTypes/AWS::Route53::RecordSet.GeoLocation"
 },
 {
  "op": "remove",
  "path": "/PropertyTypes/AWS::Route53::RecordSetGroup.AliasTarget"
 },
 {
  "op": "remove",
  "path": "/PropertyTypes/AWS::Route53::RecordSetGroup.CidrRoutingConfig"
 },
 {
  "op": "remove",
  "path": "/PropertyTypes/AWS::Route53::RecordSetGroup.GeoLocation"
 },
 {
  "op": "remove",
  "path": "/PropertyTypes/AWS::Route53::RecordSetGroup.RecordSet"
 }
]