[
 {
  "op": "add",
  "path": "/ResourceTypes/AWS::IoTAnalytics::Channel",
  "value": {
   "Documentation": "http://docs.aws.amazon.com/AWSCloudFormation/latest/UserGuide/aws-resource-iotanalytics-channel.html",
   "Properties": {
    "ChannelName": {
     "Documentation": "http://docs.aws.amazon.com/AWSCloudFormation/latest/UserGuide/aws-resource-iotanalytics-channel.html#cfn-iotanalytics-channel-channelname",
     "PrimitiveType": "String",
     "Required": false,
     "UpdateType": "Immutable"
    },
    "ChannelStorage": {
     "Documentation": "http://docs.aws.amazon.com/AWSCloudFormation/latest/UserGuide/aws-resource-iotanalytics-channel.html#cfn-iotanalytics-channel-channelstorage",
     "Required": false,
     "Type": "ChannelStorage",
     "UpdateType": "Mutable"
    },
    "RetentionPeriod": {
     "Documentation": "http://docs.aws.amazon.com/AWSCloudFormation/latest/UserGuide/aws-resource-iotanalytics-channel.html#cfn-iotanalytics-channel-retentionperiod",
     "Required": false,
     "Type": "RetentionPeriod",
     "UpdateType": "Mutable"
    },
    "Tags": {
     "Documentation": "http://docs.aws.amazon.com/AWSCloudFormation/latest/UserGuide/aws-resource-iotanalytics-channel.html#cfn-iotanalytics-channel-tags",
     "ItemType": "Tag",
     "Required": false,
     "Type": "List",
     "UpdateType": "Mutable"
    }
   }
  }
 },
 {
  "op": "add",
  "path": "/ResourceTypes/AWS::IoTAnalytics::Dataset",
  "value": {
   "Documentation": "http://docs.aws.amazon.com/AWSCloudFormation/latest/UserGuide/aws-resource-iotanalytics-dataset.html",
   "Properties": {
    "Actions": {
     "Documentation": "http://docs.aws.amazon.com/AWSCloudFormation/latest/UserGuide/aws-resource-iotanalytics-dataset.html#cfn-iotanalytics-dataset-actions",
     "ItemType": "Action",
     "Required": true,
     "Type": "List",
     "UpdateType": "Mutable"
    },
    "ContentDeliveryRules": {
     "Documentation": "http://docs.aws.amazon.com/AWSCloudFormation/latest/UserGuide/aws-resource-iotanalytics-dataset.html#cfn-iotanalytics-dataset-contentdeliveryrules",
     "ItemType": "DatasetContentDeliveryRule",
     "Required": false,
     "Type": "List",
     "UpdateType": "Mutable"
    },
    "DatasetName": {
     "Documentation": "http://docs.aws.amazon.com/AWSCloudFormation/latest/UserGuide/aws-resource-iotanalytics-dataset.html#cfn-iotanalytics-dataset-datasetname",
     "PrimitiveType": "String",
     "Required": false,
     "UpdateType": "Immutable"
    },
    "LateDataRules": {
     "Documentation": "http://docs.aws.amazon.com/AWSCloudFormation/latest/UserGuide/aws-resource-iotanalytics-dataset.html#cfn-iotanalytics-dataset-latedatarules",
     "ItemType": "LateDataRule",
     "Required": false,
     "Type": "List",
     "UpdateType": "Mutable"
    },
    "RetentionPeriod": {
     "Documentation": "http://docs.aws.amazon.com/AWSCloudFormation/latest/UserGuide/aws-resource-iotanalytics-dataset.html#cfn-iotanalytics-dataset-retentionperiod",
     "Required": false,
     "Type": "RetentionPeriod",
     "UpdateType": "Mutable"
    },
    "Tags": {
     "Documentation": "http://docs.aws.amazon.com/AWSCloudFormation/latest/UserGuide/aws-resource-iotanalytics-dataset.html#cfn-iotanalytics-dataset-tags",
     "ItemType": "Tag",
     "Required": false,
     "Type": "List",
     "UpdateType": "Mutable"
    },
    "Triggers": {
     "Documentation": "http://docs.aws.amazon.com/AWSCloudFormation/latest/UserGuide/aws-resource-iotanalytics-dataset.html#cfn-iotanalytics-dataset-triggers",
     "ItemType": "Trigger",
     "Required": false,
     "Type": "List",
     "UpdateType": "Mutable"
    },
    "VersioningConfiguration": {
     "Documentation": "http://docs.aws.amazon.com/AWSCloudFormation/latest/UserGuide/aws-resource-iotanalytics-dataset.html#cfn-iotanalytics-dataset-versioningconfiguration",
     "Required": false,
     "Type": "VersioningConfiguration",
     "UpdateType": "Mutable"
    }
   }
  }
 },
 {
  "op": "add",
  "path": "/ResourceTypes/AWS::IoTAnalytics::Datastore",
  "value": {
   "Documentation": "http://docs.aws.amazon.com/AWSCloudFormation/latest/UserGuide/aws-resource-iotanalytics-datastore.html",
   "Properties": {
    "DatastoreName": {
     "Documentation": "http://docs.aws.amazon.com/AWSCloudFormation/latest/UserGuide/aws-resource-iotanalytics-datastore.html#cfn-iotanalytics-datastore-datastorename",
     "PrimitiveType": "String",
     "Required": false,
     "UpdateType": "Immutable"
    },
    "DatastorePartitions": {
     "Documentation": "http://docs.aws.amazon.com/AWSCloudFormation/latest/UserGuide/aws-resource-iotanalytics-datastore.html#cfn-iotanalytics-datastore-datastorepartitions",
     "Required": false,
     "Type": "DatastorePartitions",
     "UpdateType": "Mutable"
    },
    "DatastoreStorage": {
     "Documentation": "http://docs.aws.amazon.com/AWSCloudFormation/latest/UserGuide/aws-resource-iotanalytics-datastore.html#cfn-iotanalytics-datastore-datastorestorage",
     "Required": false,
     "Type": "DatastoreStorage",
     "UpdateType": "Mutable"
    },
    "FileFormatConfiguration": {
     "Documentation": "http://docs.aws.amazon.com/AWSCloudFormation/latest/UserGuide/aws-resource-iotanalytics-datastore.html#cfn-iotanalytics-datastore-fileformatconfiguration",
     "Required": false,
     "Type": "FileFormatConfiguration",
     "UpdateType": "Mutable"
    },
    "RetentionPeriod": {
     "Documentation": "http://docs.aws.amazon.com/AWSCloudFormation/latest/UserGuide/aws-resource-iotanalytics-datastore.html#cfn-iotanalytics-datastore-retentionperiod",
     "Required": false,
     "Type": "RetentionPeriod",
     "UpdateType": "Mutable"
    },
    "Tags": {
     "Documentation": "http://docs.aws.amazon.com/AWSCloudFormation/latest/UserGuide/aws-resource-iotanalytics-datastore.html#cfn-iotanalytics-datastore-tags",
     "ItemType": "Tag",
     "Required": false,
     "Type": "List",
     "UpdateType": "Mutable"
    }
   }
  }
 },
 {
  "op": "add",
  "path": "/ResourceTypes/AWS::IoTAnalytics::Pipeline",
  "value": {
   "Documentation": "http://docs.aws.amazon.com/AWSCloudFormation/latest/UserGuide/aws-resource-iotanalytics-pipeline.html",
   "Properties": {
    "PipelineActivities": {
     "Documentation": "http://docs.aws.amazon.com/AWSCloudFormation/latest/UserGuide/aws-resource-iotanalytics-pipeline.html#cfn-iotanalytics-pipeline-pipelineactivities",
     "ItemType": "Activity",
     "Required": true,
     "Type": "List",
     "UpdateType": "Mutable"
    },
    "PipelineName": {
     "Documentation": "http://docs.aws.amazon.com/AWSCloudFormation/latest/UserGuide/aws-resource-iotanalytics-pipeline.html#cfn-iotanalytics-pipeline-pipelinename",
     "PrimitiveType": "String",
     "Required": false,
     "UpdateType": "Immutable"
    },
    "Tags": {
     "Documentation": "http://docs.aws.amazon.com/AWSCloudFormation/latest/UserGuide/aws-resource-iotanalytics-pipeline.html#cfn-iotanalytics-pipeline-tags",
     "ItemType": "Tag",
     "Required": false,
     "Type": "List",
     "UpdateType": "Mutable"
    }
   }
  }
 },
 {
  "op": "add",
  "path": "/PropertyTypes/AWS::IoTAnalytics::Channel.ChannelStorage",
  "value": {
   "Documentation": "http://docs.aws.amazon.com/AWSCloudFormation/latest/UserGuide/aws-properties-iotanalytics-channel-channelstorage.html",
   "Properties": {
    "CustomerManagedS3": {
     "Documentation": "http://docs.aws.amazon.com/AWSCloudFormation/latest/UserGuide/aws-properties-iotanalytics-channel-channelstorage.html#cfn-iotanalytics-channel-channelstorage-customermanageds3",
     "Required": false,
     "Type": "CustomerManagedS3",
     "UpdateType": "Mutable"
    },
    "ServiceManagedS3": {
     "Documentation": "http://docs.aws.amazon.com/AWSCloudFormation/latest/UserGuide/aws-properties-iotanalytics-channel-channelstorage.html#cfn-iotanalytics-channel-channelstorage-servicemanageds3",
     "Required": false,
     "Type": "ServiceManagedS3",
     "UpdateType": "Mutable"
    }
   }
  }
 },
 {
  "op": "add",
  "path": "/PropertyTypes/AWS::IoTAnalytics::Channel.CustomerManagedS3",
  "value": {
   "Documentation": "http://docs.aws.amazon.com/AWSCloudFormation/latest/UserGuide/aws-properties-iotanalytics-channel-customermanageds3.html",
   "Properties": {
    "Bucket": {
     "Documentation": "http://docs.aws.amazon.com/AWSCloudFormation/latest/UserGuide/aws-properties-iotanalytics-channel-customermanageds3.html#cfn-iotanalytics-channel-customermanageds3-bucket",
     "PrimitiveType": "String",
     "Required": true,
     "UpdateType": "Mutable"
    },
    "KeyPrefix": {
     "Documentation": "http://docs.aws.amazon.com/AWSCloudFormation/latest/UserGuide/aws-properties-iotanalytics-channel-customermanageds3.html#cfn-iotanalytics-channel-customermanageds3-keyprefix",
     "PrimitiveType": "String",
     "Required": false,
     "UpdateType": "Mutable"
    },
    "RoleArn": {
     "Documentation": "http://docs.aws.amazon.com/AWSCloudFormation/latest/UserGuide/aws-properties-iotanalytics-channel-customermanageds3.html#cfn-iotanalytics-channel-customermanageds3-rolearn",
     "PrimitiveType": "String",
     "Required": true,
     "UpdateType": "Mutable"
    }
   }
  }
 },
 {
  "op": "add",
  "path": "/PropertyTypes/AWS::IoTAnalytics::Channel.RetentionPeriod",
  "value": {
   "Documentation": "http://docs.aws.amazon.com/AWSCloudFormation/latest/UserGuide/aws-properties-iotanalytics-channel-retentionperiod.html",
   "Properties": {
    "NumberOfDays": {
     "Documentation": "http://docs.aws.amazon.com/AWSCloudFormation/latest/UserGuide/aws-properties-iotanalytics-channel-retentionperiod.html#cfn-iotanalytics-channel-retentionperiod-numberofdays",
     "PrimitiveType": "Integer",
     "Required": false,
     "UpdateType": "Mutable"
    },
    "Unlimited": {
     "Documentation": "http://docs.aws.amazon.com/AWSCloudFormation/latest/UserGuide/aws-properties-iotanalytics-channel-retentionperiod.html#cfn-iotanalytics-channel-retentionperiod-unlimited",
     "PrimitiveType": "Boolean",
     "Required": false,
     "UpdateType": "Mutable"
    }
   }
  }
 },
 {
  "op": "add",
  "path": "/PropertyTypes/AWS::IoTAnalytics::Channel.ServiceManagedS3",
  "value": {
   "Documentation": "http://docs.aws.amazon.com/AWSCloudFormation/latest/UserGuide/aws-properties-iotanalytics-channel-servicemanageds3.html",
   "Properties": {}
  }
 },
 {
  "op": "add",
  "path": "/PropertyTypes/AWS::IoTAnalytics::Dataset.Action",
  "value": {
   "Documentation": "http://docs.aws.amazon.com/AWSCloudFormation/latest/UserGuide/aws-properties-iotanalytics-dataset-action.html",
   "Properties": {
    "ActionName": {
     "Documentation": "http://docs.aws.amazon.com/AWSCloudFormation/latest/UserGuide/aws-properties-iotanalytics-dataset-action.html#cfn-iotanalytics-dataset-action-actionname",
     "PrimitiveType": "String",
     "Required": true,
     "UpdateType": "Mutable"
    },
    "ContainerAction": {
     "Documentation": "http://docs.aws.amazon.com/AWSCloudFormation/latest/UserGuide/aws-properties-iotanalytics-dataset-action.html#cfn-iotanalytics-dataset-action-containeraction",
     "Required": false,
     "Type": "ContainerAction",
     "UpdateType": "Mutable"
    },
    "QueryAction": {
     "Documentation": "http://docs.aws.amazon.com/AWSCloudFormation/latest/UserGuide/aws-properties-iotanalytics-dataset-action.html#cfn-iotanalytics-dataset-action-queryaction",
     "Required": false,
     "Type": "QueryAction",
     "UpdateType": "Mutable"
    }
   }
  }
 },
 {
  "op": "add",
  "path": "/PropertyTypes/AWS::IoTAnalytics::Dataset.ContainerAction",
  "value": {
   "Documentation": "http://docs.aws.amazon.com/AWSCloudFormation/latest/UserGuide/aws-properties-iotanalytics-dataset-containeraction.html",
   "Properties": {
    "ExecutionRoleArn": {
     "Documentation": "http://docs.aws.amazon.com/AWSCloudFormation/latest/UserGuide/aws-properties-iotanalytics-dataset-containeraction.html#cfn-iotanalytics-dataset-containeraction-executionrolearn",
     "PrimitiveType": "String",
     "Required": true,
     "UpdateType": "Mutable"
    },
    "Image": {
     "Documentation": "http://docs.aws.amazon.com/AWSCloudFormation/latest/UserGuide/aws-properties-iotanalytics-dataset-containeraction.html#cfn-iotanalytics-dataset-containeraction-image",
     "PrimitiveType": "String",
     "Required": true,
     "UpdateType": "Mutable"
    },
    "ResourceConfiguration": {
     "Documentation": "http://docs.aws.amazon.com/AWSCloudFormation/latest/UserGuide/aws-properties-iotanalytics-dataset-containeraction.html#cfn-iotanalytics-dataset-containeraction-resourceconfiguration",
     "Required": true,
     "Type": "ResourceConfiguration",
     "UpdateType": "Mutable"
    },
    "Variables": {
     "Documentation": "http://docs.aws.amazon.com/AWSCloudFormation/latest/UserGuide/aws-properties-iotanalytics-dataset-containeraction.html#cfn-iotanalytics-dataset-containeraction-variables",
     "ItemType": "Variable",
     "Required": false,
     "Type": "List",
     "UpdateType": "Mutable"
    }
   }
  }
 },
 {
  "op": "add",
  "path": "/PropertyTypes/AWS::IoTAnalytics::Dataset.DatasetContentDeliveryRule",
  "value": {
   "Documentation": "http://docs.aws.amazon.com/AWSCloudFormation/latest/UserGuide/aws-properties-iotanalytics-dataset-datasetcontentdeliveryrule.html",
   "Properties": {
    "Destination": {
     "Documentation": "http://docs.aws.amazon.com/AWSCloudFormation/latest/UserGuide/aws-properties-iotanalytics-dataset-datasetcontentdeliveryrule.html#cfn-iotanalytics-dataset-datasetcontentdeliveryrule-destination",
     "Required": true,
     "Type": "DatasetContentDeliveryRuleDestination",
     "UpdateType": "Mutable"
    },
    "EntryName": {
     "Documentation": "http://docs.aws.amazon.com/AWSCloudFormation/latest/UserGuide/aws-properties-iotanalytics-dataset-datasetcontentdeliveryrule.html#cfn-iotanalytics-dataset-datasetcontentdeliveryrule-entryname",
     "PrimitiveType": "String",
     "Required": false,
     "UpdateType": "Mutable"
    }
   }
  }
 },
 {
  "op": "add",
  "path": "/PropertyTypes/AWS::IoTAnalytics::Dataset.DatasetContentDeliveryRuleDestination",
  "value": {
   "Documentation": "http://docs.aws.amazon.com/AWSCloudFormation/latest/UserGuide/aws-properties-iotanalytics-dataset-datasetcontentdeliveryruledestination.html",
   "Properties": {
    "IotEventsDestinationConfiguration": {
     "Documentation": "http://docs.aws.amazon.com/AWSCloudFormation/latest/UserGuide/aws-properties-iotanalytics-dataset-datasetcontentdeliveryruledestination.html#cfn-iotanalytics-dataset-datasetcontentdeliveryruledestination-ioteventsdestinationconfiguration",
     "Required": false,
     "Type": "IotEventsDestinationConfiguration",
     "UpdateType": "Mutable"
    },
    "S3DestinationConfiguration": {
     "Documentation": "http://docs.aws.amazon.com/AWSCloudFormation/latest/UserGuide/aws-properties-iotanalytics-dataset-datasetcontentdeliveryruledestination.html#cfn-iotanalytics-dataset-datasetcontentdeliveryruledestination-s3destinationconfiguration",
     "Required": false,
     "Type": "S3DestinationConfiguration",
     "UpdateType": "Mutable"
    }
   }
  }
 },
 {
  "op": "add",
  "path": "/PropertyTypes/AWS::IoTAnalytics::Dataset.DatasetContentVersionValue",
  "value": {
   "Documentation": "http://docs.aws.amazon.com/AWSCloudFormation/latest/UserGuide/aws-properties-iotanalytics-dataset-variable-datasetcontentversionvalue.html",
   "Properties": {
    "DatasetName": {
     "Documentation": "http://docs.aws.amazon.com/AWSCloudFormation/latest/UserGuide/aws-properties-iotanalytics-dataset-variable-datasetcontentversionvalue.html#cfn-iotanalytics-dataset-variable-datasetcontentversionvalue-datasetname",
     "PrimitiveType": "String",
     "Required": false,
     "UpdateType": "Mutable"
    }
   }
  }
 },
 {
  "op": "add",
  "path": "/PropertyTypes/AWS::IoTAnalytics::Dataset.DeltaTime",
  "value": {
   "Documentation": "http://docs.aws.amazon.com/AWSCloudFormation/latest/UserGuide/aws-properties-iotanalytics-dataset-deltatime.html",
   "Properties": {
    "OffsetSeconds": {
     "Documentation": "http://docs.aws.amazon.com/AWSCloudFormation/latest/UserGuide/aws-properties-iotanalytics-dataset-deltatime.html#cfn-iotanalytics-dataset-deltatime-offsetseconds",
     "PrimitiveType": "Integer",
     "Required": true,
     "UpdateType": "Mutable"
    },
    "TimeExpression": {
     "Documentation": "http://docs.aws.amazon.com/AWSCloudFormation/latest/UserGuide/aws-properties-iotanalytics-dataset-deltatime.html#cfn-iotanalytics-dataset-deltatime-timeexpression",
     "PrimitiveType": "String",
     "Required": true,
     "UpdateType": "Mutable"
    }
   }
  }
 },
 {
  "op": "add",
  "path": "/PropertyTypes/AWS::IoTAnalytics::Dataset.DeltaTimeSessionWindowConfiguration",
  "value": {
   "Documentation": "http://docs.aws.amazon.com/AWSCloudFormation/latest/UserGuide/aws-properties-iotanalytics-dataset-deltatimesessionwindowconfiguration.html",
   "Properties": {
    "TimeoutInMinutes": {
     "Documentation": "http://docs.aws.amazon.com/AWSCloudFormation/latest/UserGuide/aws-properties-iotanalytics-dataset-deltatimesessionwindowconfiguration.html#cfn-iotanalytics-dataset-deltatimesessionwindowconfiguration-timeoutinminutes",
     "PrimitiveType": "Integer",
     "Required": true,
     "UpdateType": "Mutable"
    }
   }
  }
 },
 {
  "op": "add",
  "path": "/PropertyTypes/AWS::IoTAnalytics::Dataset.Filter",
  "value": {
   "Documentation": "http://docs.aws.amazon.com/AWSCloudFormation/latest/UserGuide/aws-properties-iotanalytics-dataset-filter.html",
   "Properties": {
    "DeltaTime": {
     "Documentation": "http://docs.aws.amazon.com/AWSCloudFormation/latest/UserGuide/aws-properties-iotanalytics-dataset-filter.html#cfn-iotanalytics-dataset-filter-deltatime",
     "Required": false,
     "Type": "DeltaTime",
     "UpdateType": "Mutable"
    }
   }
  }
 },
 {
  "op": "add",
  "path": "/PropertyTypes/AWS::IoTAnalytics::Dataset.GlueConfiguration",
  "value": {
   "Documentation": "http://docs.aws.amazon.com/AWSCloudFormation/latest/UserGuide/aws-properties-iotanalytics-dataset-glueconfiguration.html",
   "Properties": {
    "DatabaseName": {
     "Documentation": "http://docs.aws.amazon.com/AWSCloudFormation/latest/UserGuide/aws-properties-iotanalytics-dataset-glueconfiguration.html#cfn-iotanalytics-dataset-glueconfiguration-databasename",
     "PrimitiveType": "String",
     "Required": true,
     "UpdateType": "Mutable"
    },
    "TableName": {
     "Documentation": "http://docs.aws.amazon.com/AWSCloudFormation/latest/UserGuide/aws-properties-iotanalytics-dataset-glueconfiguration.html#cfn-iotanalytics-dataset-glueconfiguration-tablename",
     "PrimitiveType": "String",
     "Required": true,
     "UpdateType": "Mutable"
    }
   }
  }
 },
 {
  "op": "add",
  "path": "/PropertyTypes/AWS::IoTAnalytics::Dataset.IotEventsDestinationConfiguration",
  "value": {
   "Documentation": "http://docs.aws.amazon.com/AWSCloudFormation/latest/UserGuide/aws-properties-iotanalytics-dataset-ioteventsdestinationconfiguration.html",
   "Properties": {
    "InputName": {
     "Documentation": "http://docs.aws.amazon.com/AWSCloudFormation/latest/UserGuide/aws-properties-iotanalytics-dataset-ioteventsdestinationconfiguration.html#cfn-iotanalytics-dataset-ioteventsdestinationconfiguration-inputname",
     "PrimitiveType": "String",
     "Required": true,
     "UpdateType": "Mutable"
    },
    "RoleArn": {
     "Documentation": "http://docs.aws.amazon.com/AWSCloudFormation/latest/UserGuide/aws-properties-iotanalytics-dataset-ioteventsdestinationconfiguration.html#cfn-iotanalytics-dataset-ioteventsdestinationconfiguration-rolearn",
     "PrimitiveType": "String",
     "Required": true,
     "UpdateType": "Mutable"
    }
   }
  }
 },
 {
  "op": "add",
  "path": "/PropertyTypes/AWS::IoTAnalytics::Dataset.LateDataRule",
  "value": {
   "Documentation": "http://docs.aws.amazon.com/AWSCloudFormation/latest/UserGuide/aws-properties-iotanalytics-dataset-latedatarule.html",
   "Properties": {
    "RuleConfiguration": {
     "Documentation": "http://docs.aws.amazon.com/AWSCloudFormation/latest/UserGuide/aws-properties-iotanalytics-dataset-latedatarule.html#cfn-iotanalytics-dataset-latedatarule-ruleconfiguration",
     "Required": true,
     "Type": "LateDataRuleConfiguration",
     "UpdateType": "Mutable"
    },
    "RuleName": {
     "Documentation": "http://docs.aws.amazon.com/AWSCloudFormation/latest/UserGuide/aws-properties-iotanalytics-dataset-latedatarule.html#cfn-iotanalytics-dataset-latedatarule-rulename",
     "PrimitiveType": "String",
     "Required": false,
     "UpdateType": "Mutable"
    }
   }
  }
 },
 {
  "op": "add",
  "path": "/PropertyTypes/AWS::IoTAnalytics::Dataset.LateDataRuleConfiguration",
  "value": {
   "Documentation": "http://docs.aws.amazon.com/AWSCloudFormation/latest/UserGuide/aws-properties-iotanalytics-dataset-latedataruleconfiguration.html",
   "Properties": {
    "DeltaTimeSessionWindowConfiguration": {
     "Documentation": "http://docs.aws.amazon.com/AWSCloudFormation/latest/UserGuide/aws-properties-iotanalytics-dataset-latedataruleconfiguration.html#cfn-iotanalytics-dataset-latedataruleconfiguration-deltatimesessionwindowconfiguration",
     "Required": false,
     "Type": "DeltaTimeSessionWindowConfiguration",
     "UpdateType": "Mutable"
    }
   }
  }
 },
 {
  "op": "add",
  "path": "/PropertyTypes/AWS::IoTAnalytics::Dataset.OutputFileUriValue",
  "value": {
   "Documentation": "http://docs.aws.amazon.com/AWSCloudFormation/latest/UserGuide/aws-properties-iotanalytics-dataset-variable-outputfileurivalue.html",
   "Properties": {
    "FileName": {
     "Documentation": "http://docs.aws.amazon.com/AWSCloudFormation/latest/UserGuide/aws-properties-iotanalytics-dataset-variable-outputfileurivalue.html#cfn-iotanalytics-dataset-variable-outputfileurivalue-filename",
     "PrimitiveType": "String",
     "Required": false,
     "UpdateType": "Mutable"
    }
   }
  }
 },
 {
  "op": "add",
  "path": "/PropertyTypes/AWS::IoTAnalytics::Dataset.QueryAction",
  "value": {
   "Documentation": "http://docs.aws.amazon.com/AWSCloudFormation/latest/UserGuide/aws-properties-iotanalytics-dataset-queryaction.html",
   "Properties": {
    "Filters": {
     "Documentation": "http://docs.aws.amazon.com/AWSCloudFormation/latest/UserGuide/aws-properties-iotanalytics-dataset-queryaction.html#cfn-iotanalytics-dataset-queryaction-filters",
     "ItemType": "Filter",
     "Required": false,
     "Type": "List",
     "UpdateType": "Mutable"
    },
    "SqlQuery": {
     "Documentation": "http://docs.aws.amazon.com/AWSCloudFormation/latest/UserGuide/aws-properties-iotanalytics-dataset-queryaction.html#cfn-iotanalytics-dataset-queryaction-sqlquery",
     "PrimitiveType": "String",
     "Required": true,
     "UpdateType": "Mutable"
    }
   }
  }
 },
 {
  "op": "add",
  "path": "/PropertyTypes/AWS::IoTAnalytics::Dataset.ResourceConfiguration",
  "value": {
   "Documentation": "http://docs.aws.amazon.com/AWSCloudFormation/latest/UserGuide/aws-properties-iotanalytics-dataset-resourceconfiguration.html",
   "Properties": {
    "ComputeType": {
     "Documentation": "http://docs.aws.amazon.com/AWSCloudFormation/latest/UserGuide/aws-properties-iotanalytics-dataset-resourceconfiguration.html#cfn-iotanalytics-dataset-resourceconfiguration-computetype",
     "PrimitiveType": "String",
     "Required": true,
     "UpdateType": "Mutable"
    },
    "VolumeSizeInGB": {
     "Documentation": "http://docs.aws.amazon.com/AWSCloudFormation/latest/UserGuide/aws-properties-iotanalytics-dataset-resourceconfiguration.html#cfn-iotanalytics-dataset-resourceconfiguration-volumesizeingb",
     "PrimitiveType": "Integer",
     "Required": true,
     "UpdateType": "Mutable"
    }
   }
  }
 },
 {
  "op": "add",
  "path": "/PropertyTypes/AWS::IoTAnalytics::Dataset.RetentionPeriod",
  "value": {
   "Documentation": "http://docs.aws.amazon.com/AWSCloudFormation/latest/UserGuide/aws-properties-iotanalytics-dataset-retentionperiod.html",
   "Properties": {
    "NumberOfDays": {
     "Documentation": "http://docs.aws.amazon.com/AWSCloudFormation/latest/UserGuide/aws-properties-iotanalytics-dataset-retentionperiod.html#cfn-iotanalytics-dataset-retentionperiod-numberofdays",
     "PrimitiveType": "Integer",
     "Required": true,
     "UpdateType": "Mutable"
    },
    "Unlimited": {
     "Documentation": "http://docs.aws.amazon.com/AWSCloudFormation/latest/UserGuide/aws-properties-iotanalytics-dataset-retentionperiod.html#cfn-iotanalytics-dataset-retentionperiod-unlimited",
     "PrimitiveType": "Boolean",
     "Required": true,
     "UpdateType": "Mutable"
    }
   }
  }
 },
 {
  "op": "add",
  "path": "/PropertyTypes/AWS::IoTAnalytics::Dataset.S3DestinationConfiguration",
  "value": {
   "Documentation": "http://docs.aws.amazon.com/AWSCloudFormation/latest/UserGuide/aws-properties-iotanalytics-dataset-s3destinationconfiguration.html",
   "Properties": {
    "Bucket": {
     "Documentation": "http://docs.aws.amazon.com/AWSCloudFormation/latest/UserGuide/aws-properties-iotanalytics-dataset-s3destinationconfiguration.html#cfn-iotanalytics-dataset-s3destinationconfiguration-bucket",
     "PrimitiveType": "String",
     "Required": true,
     "UpdateType": "Mutable"
    },
    "GlueConfiguration": {
     "Documentation": "http://docs.aws.amazon.com/AWSCloudFormation/latest/UserGuide/aws-properties-iotanalytics-dataset-s3destinationconfiguration.html#cfn-iotanalytics-dataset-s3destinationconfiguration-glueconfiguration",
     "Required": false,
     "Type": "GlueConfiguration",
     "UpdateType": "Mutable"
    },
    "Key": {
     "Documentation": "http://docs.aws.amazon.com/AWSCloudFormation/latest/UserGuide/aws-properties-iotanalytics-dataset-s3destinationconfiguration.html#cfn-iotanalytics-dataset-s3destinationconfiguration-key",
     "PrimitiveType": "String",
     "Required": true,
     "UpdateType": "Mutable"
    },
    "RoleArn": {
     "Documentation": "http://docs.aws.amazon.com/AWSCloudFormation/latest/UserGuide/aws-properties-iotanalytics-dataset-s3destinationconfiguration.html#cfn-iotanalytics-dataset-s3destinationconfiguration-rolearn",
     "PrimitiveType": "String",
     "Required": true,
     "UpdateType": "Mutable"
    }
   }
  }
 },
 {
  "op": "add",
  "path": "/PropertyTypes/AWS::IoTAnalytics::Dataset.Schedule",
  "value": {
   "Documentation": "http://docs.aws.amazon.com/AWSCloudFormation/latest/UserGuide/aws-properties-iotanalytics-dataset-trigger-schedule.html",
   "Properties": {
    "ScheduleExpression": {
     "Documentation": "http://docs.aws.amazon.com/AWSCloudFormation/latest/UserGuide/aws-properties-iotanalytics-dataset-trigger-schedule.html#cfn-iotanalytics-dataset-trigger-schedule-scheduleexpression",
     "PrimitiveType": "String",
     "Required": true,
     "UpdateType": "Mutable"
    }
   }
  }
 },
 {
  "op": "add",
  "path": "/PropertyTypes/AWS::IoTAnalytics::Dataset.Trigger",
  "value": {
   "Documentation": "http://docs.aws.amazon.com/AWSCloudFormation/latest/UserGuide/aws-properties-iotanalytics-dataset-trigger.html",
   "Properties": {
    "Schedule": {
     "Documentation": "http://docs.aws.amazon.com/AWSCloudFormation/latest/UserGuide/aws-properties-iotanalytics-dataset-trigger.html#cfn-iotanalytics-dataset-trigger-schedule",
     "Required": false,
     "Type": "Schedule",
     "UpdateType": "Mutable"
    },
    "TriggeringDataset": {
     "Documentation": "http://docs.aws.amazon.com/AWSCloudFormation/latest/UserGuide/aws-properties-iotanalytics-dataset-trigger.html#cfn-iotanalytics-dataset-trigger-triggeringdataset",
     "Required": false,
     "Type": "TriggeringDataset",
     "UpdateType": "Mutable"
    }
   }
  }
 },
 {
  "op": "add",
  "path": "/PropertyTypes/AWS::IoTAnalytics::Dataset.TriggeringDataset",
  "value": {
   "Documentation": "http://docs.aws.amazon.com/AWSCloudFormation/latest/UserGuide/aws-properties-iotanalytics-dataset-triggeringdataset.html",
   "Properties": {
    "DatasetName": {
     "Documentation": "http://docs.aws.amazon.com/AWSCloudFormation/latest/UserGuide/aws-properties-iotanalytics-dataset-triggeringdataset.html#cfn-iotanalytics-dataset-triggeringdataset-datasetname",
     "PrimitiveType": "String",
     "Required": true,
     "UpdateType": "Mutable"
    }
   }
  }
 },
 {
  "op": "add",
  "path": "/PropertyTypes/AWS::IoTAnalytics::Dataset.Variable",
  "value": {
   "Documentation": "http://docs.aws.amazon.com/AWSCloudFormation/latest/UserGuide/aws-properties-iotanalytics-dataset-variable.html",
   "Properties": {
    "DatasetContentVersionValue": {
     "Documentation": "http://docs.aws.amazon.com/AWSCloudFormation/latest/UserGuide/aws-properties-iotanalytics-dataset-variable.html#cfn-iotanalytics-dataset-variable-datasetcontentversionvalue",
     "Required": false,
     "Type": "DatasetContentVersionValue",
     "UpdateType": "Mutable"
    },
    "DoubleValue": {
     "Documentation": "http://docs.aws.amazon.com/AWSCloudFormation/latest/UserGuide/aws-properties-iotanalytics-dataset-variable.html#cfn-iotanalytics-dataset-variable-doublevalue",
     "PrimitiveType": "Double",
     "Required": false,
     "UpdateType": "Mutable"
    },
    "OutputFileUriValue": {
     "Documentation": "http://docs.aws.amazon.com/AWSCloudFormation/latest/UserGuide/aws-properties-iotanalytics-dataset-variable.html#cfn-iotanalytics-dataset-variable-outputfileurivalue",
     "Required": false,
     "Type": "OutputFileUriValue",
     "UpdateType": "Mutable"
    },
    "StringValue": {
     "Documentation": "http://docs.aws.amazon.com/AWSCloudFormation/latest/UserGuide/aws-properties-iotanalytics-dataset-variable.html#cfn-iotanalytics-dataset-variable-stringvalue",
     "PrimitiveType": "String",
     "Required": false,
     "UpdateType": "Mutable"
    },
    "VariableName": {
     "Documentation": "http://docs.aws.amazon.com/AWSCloudFormation/latest/UserGuide/aws-properties-iotanalytics-dataset-variable.html#cfn-iotanalytics-dataset-variable-variablename",
     "PrimitiveType": "String",
     "Required": true,
     "UpdateType": "Mutable"
    }
   }
  }
 },
 {
  "op": "add",
  "path": "/PropertyTypes/AWS::IoTAnalytics::Dataset.VersioningConfiguration",
  "value": {
   "Documentation": "http://docs.aws.amazon.com/AWSCloudFormation/latest/UserGuide/aws-properties-iotanalytics-dataset-versioningconfiguration.html",
   "Properties": {
    "MaxVersions": {
     "Documentation": "http://docs.aws.amazon.com/AWSCloudFormation/latest/UserGuide/aws-properties-iotanalytics-dataset-versioningconfiguration.html#cfn-iotanalytics-dataset-versioningconfiguration-maxversions",
     "PrimitiveType": "Integer",
     "Required": false,
     "UpdateType": "Mutable"
    },
    "Unlimited": {
     "Documentation": "http://docs.aws.amazon.com/AWSCloudFormation/latest/UserGuide/aws-properties-iotanalytics-dataset-versioningconfiguration.html#cfn-iotanalytics-dataset-versioningconfiguration-unlimited",
     "PrimitiveType": "Boolean",
     "Required": false,
     "UpdateType": "Mutable"
    }
   }
  }
 },
 {
  "op": "add",
  "path": "/PropertyTypes/AWS::IoTAnalytics::Datastore.Column",
  "value": {
   "Documentation": "http://docs.aws.amazon.com/AWSCloudFormation/latest/UserGuide/aws-properties-iotanalytics-datastore-column.html",
   "Properties": {
    "Name": {
     "Documentation": "http://docs.aws.amazon.com/AWSCloudFormation/latest/UserGuide/aws-properties-iotanalytics-datastore-column.html#cfn-iotanalytics-datastore-column-name",
     "PrimitiveType": "String",
     "Required": true,
     "UpdateType": "Mutable"
    },
    "Type": {
     "Documentation": "http://docs.aws.amazon.com/AWSCloudFormation/latest/UserGuide/aws-properties-iotanalytics-datastore-column.html#cfn-iotanalytics-datastore-column-type",
     "PrimitiveType": "String",
     "Required": true,
     "UpdateType": "Mutable"
    }
   }
  }
 },
 {
  "op": "add",
  "path": "/PropertyTypes/AWS::IoTAnalytics::Datastore.CustomerManagedS3",
  "value": {
   "Documentation": "http://docs.aws.amazon.com/AWSCloudFormation/latest/UserGuide/aws-properties-iotanalytics-datastore-customermanageds3.html",
   "Properties": {
    "Bucket": {
     "Documentation": "http://docs.aws.amazon.com/AWSCloudFormation/latest/UserGuide/aws-properties-iotanalytics-datastore-customermanageds3.html#cfn-iotanalytics-datastore-customermanageds3-bucket",
     "PrimitiveType": "String",
     "Required": true,
     "UpdateType": "Mutable"
    },
    "KeyPrefix": {
     "Documentation": "http://docs.aws.amazon.com/AWSCloudFormation/latest/UserGuide/aws-properties-iotanalytics-datastore-customermanageds3.html#cfn-iotanalytics-datastore-customermanageds3-keyprefix",
     "PrimitiveType": "String",
     "Required": false,
     "UpdateType": "Mutable"
    },
    "RoleArn": {
     "Documentation": "http://docs.aws.amazon.com/AWSCloudFormation/latest/UserGuide/aws-properties-iotanalytics-datastore-customermanageds3.html#cfn-iotanalytics-datastore-customermanageds3-rolearn",
     "PrimitiveType": "String",
     "Required": true,
     "UpdateType": "Mutable"
    }
   }
  }
 },
 {
  "op": "add",
  "path": "/PropertyTypes/AWS::IoTAnalytics::Datastore.CustomerManagedS3Storage",
  "value": {
   "Documentation": "http://docs.aws.amazon.com/AWSCloudFormation/latest/UserGuide/aws-properties-iotanalytics-datastore-customermanageds3storage.html",
   "Properties": {
    "Bucket": {
     "Documentation": "http://docs.aws.amazon.com/AWSCloudFormation/latest/UserGuide/aws-properties-iotanalytics-datastore-customermanageds3storage.html#cfn-iotanalytics-datastore-customermanageds3storage-bucket",
     "PrimitiveType": "String",
     "Required": true,
     "UpdateType": "Mutable"
    },
    "KeyPrefix": {
     "Documentation": "http://docs.aws.amazon.com/AWSCloudFormation/latest/UserGuide/aws-properties-iotanalytics-datastore-customermanageds3storage.html#cfn-iotanalytics-datastore-customermanageds3storage-keyprefix",
     "PrimitiveType": "String",
     "Required": false,
     "UpdateType": "Mutable"
    }
   }
  }
 },
 {
  "op": "add",
  "path": "/PropertyTypes/AWS::IoTAnalytics::Datastore.DatastorePartition",
  "value": {
   "Documentation": "http://docs.aws.amazon.com/AWSCloudFormation/latest/UserGuide/aws-properties-iotanalytics-datastore-datastorepartition.html",
   "Properties": {
    "Partition": {
     "Documentation": "http://docs.aws.amazon.com/AWSCloudFormation/latest/UserGuide/aws-properties-iotanalytics-datastore-datastorepartition.html#cfn-iotanalytics-datastore-datastorepartition-partition",
     "Required": false,
     "Type": "Partition",
     "UpdateType": "Mutable"
    },
    "TimestampPartition": {
     "Documentation": "http://docs.aws.amazon.com/AWSCloudFormation/latest/UserGuide/aws-properties-iotanalytics-datastore-datastorepartition.html#cfn-iotanalytics-datastore-datastorepartition-timestamppartition",
     "Required": false,
     "Type": "TimestampPartition",
     "UpdateType": "Mutable"
    }
   }
  }
 },
 {
  "op": "add",
  "path": "/PropertyTypes/AWS::IoTAnalytics::Datastore.DatastorePartitions",
  "value": {
   "Documentation": "http://docs.aws.amazon.com/AWSCloudFormation/latest/UserGuide/aws-properties-iotanalytics-datastore-datastorepartitions.html",
   "Properties": {
    "Partitions": {
     "Documentation": "http://docs.aws.amazon.com/AWSCloudFormation/latest/UserGuide/aws-properties-iotanalytics-datastore-datastorepartitions.html#cfn-iotanalytics-datastore-datastorepartitions-partitions",
     "ItemType": "DatastorePartition",
     "Required": false,
     "Type": "List",
     "UpdateType": "Mutable"
    }
   }
  }
 },
 {
  "op": "add",
  "path": "/PropertyTypes/AWS::IoTAnalytics::Datastore.DatastoreStorage",
  "value": {
   "Documentation": "http://docs.aws.amazon.com/AWSCloudFormation/latest/UserGuide/aws-properties-iotanalytics-datastore-datastorestorage.html",
   "Properties": {
    "CustomerManagedS3": {
     "Documentation": "http://docs.aws.amazon.com/AWSCloudFormation/latest/UserGuide/aws-properties-iotanalytics-datastore-datastorestorage.html#cfn-iotanalytics-datastore-datastorestorage-customermanageds3",
     "Required": false,
     "Type": "CustomerManagedS3",
     "UpdateType": "Mutable"
    },
    "IotSiteWiseMultiLayerStorage": {
     "Documentation": "http://docs.aws.amazon.com/AWSCloudFormation/latest/UserGuide/aws-properties-iotanalytics-datastore-datastorestorage.html#cfn-iotanalytics-datastore-datastorestorage-iotsitewisemultilayerstorage",
     "Required": false,
     "Type": "IotSiteWiseMultiLayerStorage",
     "UpdateType": "Mutable"
    },
    "ServiceManagedS3": {
     "Documentation": "http://docs.aws.amazon.com/AWSCloudFormation/latest/UserGuide/aws-properties-iotanalytics-datastore-datastorestorage.html#cfn-iotanalytics-datastore-datastorestorage-servicemanageds3",
     "Required": false,
     "Type": "ServiceManagedS3",
     "UpdateType": "Mutable"
    }
   }
  }
 },
 {
  "op": "add",
  "path": "/PropertyTypes/AWS::IoTAnalytics::Datastore.FileFormatConfiguration",
  "value": {
   "Documentation": "http://docs.aws.amazon.com/AWSCloudFormation/latest/UserGuide/aws-properties-iotanalytics-datastore-fileformatconfiguration.html",
   "Properties": {
    "JsonConfiguration": {
     "Documentation": "http://docs.aws.amazon.com/AWSCloudFormation/latest/UserGuide/aws-properties-iotanalytics-datastore-fileformatconfiguration.html#cfn-iotanalytics-datastore-fileformatconfiguration-jsonconfiguration",
     "Required": false,
     "Type": "JsonConfiguration",
     "UpdateType": "Mutable"
    },
    "ParquetConfiguration": {
     "Documentation": "http://docs.aws.amazon.com/AWSCloudFormation/latest/UserGuide/aws-properties-iotanalytics-datastore-fileformatconfiguration.html#cfn-iotanalytics-datastore-fileformatconfiguration-parquetconfiguration",
     "Required": false,
     "Type": "ParquetConfiguration",
     "UpdateType": "Mutable"
    }
   }
  }
 },
 {
  "op": "add",
  "path": "/PropertyTypes/AWS::IoTAnalytics::Datastore.IotSiteWiseMultiLayerStorage",
  "value": {
   "Documentation": "http://docs.aws.amazon.com/AWSCloudFormation/latest/UserGuide/aws-properties-iotanalytics-datastore-iotsitewisemultilayerstorage.html",
   "Properties": {
    "CustomerManagedS3Storage": {
     "Documentation": "http://docs.aws.amazon.com/AWSCloudFormation/latest/UserGuide/aws-properties-iotanalytics-datastore-iotsitewisemultilayerstorage.html#cfn-iotanalytics-datastore-iotsitewisemultilayerstorage-customermanageds3storage",
     "Required": true,
     "Type": "CustomerManagedS3Storage",
     "UpdateType": "Mutable"
    }
   }
  }
 },
 {
  "op": "add",
  "path": "/PropertyTypes/AWS::IoTAnalytics::Datastore.JsonConfiguration",
  "value": {
   "Documentation": "http://docs.aws.amazon.com/AWSCloudFormation/latest/UserGuide/aws-properties-iotanalytics-datastore-jsonconfiguration.html",
   "Properties": {}
  }
 },
 {
  "op": "add",
  "path": "/PropertyTypes/AWS::IoTAnalytics::Datastore.ParquetConfiguration",
  "value": {
   "Documentation": "http://docs.aws.amazon.com/AWSCloudFormation/latest/UserGuide/aws-properties-iotanalytics-datastore-parquetconfiguration.html",
   "Properties": {
    "SchemaDefinition": {
     "Documentation": "http://docs.aws.amazon.com/AWSCloudFormation/latest/UserGuide/aws-properties-iotanalytics-datastore-parquetconfiguration.html#cfn-iotanalytics-datastore-parquetconfiguration-schemadefinition",
     "Required": false,
     "Type": "SchemaDefinition",
     "UpdateType": "Mutable"
    }
   }
  }
 },
 {
  "op": "add",
  "path": "/PropertyTypes/AWS::IoTAnalytics::Datastore.Partition",
  "value": {
   "Documentation": "http://docs.aws.amazon.com/AWSCloudFormation/latest/UserGuide/aws-properties-iotanalytics-datastore-partition.html",
   "Properties": {
    "AttributeName": {
     "Documentation": "http://docs.aws.amazon.com/AWSCloudFormation/latest/UserGuide/aws-properties-iotanalytics-datastore-partition.html#cfn-iotanalytics-datastore-partition-attributename",
     "PrimitiveType": "String",
     "Required": true,
     "UpdateType": "Mutable"
    }
   }
  }
 },
 {
  "op": "add",
  "path": "/PropertyTypes/AWS::IoTAnalytics::Datastore.RetentionPeriod",
  "value": {
   "Documentation": "http://docs.aws.amazon.com/AWSCloudFormation/latest/UserGuide/aws-properties-iotanalytics-datastore-retentionperiod.html",
   "Properties": {
    "NumberOfDays": {
     "Documentation": "http://docs.aws.amazon.com/AWSCloudFormation/latest/UserGuide/aws-properties-iotanalytics-datastore-retentionperiod.html#cfn-iotanalytics-datastore-retentionperiod-numberofdays",
     "PrimitiveType": "Integer",
     "Required": false,
     "UpdateType": "Mutable"
    },
    "Unlimited": {
     "Documentation": "http://docs.aws.amazon.com/AWSCloudFormation/latest/UserGuide/aws-properties-iotanalytics-datastore-retentionperiod.html#cfn-iotanalytics-datastore-retentionperiod-unlimited",
     "PrimitiveType": "Boolean",
     "Required": false,
     "UpdateType": "Mutable"
    }
   }
  }
 },
 {
  "op": "add",
  "path": "/PropertyTypes/AWS::IoTAnalytics::Datastore.SchemaDefinition",
  "value": {
   "Documentation": "http://docs.aws.amazon.com/AWSCloudFormation/latest/UserGuide/aws-properties-iotanalytics-datastore-schemadefinition.html",
   "Properties": {
    "Columns": {
     "Documentation": "http://docs.aws.amazon.com/AWSCloudFormation/latest/UserGuide/aws-properties-iotanalytics-datastore-schemadefinition.html#cfn-iotanalytics-datastore-schemadefinition-columns",
     "ItemType": "Column",
     "Required": false,
     "Type": "List",
     "UpdateType": "Mutable"
    }
   }
  }
 },
 {
  "op": "add",
  "path": "/PropertyTypes/AWS::IoTAnalytics::Datastore.ServiceManagedS3",
  "value": {
   "Documentation": "http://docs.aws.amazon.com/AWSCloudFormation/latest/UserGuide/aws-properties-iotanalytics-datastore-servicemanageds3.html",
   "Properties": {}
  }
 },
 {
  "op": "add",
  "path": "/PropertyTypes/AWS::IoTAnalytics::Datastore.TimestampPartition",
  "value": {
   "Documentation": "http://docs.aws.amazon.com/AWSCloudFormation/latest/UserGuide/aws-properties-iotanalytics-datastore-timestamppartition.html",
   "Properties": {
    "AttributeName": {
     "Documentation": "http://docs.aws.amazon.com/AWSCloudFormation/latest/UserGuide/aws-properties-iotanalytics-datastore-timestamppartition.html#cfn-iotanalytics-datastore-timestamppartition-attributename",
     "PrimitiveType": "String",
     "Required": true,
     "UpdateType": "Mutable"
    },
    "TimestampFormat": {
     "Documentation": "http://docs.aws.amazon.com/AWSCloudFormation/latest/UserGuide/aws-properties-iotanalytics-datastore-timestamppartition.html#cfn-iotanalytics-datastore-timestamppartition-timestampformat",
     "PrimitiveType": "String",
     "Required": false,
     "UpdateType": "Mutable"
    }
   }
  }
 },
 {
  "op": "add",
  "path": "/PropertyTypes/AWS::IoTAnalytics::Pipeline.Activity",
  "value": {
   "Documentation": "http://docs.aws.amazon.com/AWSCloudFormation/latest/UserGuide/aws-properties-iotanalytics-pipeline-activity.html",
   "Properties": {
    "AddAttributes": {
     "Documentation": "http://docs.aws.amazon.com/AWSCloudFormation/latest/UserGuide/aws-properties-iotanalytics-pipeline-activity.html#cfn-iotanalytics-pipeline-activity-addattributes",
     "Required": false,
     "Type": "AddAttributes",
     "UpdateType": "Mutable"
    },
    "Channel": {
     "Documentation": "http://docs.aws.amazon.com/AWSCloudFormation/latest/UserGuide/aws-properties-iotanalytics-pipeline-activity.html#cfn-iotanalytics-pipeline-activity-channel",
     "Required": false,
     "Type": "Channel",
     "UpdateType": "Mutable"
    },
    "Datastore": {
     "Documentation": "http://docs.aws.amazon.com/AWSCloudFormation/latest/UserGuide/aws-properties-iotanalytics-pipeline-activity.html#cfn-iotanalytics-pipeline-activity-datastore",
     "Required": false,
     "Type": "Datastore",
     "UpdateType": "Mutable"
    },
    "DeviceRegistryEnrich": {
     "Documentation": "http://docs.aws.amazon.com/AWSCloudFormation/latest/UserGuide/aws-properties-iotanalytics-pipeline-activity.html#cfn-iotanalytics-pipeline-activity-deviceregistryenrich",
     "Required": false,
     "Type": "DeviceRegistryEnrich",
     "UpdateType": "Mutable"
    },
    "DeviceShadowEnrich": {
     "Documentation": "http://docs.aws.amazon.com/AWSCloudFormation/latest/UserGuide/aws-properties-iotanalytics-pipeline-activity.html#cfn-iotanalytics-pipeline-activity-deviceshadowenrich",
     "Required": false,
     "Type": "DeviceShadowEnrich",
     "UpdateType": "Mutable"
    },
    "Filter": {
     "Documentation": "http://docs.aws.amazon.com/AWSCloudFormation/latest/UserGuide/aws-properties-iotanalytics-pipeline-activity.html#cfn-iotanalytics-pipeline-activity-filter",
     "Required": false,
     "Type": "Filter",
     "UpdateType": "Mutable"
    },
    "Lambda": {
     "Documentation": "http://docs.aws.amazon.com/AWSCloudFormation/latest/UserGuide/aws-properties-iotanalytics-pipeline-activity.html#cfn-iotanalytics-pipeline-activity-lambda",
     "Required": false,
     "Type": "Lambda",
     "UpdateType": "Mutable"
    },
    "Math": {
     "Documentation": "http://docs.aws.amazon.com/AWSCloudFormation/latest/UserGuide/aws-properties-iotanalytics-pipeline-activity.html#cfn-iotanalytics-pipeline-activity-math",
     "Required": false,
     "Type": "Math",
     "UpdateType": "Mutable"
    },
    "RemoveAttributes": {
     "Documentation": "http://docs.aws.amazon.com/AWSCloudFormation/latest/UserGuide/aws-properties-iotanalytics-pipeline-activity.html#cfn-iotanalytics-pipeline-activity-removeattributes",
     "Required": false,
     "Type": "RemoveAttributes",
     "UpdateType": "Mutable"
    },
    "SelectAttributes": {
     "Documentation": "http://docs.aws.amazon.com/AWSCloudFormation/latest/UserGuide/aws-properties-iotanalytics-pipeline-activity.html#cfn-iotanalytics-pipeline-activity-selectattributes",
     "Required": false,
     "Type": "SelectAttributes",
     "UpdateType": "Mutable"
    }
   }
  }
 },
 {
  "op": "add",
  "path": "/PropertyTypes/AWS::IoTAnalytics::Pipeline.AddAttributes",
  "value": {
   "Documentation": "http://docs.aws.amazon.com/AWSCloudFormation/latest/UserGuide/aws-properties-iotanalytics-pipeline-addattributes.html",
   "Properties": {
    "Attributes": {
     "Documentation": "http://docs.aws.amazon.com/AWSCloudFormation/latest/UserGuide/aws-properties-iotanalytics-pipeline-addattributes.html#cfn-iotanalytics-pipeline-addattributes-attributes",
     "PrimitiveType": "Json",
     "Required": false,
     "UpdateType": "Mutable"
    },
    "Name": {
     "Documentation": "http://docs.aws.amazon.com/AWSCloudFormation/latest/UserGuide/aws-properties-iotanalytics-pipeline-addattributes.html#cfn-iotanalytics-pipeline-addattributes-name",
     "PrimitiveType": "String",
     "Required": false,
     "UpdateType": "Mutable"
    },
    "Next": {
     "Documentation": "http://docs.aws.amazon.com/AWSCloudFormation/latest/UserGuide/aws-properties-iotanalytics-pipeline-addattributes.html#cfn-iotanalytics-pipeline-addattributes-next",
     "PrimitiveType": "String",
     "Required": false,
     "UpdateType": "Mutable"
    }
   }
  }
 },
 {
  "op": "add",
  "path": "/PropertyTypes/AWS::IoTAnalytics::Pipeline.Channel",
  "value": {
   "Documentation": "http://docs.aws.amazon.com/AWSCloudFormation/latest/UserGuide/aws-properties-iotanalytics-pipeline-channel.html",
   "Properties": {
    "ChannelName": {
     "Documentation": "http://docs.aws.amazon.com/AWSCloudFormation/latest/UserGuide/aws-properties-iotanalytics-pipeline-channel.html#cfn-iotanalytics-pipeline-channel-channelname",
     "PrimitiveType": "String",
     "Required": false,
     "UpdateType": "Mutable"
    },
    "Name": {
     "Documentation": "http://docs.aws.amazon.com/AWSCloudFormation/latest/UserGuide/aws-properties-iotanalytics-pipeline-channel.html#cfn-iotanalytics-pipeline-channel-name",
     "PrimitiveType": "String",
     "Required": false,
     "UpdateType": "Mutable"
    },
    "Next": {
     "Documentation": "http://docs.aws.amazon.com/AWSCloudFormation/latest/UserGuide/aws-properties-iotanalytics-pipeline-channel.html#cfn-iotanalytics-pipeline-channel-next",
     "PrimitiveType": "String",
     "Required": false,
     "UpdateType": "Mutable"
    }
   }
  }
 },
 {
  "op": "add",
  "path": "/PropertyTypes/AWS::IoTAnalytics::Pipeline.Datastore",
  "value": {
   "Documentation": "http://docs.aws.amazon.com/AWSCloudFormation/latest/UserGuide/aws-properties-iotanalytics-pipeline-datastore.html",
   "Properties": {
    "DatastoreName": {
     "Documentation": "http://docs.aws.amazon.com/AWSCloudFormation/latest/UserGuide/aws-properties-iotanalytics-pipeline-datastore.html#cfn-iotanalytics-pipeline-datastore-datastorename",
     "PrimitiveType": "String",
     "Required": false,
     "UpdateType": "Mutable"
    },
    "Name": {
     "Documentation": "http://docs.aws.amazon.com/AWSCloudFormation/latest/UserGuide/aws-properties-iotanalytics-pipeline-datastore.html#cfn-iotanalytics-pipeline-datastore-name",
     "PrimitiveType": "String",
     "Required": false,
     "UpdateType": "Mutable"
    }
   }
  }
 },
 {
  "op": "add",
  "path": "/PropertyTypes/AWS::IoTAnalytics::Pipeline.DeviceRegistryEnrich",
  "value": {
   "Documentation": "http://docs.aws.amazon.com/AWSCloudFormation/latest/UserGuide/aws-properties-iotanalytics-pipeline-deviceregistryenrich.html",
   "Properties": {
    "Attribute": {
     "Documentation": "http://docs.aws.amazon.com/AWSCloudFormation/latest/UserGuide/aws-properties-iotanalytics-pipeline-deviceregistryenrich.html#cfn-iotanalytics-pipeline-deviceregistryenrich-attribute",
     "PrimitiveType": "String",
     "Required": false,
     "UpdateType": "Mutable"
    },
    "Name": {
     "Documentation": "http://docs.aws.amazon.com/AWSCloudFormation/latest/UserGuide/aws-properties-iotanalytics-pipeline-deviceregistryenrich.html#cfn-iotanalytics-pipeline-deviceregistryenrich-name",
     "PrimitiveType": "String",
     "Required": false,
     "UpdateType": "Mutable"
    },
    "Next": {
     "Documentation": "http://docs.aws.amazon.com/AWSCloudFormation/latest/UserGuide/aws-properties-iotanalytics-pipeline-deviceregistryenrich.html#cfn-iotanalytics-pipeline-deviceregistryenrich-next",
     "PrimitiveType": "String",
     "Required": false,
     "UpdateType": "Mutable"
    },
    "RoleArn": {
     "Documentation": "http://docs.aws.amazon.com/AWSCloudFormation/latest/UserGuide/aws-properties-iotanalytics-pipeline-deviceregistryenrich.html#cfn-iotanalytics-pipeline-deviceregistryenrich-rolearn",
     "PrimitiveType": "String",
     "Required": false,
     "UpdateType": "Mutable"
    },
    "ThingName": {
     "Documentation": "http://docs.aws.amazon.com/AWSCloudFormation/latest/UserGuide/aws-properties-iotanalytics-pipeline-deviceregistryenrich.html#cfn-iotanalytics-pipeline-deviceregistryenrich-thingname",
     "PrimitiveType": "String",
     "Required": false,
     "UpdateType": "Mutable"
    }
   }
  }
 },
 {
  "op": "add",
  "path": "/PropertyTypes/AWS::IoTAnalytics::Pipeline.DeviceShadowEnrich",
  "value": {
   "Documentation": "http://docs.aws.amazon.com/AWSCloudFormation/latest/UserGuide/aws-properties-iotanalytics-pipeline-deviceshadowenrich.html",
   "Properties": {
    "Attribute": {
     "Documentation": "http://docs.aws.amazon.com/AWSCloudFormation/latest/UserGuide/aws-properties-iotanalytics-pipeline-deviceshadowenrich.html#cfn-iotanalytics-pipeline-deviceshadowenrich-attribute",
     "PrimitiveType": "String",
     "Required": false,
     "UpdateType": "Mutable"
    },
    "Name": {
     "Documentation": "http://docs.aws.amazon.com/AWSCloudFormation/latest/UserGuide/aws-properties-iotanalytics-pipeline-deviceshadowenrich.html#cfn-iotanalytics-pipeline-deviceshadowenrich-name",
     "PrimitiveType": "String",
     "Required": false,
     "UpdateType": "Mutable"
    },
    "Next": {
     "Documentation": "http://docs.aws.amazon.com/AWSCloudFormation/latest/UserGuide/aws-properties-iotanalytics-pipeline-deviceshadowenrich.html#cfn-iotanalytics-pipeline-deviceshadowenrich-next",
     "PrimitiveType": "String",
     "Required": false,
     "UpdateType": "Mutable"
    },
    "RoleArn": {
     "Documentation": "http://docs.aws.amazon.com/AWSCloudFormation/latest/UserGuide/aws-properties-iotanalytics-pipeline-deviceshadowenrich.html#cfn-iotanalytics-pipeline-deviceshadowenrich-rolearn",
     "PrimitiveType": "String",
     "Required": false,
     "UpdateType": "Mutable"
    },
    "ThingName": {
     "Documentation": "http://docs.aws.amazon.com/AWSCloudFormation/latest/UserGuide/aws-properties-iotanalytics-pipeline-deviceshadowenrich.html#cfn-iotanalytics-pipeline-deviceshadowenrich-thingname",
     "PrimitiveType": "String",
     "Required": false,
     "UpdateType": "Mutable"
    }
   }
  }
 },
 {
  "op": "add",
  "path": "/PropertyTypes/AWS::IoTAnalytics::Pipeline.Filter",
  "value": {
   "Documentation": "http://docs.aws.amazon.com/AWSCloudFormation/latest/UserGuide/aws-properties-iotanalytics-pipeline-filter.html",
   "Properties": {
    "Filter": {
     "Documentation": "http://docs.aws.amazon.com/AWSCloudFormation/latest/UserGuide/aws-properties-iotanalytics-pipeline-filter.html#cfn-iotanalytics-pipeline-filter-filter",
     "PrimitiveType": "String",
     "Required": false,
     "UpdateType": "Mutable"
    },
    "Name": {
     "Documentation": "http://docs.aws.amazon.com/AWSCloudFormation/latest/UserGuide/aws-properties-iotanalytics-pipeline-filter.html#cfn-iotanalytics-pipeline-filter-name",
     "PrimitiveType": "String",
     "Required": false,
     "UpdateType": "Mutable"
    },
    "Next": {
     "Documentation": "http://docs.aws.amazon.com/AWSCloudFormation/latest/UserGuide/aws-properties-iotanalytics-pipeline-filter.html#cfn-iotanalytics-pipeline-filter-next",
     "PrimitiveType": "String",
     "Required": false,
     "UpdateType": "Mutable"
    }
   }
  }
 },
 {
  "op": "add",
  "path": "/PropertyTypes/AWS::IoTAnalytics::Pipeline.Lambda",
  "value": {
   "Documentation": "http://docs.aws.amazon.com/AWSCloudFormation/latest/UserGuide/aws-properties-iotanalytics-pipeline-lambda.html",
   "Properties": {
    "BatchSize": {
     "Documentation": "http://docs.aws.amazon.com/AWSCloudFormation/latest/UserGuide/aws-properties-iotanalytics-pipeline-lambda.html#cfn-iotanalytics-pipeline-lambda-batchsize",
     "PrimitiveType": "Integer",
     "Required": false,
     "UpdateType": "Mutable"
    },
    "LambdaName": {
     "Documentation": "http://docs.aws.amazon.com/AWSCloudFormation/latest/UserGuide/aws-properties-iotanalytics-pipeline-lambda.html#cfn-iotanalytics-pipeline-lambda-lambdaname",
     "PrimitiveType": "String",
     "Required": false,
     "UpdateType": "Mutable"
    },
    "Name": {
     "Documentation": "http://docs.aws.amazon.com/AWSCloudFormation/latest/UserGuide/aws-properties-iotanalytics-pipeline-lambda.html#cfn-iotanalytics-pipeline-lambda-name",
     "PrimitiveType": "String",
     "Required": false,
     "UpdateType": "Mutable"
    },
    "Next": {
     "Documentation": "http://docs.aws.amazon.com/AWSCloudFormation/latest/UserGuide/aws-properties-iotanalytics-pipeline-lambda.html#cfn-iotanalytics-pipeline-lambda-next",
     "PrimitiveType": "String",
     "Required": false,
     "UpdateType": "Mutable"
    }
   }
  }
 },
 {
  "op": "add",
  "path": "/PropertyTypes/AWS::IoTAnalytics::Pipeline.Math",
  "value": {
   "Documentation": "http://docs.aws.amazon.com/AWSCloudFormation/latest/UserGuide/aws-properties-iotanalytics-pipeline-math.html",
   "Properties": {
    "Attribute": {
     "Documentation": "http://docs.aws.amazon.com/AWSCloudFormation/latest/UserGuide/aws-properties-iotanalytics-pipeline-math.html#cfn-iotanalytics-pipeline-math-attribute",
     "PrimitiveType": "String",
     "Required": false,
     "UpdateType": "Mutable"
    },
    "Math": {
     "Documentation": "http://docs.aws.amazon.com/AWSCloudFormation/latest/UserGuide/aws-properties-iotanalytics-pipeline-math.html#cfn-iotanalytics-pipeline-math-math",
     "PrimitiveType": "String",
     "Required": false,
     "UpdateType": "Mutable"
    },
    "Name": {
     "Documentation": "http://docs.aws.amazon.com/AWSCloudFormation/latest/UserGuide/aws-properties-iotanalytics-pipeline-math.html#cfn-iotanalytics-pipeline-math-name",
     "PrimitiveType": "String",
     "Required": false,
     "UpdateType": "Mutable"
    },
    "Next": {
     "Documentation": "http://docs.aws.amazon.com/AWSCloudFormation/latest/UserGuide/aws-properties-iotanalytics-pipeline-math.html#cfn-iotanalytics-pipeline-math-next",
     "PrimitiveType": "String",
     "Required": false,
     "UpdateType": "Mutable"
    }
   }
  }
 },
 {
  "op": "add",
  "path": "/PropertyTypes/AWS::IoTAnalytics::Pipeline.RemoveAttributes",
  "value": {
   "Documentation": "http://docs.aws.amazon.com/AWSCloudFormation/latest/UserGuide/aws-properties-iotanalytics-pipeline-removeattributes.html",
   "Properties": {
    "Attributes": {
     "Documentation": "http://docs.aws.amazon.com/AWSCloudFormation/latest/UserGuide/aws-properties-iotanalytics-pipeline-removeattributes.html#cfn-iotanalytics-pipeline-removeattributes-attributes",
     "PrimitiveItemType": "String",
     "Required": false,
     "Type": "List",
     "UpdateType": "Mutable"
    },
    "Name": {
     "Documentation": "http://docs.aws.amazon.com/AWSCloudFormation/latest/UserGuide/aws-properties-iotanalytics-pipeline-removeattributes.html#cfn-iotanalytics-pipeline-removeattributes-name",
     "PrimitiveType": "String",
     "Required": false,
     "UpdateType": "Mutable"
    },
    "Next": {
     "Documentation": "http://docs.aws.amazon.com/AWSCloudFormation/latest/UserGuide/aws-properties-iotanalytics-pipeline-removeattributes.html#cfn-iotanalytics-pipeline-removeattributes-next",
     "PrimitiveType": "String",
     "Required": false,
     "UpdateType": "Mutable"
    }
   }
  }
 },
 {
  "op": "add",
  "path": "/PropertyTypes/AWS::IoTAnalytics::Pipeline.SelectAttributes",
  "value": {
   "Documentation": "http://docs.aws.amazon.com/AWSCloudFormation/latest/UserGuide/aws-properties-iotanalytics-pipeline-selectattributes.html",
   "Properties": {
    "Attributes": {
     "Documentation": "http://docs.aws.amazon.com/AWSCloudFormation/latest/UserGuide/aws-properties-iotanalytics-pipeline-selectattributes.html#cfn-iotanalytics-pipeline-selectattributes-attributes",
     "PrimitiveItemType": "String",
     "Required": false,
     "Type": "List",
     "UpdateType": "Mutable"
    },
    "Name": {
     "Documentation": "http://docs.aws.amazon.com/AWSCloudFormation/latest/UserGuide/aws-properties-iotanalytics-pipeline-selectattributes.html#cfn-iotanalytics-pipeline-selectattributes-name",
     "PrimitiveType": "String",
     "Required": false,
     "UpdateType": "Mutable"
    },
    "Next": {
     "Documentation": "http://docs.aws.amazon.com/AWSCloudFormation/latest/UserGuide/aws-properties-iotanalytics-pipeline-selectattributes.html#cfn-iotanalytics-pipeline-selectattributes-next",
     "PrimitiveType": "String",
     "Required": false,
     "UpdateType": "Mutable"
    }
   }
  }
 }
]