[
 {
  "op": "remove",
  "path": "/ResourceTypes/AWS::CodePipeline::CustomActionType"
 },
 {
  "op": "remove",
  "path": "/ResourceTypes/AWS::CodePipeline::Pipeline"
 },
 {
  "op": "remove",
  "path": "/ResourceTypes/AWS::DataPipeline::Pipeline"
 },
 {
  "op": "remove",
  "path": "/ResourceTypes/AWS::GameLift::Alias"
 },
 {
  "op": "remove",
  "path": "/ResourceTypes/AWS::GameLift::Build"
 },
 {
  "op": "remove",
  "path": "/ResourceTypes/AWS::GameLift::Fleet"
 },
 {
  "op": "remove",
  "path": "/ResourceTypes/AWS::IoT::Certificate"
 },
 {
  "op": "remove",
  "path": "/ResourceTypes/AWS::IoT::Policy"
 },
 {
  "op": "remove",
  "path": "/ResourceTypes/AWS::IoT::PolicyPrincipalAttachment"
 },
 {
  "op": "remove",
  "path": "/ResourceTypes/AWS::IoT::Thing"
 },
 {
  "op": "remove",
  "path": "/ResourceTypes/AWS::IoT::ThingPrincipalAttachment"
 },
 {
  "op": "remove",
  "path": "/ResourceTypes/AWS::IoT::TopicRule"
 },
 {
  "op": "remove",
  "path": "/ResourceTypes/AWS::OpsWorks::App"
 },
 {
  "op": "remove",
  "path": "/ResourceTypes/AWS::OpsWorks::ElasticLoadBalancerAttachment"
 },
 {
  "op": "remove",
  "path": "/ResourceTypes/AWS::OpsWorks::Instance"
 },
 {
  "op": "remove",
  "path": "/ResourceTypes/AWS::OpsWorks::Layer"
 },
 {
  "op": "remove",
  "path": "/ResourceTypes/AWS::OpsWorks::Stack"
 },
 {
  "op": "remove",
  "path": "/ResourceTypes/AWS::OpsWorks::UserProfile"
 },
 {
  "op": "remove",
  "path": "/ResourceTypes/AWS::OpsWorks::Volume"
 },
 {
  "op": "remove",
  "path": "/ResourceTypes/AWS::SDB::Domain"
 },
 {
  "op": "remove",
  "path": "/ResourceTypes/AWS::WorkSpaces::Workspace"
 },
 {
  "op": "remove",
  "path": "/PropertyTypes/AWS::CodePipeline::CustomActionType.ArtifactDetails"
 },
 {
  "op": "remove",
  "path": "/PropertyTypes/AWS::CodePipeline::CustomActionType.ConfigurationProperties"
 },
 {
  "op": "remove",
  "path": "/PropertyTypes/AWS::CodePipeline::CustomActionType.Settings"
 },
 {
  "op": "remove",
  "path": "/PropertyTypes/AWS::CodePipeline::Pipeline.ActionDeclaration"
 },
 {
  "op": "remove",
  "path": "/PropertyTypes/AWS::CodePipeline::Pipeline.ActionTypeId"
 },
 {
  "op": "remove",
  "path": "/PropertyTypes/AWS::CodePipeline::Pipeline.ArtifactStore"
 },
 {
  "op": "remove",
  "path": "/PropertyTypes/AWS::CodePipeline::Pipeline.ArtifactStoreMap"
 },
 {
  "op": "remove",
  "path": "/PropertyTypes/AWS::CodePipeline::Pipeline.BlockerDeclaration"
 },
 {
  "op": "remove",
  "path": "/PropertyTypes/AWS::CodePipeline::Pipeline.EncryptionKey"
 },
 {
  "op": "remove",
  "path": "/PropertyTypes/AWS::CodePipeline::Pipeline.InputArtifact"
 },
 {
  "op": "remove",
  "path": "/PropertyTypes/AWS::CodePipeline::Pipeline.OutputArtifact"
 },
 {
  "op": "remove",
  "path": "/PropertyTypes/AWS::CodePipeline::Pipeline.StageDeclaration"
 },
 {
  "op": "remove",
  "path": "/PropertyTypes/AWS::CodePipeline::Pipeline.StageTransition"
 },
 {
  "op": "remove",
  "path": "/PropertyTypes/AWS::DataPipeline::Pipeline.Field"
 },
 {
  "op": "remove",
  "path": "/PropertyTypes/AWS::DataPipeline::Pipeline.ParameterAttribute"
 },
 {
  "op": "remove",
  "path": "/PropertyTypes/AWS::DataPipeline::Pipeline.ParameterObject"
 },
 {
  "op": "remove",
  "path": "/PropertyTypes/AWS::DataPipeline::Pipeline.ParameterValue"
 },
 {
  "op": "remove",
  "path": "/PropertyTypes/AWS::DataPipeline::Pipeline.PipelineObject"
 },
 {
  "op": "remove",
  "path": "/PropertyTypes/AWS::DataPipeline::Pipeline.PipelineTag"
 },
 {
  "op": "remove",
  "path": "/PropertyTypes/AWS::GameLift::Alias.RoutingStrategy"
 },
 {
  "op": "remove",
  "path": "/PropertyTypes/AWS::GameLift::Build.S3Location"
 },
 {
  "op": "remove",
  "path": "/PropertyTypes/AWS::GameLift::Fleet.CertificateConfiguration"
 },
 {
  "op": "remove",
  "path": "/PropertyTypes/AWS::GameLift::Fleet.IpPermission"
 },
 {
  "op": "remove",
  "path": "/PropertyTypes/AWS::GameLift::Fleet.ResourceCreationLimitPolicy"
 },
 {
  "op": "remove",
  "path": "/PropertyTypes/AWS::GameLift::Fleet.RuntimeConfiguration"
 },
 {
  "op": "remove",
  "path": "/PropertyTypes/AWS::GameLift::Fleet.ServerProcess"
 },
 {
  "op": "remove",
  "path": "/PropertyTypes/AWS::IoT::Thing.AttributePayload"
 },
 {
  "op": "remove",
  "path": "/PropertyTypes/AWS::IoT::TopicRule.Action"
 },
 {
  "op": "remove",
  "path": "/PropertyTypes/AWS::IoT::TopicRule.AssetPropertyTimestamp"
 },
 {
  "op": "remove",
  "path": "/PropertyTypes/AWS::IoT::TopicRule.AssetPropertyValue"
 },
 {
  "op": "remove",
  "path": "/PropertyTypes/AWS::IoT::TopicRule.AssetPropertyVariant"
 },
 {
  "op": "remove",
  "path": "/PropertyTypes/AWS::IoT::TopicRule.CloudwatchAlarmAction"
 },
 {
  "op": "remove",
  "path": "/PropertyTypes/AWS::IoT::TopicRule.CloudwatchMetricAction"
 },
 {
  "op": "remove",
  "path": "/PropertyTypes/AWS::IoT::TopicRule.DynamoDBAction"
 },
 {
  "op": "remove",
  "path": "/PropertyTypes/AWS::IoT::TopicRule.DynamoDBv2Action"
 },
 {
  "op": "remove",
  "path": "/PropertyTypes/AWS::IoT::TopicRule.ElasticsearchAction"
 },
 {
  "op": "remove",
  "path": "/PropertyTypes/AWS::IoT::TopicRule.FirehoseAction"
 },
 {
  "op": "remove",
  "path": "/PropertyTypes/AWS::IoT::TopicRule.HttpAction"
 },
 {
  "op": "remove",
  "path": "/PropertyTypes/AWS::IoT::TopicRule.HttpActionHeader"
 },
 {
  "op": "remove",
  "path": "/PropertyTypes/AWS::IoT::TopicRule.HttpAuthorization"
 },
 {
  "op": "remove",
  "path": "/PropertyTypes/AWS::IoT::TopicRule.IotAnalyticsAction"
 },
 {
  "op": "remove",
  "path": "/PropertyTypes/AWS::IoT::TopicRule.IotEventsAction"
 },
 {
  "op": "remove",
  "path": "/PropertyTypes/AWS::IoT::TopicRule.IotSiteWiseAction"
 },
 {
  "op": "remove",
  "path": "/PropertyTypes/AWS::IoT::TopicRule.KinesisAction"
 },
 {
  "op": "remove",
  "path": "/PropertyTypes/AWS::IoT::TopicRule.LambdaAction"
 },
 {
  "op": "remove",
  "path": "/PropertyTypes/AWS::IoT::TopicRule.PutAssetPropertyValueEntry"
 },
 {
  "op": "remove",
  "path": "/PropertyTypes/AWS::IoT::TopicRule.PutItemInput"
 },
 {
  "op": "remove",
  "path": "/PropertyTypes/AWS::IoT::TopicRule.RepublishAction"
 },
 {
  "op": "remove",
  "path": "/PropertyTypes/AWS::IoT::TopicRule.S3Action"
 },
 {
  "op": "remove",
  "path": "/PropertyTypes/AWS::IoT::TopicRule.SigV4Authorization"
 },
 {
  "op": "remove",
  "path": "/PropertyTypes/AWS::IoT::TopicRule.SnsAction"
 },
 {
  "op": "remove",
  "path": "/PropertyTypes/AWS::IoT::TopicRule.SqsAction"
 },
 {
  "op": "remove",
  "path": "/PropertyTypes/AWS::IoT::TopicRule.StepFunctionsAction"
 },
 {
  "op": "remove",
  "path": "/PropertyTypes/AWS::IoT::TopicRule.TopicRulePayload"
 },
 {
  "op": "remove",
  "path": "/PropertyTypes/AWS::OpsWorks::App.DataSource"
 },
 {
  "op": "remove",
  "path": "/PropertyTypes/AWS::OpsWorks::App.EnvironmentVariable"
 },
 {
  "op": "remove",
  "path": "/PropertyTypes/AWS::OpsWorks::App.Source"
 },
 {
  "op": "remove",
  "path": "/PropertyTypes/AWS::OpsWorks::App.SslConfiguration"
 },
 {
  "op": "remove",
  "path": "/PropertyTypes/AWS::OpsWorks::Instance.BlockDeviceMapping"
 },
 {
  "op": "remove",
  "path": "/PropertyTypes/AWS::OpsWorks::Instance.EbsBlockDevice"
 },
 {
  "op": "remove",
  "path": "/PropertyTypes/AWS::OpsWorks::Instance.TimeBasedAutoScaling"
 },
 {
  "op": "remove",
  "path": "/PropertyTypes/AWS::OpsWorks::Layer.AutoScalingThresholds"
 },
 {
  "op": "remove",
  "path": "/PropertyTypes/AWS::OpsWorks::Layer.LifecycleEventConfiguration"
 },
 {
  "op": "remove",
  "path": "/PropertyTypes/AWS::OpsWorks::Layer.LoadBasedAutoScaling"
 },
 {
  "op": "remove",
  "path": "/PropertyTypes/AWS::OpsWorks::Layer.Recipes"
 },
 {
  "op": "remove",
  "path": "/PropertyTypes/AWS::OpsWorks::Layer.ShutdownEventConfiguration"
 },
 {
  "op": "remove",
  "path": "/PropertyTypes/AWS::OpsWorks::Layer.VolumeConfiguration"
 },
 {
  "op": "remove",
  "path": "/PropertyTypes/AWS::OpsWorks::Stack.ChefConfiguration"
 },
 {
  "op": "remove",
  "path": "/PropertyTypes/AWS::OpsWorks::Stack.ElasticIp"
 },
 {
  "op": "remove",
  "path": "/PropertyTypes/AWS::OpsWorks::Stack.RdsDbInstance"
 },
 {
  "op": "remove",
  "path": "/PropertyTypes/AWS::OpsWorks::Stack.Source"
 },
 {
  "op": "remove",
  "path": "/PropertyTypes/AWS::OpsWorks::Stack.StackConfigurationManager"
 },
 {
  "op": "remove",
  "path": "/PropertyTypes/AWS::WorkSpaces::Workspace.WorkspaceProperties"
 }
]