[
 {
  "op": "remove",
  "path": "/ResourceTypes/AWS::CodePipeline::CustomActionType"
 },
 {
  "op": "remove",
  "path": "/ResourceTypes/AWS::CodePipeline::Pipeline"
 },
 {
  "op": "remove",
  "path": "/ResourceTypes/AWS::DataPipeline::Pipeline"
 },
 {
  "op": "remove",
  "path": "/ResourceTypes/AWS::OpsWorks::App"
 },
 {
  "op": "remove",
  "path": "/ResourceTypes/AWS::OpsWorks::ElasticLoadBalancerAttachment"
 },
 {
  "op": "remove",
  "path": "/ResourceTypes/AWS::OpsWorks::Instance"
 },
 {
  "op": "remove",
  "path": "/ResourceTypes/AWS::OpsWorks::Layer"
 },
 {
  "op": "remove",
  "path": "/ResourceTypes/AWS::OpsWorks::Stack"
 },
 {
  "op": "remove",
  "path": "/ResourceTypes/AWS::OpsWorks::UserProfile"
 },
 {
  "op": "remove",
  "path": "/ResourceTypes/AWS::OpsWorks::Volume"
 },
 {
  "op": "remove",
  "path": "/ResourceTypes/AWS::SDB::Domain"
 },
 {
  "op": "remove",
  "path": "/ResourceTypes/AWS::WorkSpaces::Workspace"
 },
 {
  "op": "remove",
  "path": "/PropertyTypes/AWS::CodePipeline::CustomActionType.ArtifactDetails"
 },
 {
  "op": "remove",
  "path": "/PropertyTypes/AWS::CodePipeline::CustomActionType.ConfigurationProperties"
 },
 {
  "op": "remove",
  "path": "/PropertyTypes/AWS::CodePipeline::CustomActionType.Settings"
 },
 {
  "op": "remove",
  "path": "/PropertyTypes/AWS::CodePipeline::Pipeline.ActionDeclaration"
 },
 {
  "op": "remove",
  "path": "/PropertyTypes/AWS::CodePipeline::Pipeline.ActionTypeId"
 },
 {
  "op": "remove",
  "path": "/PropertyTypes/AWS::CodePipeline::Pipeline.ArtifactStore"
 },
 {
  "op": "remove",
  "path": "/PropertyTypes/AWS::CodePipeline::Pipeline.ArtifactStoreMap"
 },
 {
  "op": "remove",
  "path": "/PropertyTypes/AWS::CodePipeline::Pipeline.BlockerDeclaration"
 },
 {
  "op": "remove",
  "path": "/PropertyTypes/AWS::CodePipeline::Pipeline.EncryptionKey"
 },
 {
  "op": "remove",
  "path": "/PropertyTypes/AWS::CodePipeline::Pipeline.InputArtifact"
 },
 {
  "op": "remove",
  "path": "/PropertyTypes/AWS::CodePipeline::Pipeline.OutputArtifact"
 },
 {
  "op": "remove",
  "path": "/PropertyTypes/AWS::CodePipeline::Pipeline.StageDeclaration"
 },
 {
  "op": "remove",
  "path": "/PropertyTypes/AWS::CodePipeline::Pipeline.StageTransition"
 },
 {
  "op": "remove",
  "path": "/PropertyTypes/AWS::DataPipeline::Pipeline.Field"
 },
 {
  "op": "remove",
  "path": "/PropertyTypes/AWS::DataPipeline::Pipeline.ParameterAttribute"
 },
 {
  "op": "remove",
  "path": "/PropertyTypes/AWS::DataPipeline::Pipeline.ParameterObject"
 },
 {
  "op": "remove",
  "path": "/PropertyTypes/AWS::DataPipeline::Pipeline.ParameterValue"
 },
 {
  "op": "remove",
  "path": "/PropertyTypes/AWS::DataPipeline::Pipeline.PipelineObject"
 },
 {
  "op": "remove",
  "path": "/PropertyTypes/AWS::DataPipeline::Pipeline.PipelineTag"
 },
 {
  "op": "remove",
  "path": "/PropertyTypes/AWS::OpsWorks::App.DataSource"
 },
 {
  "op": "remove",
  "path": "/PropertyTypes/AWS::OpsWorks::App.EnvironmentVariable"
 },
 {
  "op": "remove",
  "path": "/PropertyTypes/AWS::OpsWorks::App.Source"
 },
 {
  "op": "remove",
  "path": "/PropertyTypes/AWS::OpsWorks::App.SslConfiguration"
 },
 {
  "op": "remove",
  "path": "/PropertyTypes/AWS::OpsWorks::Instance.BlockDeviceMapping"
 },
 {
  "op": "remove",
  "path": "/PropertyTypes/AWS::OpsWorks::Instance.EbsBlockDevice"
 },
 {
  "op": "remove",
  "path": "/PropertyTypes/AWS::OpsWorks::Instance.TimeBasedAutoScaling"
 },
 {
  "op": "remove",
  "path": "/PropertyTypes/AWS::OpsWorks::Layer.AutoScalingThresholds"
 },
 {
  "op": "remove",
  "path": "/PropertyTypes/AWS::OpsWorks::Layer.LifecycleEventConfiguration"
 },
 {
  "op": "remove",
  "path": "/PropertyTypes/AWS::OpsWorks::Layer.LoadBasedAutoScaling"
 },
 {
  "op": "remove",
  "path": "/PropertyTypes/AWS::OpsWorks::Layer.Recipes"
 },
 {
  "op": "remove",
  "path": "/PropertyTypes/AWS::OpsWorks::Layer.ShutdownEventConfiguration"
 },
 {
  "op": "remove",
  "path": "/PropertyTypes/AWS::OpsWorks::Layer.VolumeConfiguration"
 },
 {
  "op": "remove",
  "path": "/PropertyTypes/AWS::OpsWorks::Stack.ChefConfiguration"
 },
 {
  "op": "remove",
  "path": "/PropertyTypes/AWS::OpsWorks::Stack.ElasticIp"
 },
 {
  "op": "remove",
  "path": "/PropertyTypes/AWS::OpsWorks::Stack.RdsDbInstance"
 },
 {
  "op": "remove",
  "path": "/PropertyTypes/AWS::OpsWorks::Stack.Source"
 },
 {
  "op": "remove",
  "path": "/PropertyTypes/AWS::OpsWorks::Stack.StackConfigurationManager"
 },
 {
  "op": "remove",
  "path": "/PropertyTypes/AWS::WorkSpaces::Workspace.WorkspaceProperties"
 }
]