[
 {
  "op": "add",
  "path": "/ResourceTypes/AWS::SES::ConfigurationSet",
  "value": {
   "Documentation": "http://docs.aws.amazon.com/AWSCloudFormation/latest/UserGuide/aws-resource-ses-configurationset.html",
   "Properties": {
    "Name": {
     "Documentation": "http://docs.aws.amazon.com/AWSCloudFormation/latest/UserGuide/aws-resource-ses-configurationset.html#cfn-ses-configurationset-name",
     "PrimitiveType": "String",
     "Required": false,
     "UpdateType": "Immutable"
    }
   }
  }
 },
 {
  "op": "add",
  "path": "/ResourceTypes/AWS::SES::ConfigurationSetEventDestination",
  "value": {
   "Documentation": "http://docs.aws.amazon.com/AWSCloudFormation/latest/UserGuide/aws-resource-ses-configurationseteventdestination.html",
   "Properties": {
    "ConfigurationSetName": {
     "Documentation": "http://docs.aws.amazon.com/AWSCloudFormation/latest/UserGuide/aws-resource-ses-configurationseteventdestination.html#cfn-ses-configurationseteventdestination-configurationsetname",
     "PrimitiveType": "String",
     "Required": true,
     "UpdateType": "Immutable"
    },
    "EventDestination": {
     "Documentation": "http://docs.aws.amazon.com/AWSCloudFormation/latest/UserGuide/aws-resource-ses-configurationseteventdestination.html#cfn-ses-configurationseteventdestination-eventdestination",
     "Required": true,
     "Type": "EventDestination",
     "UpdateType": "Mutable"
    }
   }
  }
 },
 {
  "op": "add",
  "path": "/ResourceTypes/AWS::SES::ContactList",
  "value": {
   "Documentation": "http://docs.aws.amazon.com/AWSCloudFormation/latest/UserGuide/aws-resource-ses-contactlist.html",
   "Properties": {
    "ContactListName": {
     "Documentation": "http://docs.aws.amazon.com/AWSCloudFormation/latest/UserGuide/aws-resource-ses-contactlist.html#cfn-ses-contactlist-contactlistname",
     "PrimitiveType": "String",
     "Required": false,
     "UpdateType": "Immutable"
    },
    "Description": {
     "Documentation": "http://docs.aws.amazon.com/AWSCloudFormation/latest/UserGuide/aws-resource-ses-contactlist.html#cfn-ses-contactlist-description",
     "PrimitiveType": "String",
     "Required": false,
     "UpdateType": "Mutable"
    },
    "Tags": {
     "Documentation": "http://docs.aws.amazon.com/AWSCloudFormation/latest/UserGuide/aws-resource-ses-contactlist.html#cfn-ses-contactlist-tags",
     "ItemType": "Tag",
     "Required": false,
     "Type": "List",
     "UpdateType": "Mutable"
    },
    "Topics": {
     "Documentation": "http://docs.aws.amazon.com/AWSCloudFormation/latest/UserGuide/aws-resource-ses-contactlist.html#cfn-ses-contactlist-topics",
     "ItemType": "Topic",
     "Required": false,
     "Type": "List",
     "UpdateType": "Mutable"
    }
   }
  }
 },
 {
  "op": "add",
  "path": "/ResourceTypes/AWS::SES::ReceiptFilter",
  "value": {
   "Documentation": "http://docs.aws.amazon.com/AWSCloudFormation/latest/UserGuide/aws-resource-ses-receiptfilter.html",
   "Properties": {
    "Filter": {
     "Documentation": "http://docs.aws.amazon.com/AWSCloudFormation/latest/UserGuide/aws-resource-ses-receiptfilter.html#cfn-ses-receiptfilter-filter",
     "Required": true,
     "Type": "Filter",
     "UpdateType": "Immutable"
    }
   }
  }
 },
 {
  "op": "add",
  "path": "/ResourceTypes/AWS::SES::ReceiptRule",
  "value": {
   "Documentation": "http://docs.aws.amazon.com/AWSCloudFormation/latest/UserGuide/aws-resource-ses-receiptrule.html",
   "Properties": {
    "After": {
     "Documentation": "http://docs.aws.amazon.com/AWSCloudFormation/latest/UserGuide/aws-resource-ses-receiptrule.html#cfn-ses-receiptrule-after",
     "PrimitiveType": "String",
     "Required": false,
     "UpdateType": "Mutable"
    },
    "Rule": {
     "Documentation": "http://docs.aws.amazon.com/AWSCloudFormation/latest/UserGuide/aws-resource-ses-receiptrule.html#cfn-ses-receiptrule-rule",
     "Required": true,
     "Type": "Rule",
     "UpdateType": "Mutable"
    },
    "RuleSetName": {
     "Documentation": "http://docs.aws.amazon.com/AWSCloudFormation/latest/UserGuide/aws-resource-ses-receiptrule.html#cfn-ses-receiptrule-rulesetname",
     "PrimitiveType": "String",
     "Required": true,
     "UpdateType": "Immutable"
    }
   }
  }
 },
 {
  "op": "add",
  "path": "/ResourceTypes/AWS::SES::ReceiptRuleSet",
  "value": {
   "Documentation": "http://docs.aws.amazon.com/AWSCloudFormation/latest/UserGuide/aws-resource-ses-receiptruleset.html",
   "Properties": {
    "RuleSetName": {
     "Documentation": "http://docs.aws.amazon.com/AWSCloudFormation/latest/UserGuide/aws-resource-ses-receiptruleset.html#cfn-ses-receiptruleset-rulesetname",
     "PrimitiveType": "String",
     "Required": false,
     "UpdateType": "Immutable"
    }
   }
  }
 },
 {
  "op": "add",
  "path": "/ResourceTypes/AWS::SES::Template",
  "value": {
   "Documentation": "http://docs.aws.amazon.com/AWSCloudFormation/latest/UserGuide/aws-resource-ses-template.html",
   "Properties": {
    "Template": {
     "Documentation": "http://docs.aws.amazon.com/AWSCloudFormation/latest/UserGuide/aws-resource-ses-template.html#cfn-ses-template-template",
     "Required": false,
     "Type": "Template",
     "UpdateType": "Mutable"
    }
   }
  }
 },
 {
  "op": "add",
  "path": "/PropertyTypes/AWS::SES::ConfigurationSetEventDestination.CloudWatchDestination",
  "value": {
   "Documentation": "http://docs.aws.amazon.com/AWSCloudFormation/latest/UserGuide/aws-properties-ses-configurationseteventdestination-cloudwatchdestination.html",
   "Properties": {
    "DimensionConfigurations": {
     "Documentation": "http://docs.aws.amazon.com/AWSCloudFormation/latest/UserGuide/aws-properties-ses-configurationseteventdestination-cloudwatchdestination.html#cfn-ses-configurationseteventdestination-cloudwatchdestination-dimensionconfigurations",
     "ItemType": "DimensionConfiguration",
     "Required": false,
     "Type": "List",
     "UpdateType": "Mutable"
    }
   }
  }
 },
 {
  "op": "add",
  "path": "/PropertyTypes/AWS::SES::ConfigurationSetEventDestination.DimensionConfiguration",
  "value": {
   "Documentation": "http://docs.aws.amazon.com/AWSCloudFormation/latest/UserGuide/aws-properties-ses-configurationseteventdestination-dimensionconfiguration.html",
   "Properties": {
    "DefaultDimensionValue": {
     "Documentation": "http://docs.aws.amazon.com/AWSCloudFormation/latest/UserGuide/aws-properties-ses-configurationseteventdestination-dimensionconfiguration.html#cfn-ses-configurationseteventdestination-dimensionconfiguration-defaultdimensionvalue",
     "PrimitiveType": "String",
     "Required": true,
     "UpdateType": "Mutable"
    },
    "DimensionName": {
     "Documentation": "http://docs.aws.amazon.com/AWSCloudFormation/latest/UserGuide/aws-properties-ses-configurationseteventdestination-dimensionconfiguration.html#cfn-ses-configurationseteventdestination-dimensionconfiguration-dimensionname",
     "PrimitiveType": "String",
     "Required": true,
     "UpdateType": "Mutable"
    },
    "DimensionValueSource": {
     "Documentation": "http://docs.aws.amazon.com/AWSCloudFormation/latest/UserGuide/aws-properties-ses-configurationseteventdestination-dimensionconfiguration.html#cfn-ses-configurationseteventdestination-dimensionconfiguration-dimensionvaluesource",
     "PrimitiveType": "String",
     "Required": true,
     "UpdateType": "Mutable"
    }
   }
  }
 },
 {
  "op": "add",
  "path": "/PropertyTypes/AWS::SES::ConfigurationSetEventDestination.EventDestination",
  "value": {
   "Documentation": "http://docs.aws.amazon.com/AWSCloudFormation/latest/UserGuide/aws-properties-ses-configurationseteventdestination-eventdestination.html",
   "Properties": {
    "CloudWatchDestination": {
     "Documentation": "http://docs.aws.amazon.com/AWSCloudFormation/latest/UserGuide/aws-properties-ses-configurationseteventdestination-eventdestination.html#cfn-ses-configurationseteventdestination-eventdestination-cloudwatchdestination",
     "Required": false,
     "Type": "CloudWatchDestination",
     "UpdateType": "Mutable"
    },
    "Enabled": {
     "Documentation": "http://docs.aws.amazon.com/AWSCloudFormation/latest/UserGuide/aws-properties-ses-configurationseteventdestination-eventdestination.html#cfn-ses-configurationseteventdestination-eventdestination-enabled",
     "PrimitiveType": "Boolean",
     "Required": false,
     "UpdateType": "Mutable"
    },
    "KinesisFirehoseDestination": {
     "Documentation": "http://docs.aws.amazon.com/AWSCloudFormation/latest/UserGuide/aws-properties-ses-configurationseteventdestination-eventdestination.html#cfn-ses-configurationseteventdestination-eventdestination-kinesisfirehosedestination",
     "Required": false,
     "Type": "KinesisFirehoseDestination",
     "UpdateType": "Mutable"
    },
    "MatchingEventTypes": {
     "Documentation": "http://docs.aws.amazon.com/AWSCloudFormation/latest/UserGuide/aws-properties-ses-configurationseteventdestination-eventdestination.html#cfn-ses-configurationseteventdestination-eventdestination-matchingeventtypes",
     "PrimitiveItemType": "String",
     "Required": true,
     "Type": "List",
     "UpdateType": "Mutable"
    },
    "Name": {
     "Documentation": "http://docs.aws.amazon.com/AWSCloudFormation/latest/UserGuide/aws-properties-ses-configurationseteventdestination-eventdestination.html#cfn-ses-configurationseteventdestination-eventdestination-name",
     "PrimitiveType": "String",
     "Required": false,
     "UpdateType": "Mutable"
    }
   }
  }
 },
 {
  "op": "add",
  "path": "/PropertyTypes/AWS::SES::ConfigurationSetEventDestination.KinesisFirehoseDestination",
  "value": {
   "Documentation": "http://docs.aws.amazon.com/AWSCloudFormation/latest/UserGuide/aws-properties-ses-configurationseteventdestination-kinesisfirehosedestination.html",
   "Properties": {
    "DeliveryStreamARN": {
     "Documentation": "http://docs.aws.amazon.com/AWSCloudFormation/latest/UserGuide/aws-properties-ses-configurationseteventdestination-kinesisfirehosedestination.html#cfn-ses-configurationseteventdestination-kinesisfirehosedestination-deliverystreamarn",
     "PrimitiveType": "String",
     "Required": true,
     "UpdateType": "Mutable"
    },
    "IAMRoleARN": {
     "Documentation": "http://docs.aws.amazon.com/AWSCloudFormation/latest/UserGuide/aws-properties-ses-configurationseteventdestination-kinesisfirehosedestination.html#cfn-ses-configurationseteventdestination-kinesisfirehosedestination-iamrolearn",
     "PrimitiveType": "String",
     "Required": true,
     "UpdateType": "Mutable"
    }
   }
  }
 },
 {
  "op": "add",
  "path": "/PropertyTypes/AWS::SES::ContactList.Topic",
  "value": {
   "Documentation": "http://docs.aws.amazon.com/AWSCloudFormation/latest/UserGuide/aws-properties-ses-contactlist-topic.html",
   "Properties": {
    "DefaultSubscriptionStatus": {
     "Documentation": "http://docs.aws.amazon.com/AWSCloudFormation/latest/UserGuide/aws-properties-ses-contactlist-topic.html#cfn-ses-contactlist-topic-defaultsubscriptionstatus",
     "PrimitiveType": "String",
     "Required": true,
     "UpdateType": "Mutable"
    },
    "Description": {
     "Documentation": "http://docs.aws.amazon.com/AWSCloudFormation/latest/UserGuide/aws-properties-ses-contactlist-topic.html#cfn-ses-contactlist-topic-description",
     "PrimitiveType": "String",
     "Required": false,
     "UpdateType": "Mutable"
    },
    "DisplayName": {
     "Documentation": "http://docs.aws.amazon.com/AWSCloudFormation/latest/UserGuide/aws-properties-ses-contactlist-topic.html#cfn-ses-contactlist-topic-displayname",
     "PrimitiveType": "String",
     "Required": true,
     "UpdateType": "Mutable"
    },
    "TopicName": {
     "Documentation": "http://docs.aws.amazon.com/AWSCloudFormation/latest/UserGuide/aws-properties-ses-contactlist-topic.html#cfn-ses-contactlist-topic-topicname",
     "PrimitiveType": "String",
     "Required": true,
     "UpdateType": "Mutable"
    }
   }
  }
 },
 {
  "op": "add",
  "path": "/PropertyTypes/AWS::SES::ReceiptFilter.Filter",
  "value": {
   "Documentation": "http://docs.aws.amazon.com/AWSCloudFormation/latest/UserGuide/aws-properties-ses-receiptfilter-filter.html",
   "Properties": {
    "IpFilter": {
     "Documentation": "http://docs.aws.amazon.com/AWSCloudFormation/latest/UserGuide/aws-properties-ses-receiptfilter-filter.html#cfn-ses-receiptfilter-filter-ipfilter",
     "Required": true,
     "Type": "IpFilter",
     "UpdateType": "Mutable"
    },
    "Name": {
     "Documentation": "http://docs.aws.amazon.com/AWSCloudFormation/latest/UserGuide/aws-properties-ses-receiptfilter-filter.html#cfn-ses-receiptfilter-filter-name",
     "PrimitiveType": "String",
     "Required": false,
     "UpdateType": "Mutable"
    }
   }
  }
 },
 {
  "op": "add",
  "path": "/PropertyTypes/AWS::SES::ReceiptFilter.IpFilter",
  "value": {
   "Documentation": "http://docs.aws.amazon.com/AWSCloudFormation/latest/UserGuide/aws-properties-ses-receiptfilter-ipfilter.html",
   "Properties": {
    "Cidr": {
     "Documentation": "http://docs.aws.amazon.com/AWSCloudFormation/latest/UserGuide/aws-properties-ses-receiptfilter-ipfilter.html#cfn-ses-receiptfilter-ipfilter-cidr",
     "PrimitiveType": "String",
     "Required": true,
     "UpdateType": "Mutable"
    },
    "Policy": {
     "Documentation": "http://docs.aws.amazon.com/AWSCloudFormation/latest/UserGuide/aws-properties-ses-receiptfilter-ipfilter.html#cfn-ses-receiptfilter-ipfilter-policy",
     "PrimitiveType": "String",
     "Required": true,
     "UpdateType": "Mutable"
    }
   }
  }
 },
 {
  "op": "add",
  "path": "/PropertyTypes/AWS::SES::ReceiptRule.Action",
  "value": {
   "Documentation": "http://docs.aws.amazon.com/AWSCloudFormation/latest/UserGuide/aws-properties-ses-receiptrule-action.html",
   "Properties": {
    "AddHeaderAction": {
     "Documentation": "http://docs.aws.amazon.com/AWSCloudFormation/latest/UserGuide/aws-properties-ses-receiptrule-action.html#cfn-ses-receiptrule-action-addheaderaction",
     "Required": false,
     "Type": "AddHeaderAction",
     "UpdateType": "Mutable"
    },
    "BounceAction": {
     "Documentation": "http://docs.aws.amazon.com/AWSCloudFormation/latest/UserGuide/aws-properties-ses-receiptrule-action.html#cfn-ses-receiptrule-action-bounceaction",
     "Required": false,
     "Type": "BounceAction",
     "UpdateType": "Mutable"
    },
    "LambdaAction": {
     "Documentation": "http://docs.aws.amazon.com/AWSCloudFormation/latest/UserGuide/aws-properties-ses-receiptrule-action.html#cfn-ses-receiptrule-action-lambdaaction",
     "Required": false,
     "Type": "LambdaAction",
     "UpdateType": "Mutable"
    },
    "S3Action": {
     "Documentation": "http://docs.aws.amazon.com/AWSCloudFormation/latest/UserGuide/aws-properties-ses-receiptrule-action.html#cfn-ses-receiptrule-action-s3action",
     "Required": false,
     "Type": "S3Action",
     "UpdateType": "Mutable"
    },
    "SNSAction": {
     "Documentation": "http://docs.aws.amazon.com/AWSCloudFormation/latest/UserGuide/aws-properties-ses-receiptrule-action.html#cfn-ses-receiptrule-action-snsaction",
     "Required": false,
     "Type": "SNSAction",
     "UpdateType": "Mutable"
    },
    "StopAction": {
     "Documentation": "http://docs.aws.amazon.com/AWSCloudFormation/latest/UserGuide/aws-properties-ses-receiptrule-action.html#cfn-ses-receiptrule-action-stopaction",
     "Required": false,
     "Type": "StopAction",
     "UpdateType": "Mutable"
    },
    "WorkmailAction": {
     "Documentation": "http://docs.aws.amazon.com/AWSCloudFormation/latest/UserGuide/aws-properties-ses-receiptrule-action.html#cfn-ses-receiptrule-action-workmailaction",
     "Required": false,
     "Type": "WorkmailAction",
     "UpdateType": "Mutable"
    }
   }
  }
 },
 {
  "op": "add",
  "path": "/PropertyTypes/AWS::SES::ReceiptRule.AddHeaderAction",
  "value": {
   "Documentation": "http://docs.aws.amazon.com/AWSCloudFormation/latest/UserGuide/aws-properties-ses-receiptrule-addheaderaction.html",
   "Properties": {
    "HeaderName": {
     "Documentation": "http://docs.aws.amazon.com/AWSCloudFormation/latest/UserGuide/aws-properties-ses-receiptrule-addheaderaction.html#cfn-ses-receiptrule-addheaderaction-headername",
     "PrimitiveType": "String",
     "Required": true,
     "UpdateType": "Mutable"
    },
    "HeaderValue": {
     "Documentation": "http://docs.aws.amazon.com/AWSCloudFormation/latest/UserGuide/aws-properties-ses-receiptrule-addheaderaction.html#cfn-ses-receiptrule-addheaderaction-headervalue",
     "PrimitiveType": "String",
     "Required": true,
     "UpdateType": "Mutable"
    }
   }
  }
 },
 {
  "op": "add",
  "path": "/PropertyTypes/AWS::SES::ReceiptRule.BounceAction",
  "value": {
   "Documentation": "http://docs.aws.amazon.com/AWSCloudFormation/latest/UserGuide/aws-properties-ses-receiptrule-bounceaction.html",
   "Properties": {
    "Message": {
     "Documentation": "http://docs.aws.amazon.com/AWSCloudFormation/latest/UserGuide/aws-properties-ses-receiptrule-bounceaction.html#cfn-ses-receiptrule-bounceaction-message",
     "PrimitiveType": "String",
     "Required": true,
     "UpdateType": "Mutable"
    },
    "Sender": {
     "Documentation": "http://docs.aws.amazon.com/AWSCloudFormation/latest/UserGuide/aws-properties-ses-receiptrule-bounceaction.html#cfn-ses-receiptrule-bounceaction-sender",
     "PrimitiveType": "String",
     "Required": true,
     "UpdateType": "Mutable"
    },
    "SmtpReplyCode": {
     "Documentation": "http://docs.aws.amazon.com/AWSCloudFormation/latest/UserGuide/aws-properties-ses-receiptrule-bounceaction.html#cfn-ses-receiptrule-bounceaction-smtpreplycode",
     "PrimitiveType": "String",
     "Required": true,
     "UpdateType": "Mutable"
    },
    "StatusCode": {
     "Documentation": "http://docs.aws.amazon.com/AWSCloudFormation/latest/UserGuide/aws-properties-ses-receiptrule-bounceaction.html#cfn-ses-receiptrule-bounceaction-statuscode",
     "PrimitiveType": "String",
     "Required": false,
     "UpdateType": "Mutable"
    },
    "TopicArn": {
     "Documentation": "http://docs.aws.amazon.com/AWSCloudFormation/latest/UserGuide/aws-properties-ses-receiptrule-bounceaction.html#cfn-ses-receiptrule-bounceaction-topicarn",
     "PrimitiveType": "String",
     "Required": false,
     "UpdateType": "Mutable"
    }
   }
  }
 },
 {
  "op": "add",
  "path": "/PropertyTypes/AWS::SES::ReceiptRule.LambdaAction",
  "value": {
   "Documentation": "http://docs.aws.amazon.com/AWSCloudFormation/latest/UserGuide/aws-properties-ses-receiptrule-lambdaaction.html",
   "Properties": {
    "FunctionArn": {
     "Documentation": "http://docs.aws.amazon.com/AWSCloudFormation/latest/UserGuide/aws-properties-ses-receiptrule-lambdaaction.html#cfn-ses-receiptrule-lambdaaction-functionarn",
     "PrimitiveType": "String",
     "Required": true,
     "UpdateType": "Mutable"
    },
    "InvocationType": {
     "Documentation": "http://docs.aws.amazon.com/AWSCloudFormation/latest/UserGuide/aws-properties-ses-receiptrule-lambdaaction.html#cfn-ses-receiptrule-lambdaaction-invocationtype",
     "PrimitiveType": "String",
     "Required": false,
     "UpdateType": "Mutable"
    },
    "TopicArn": {
     "Documentation": "http://docs.aws.amazon.com/AWSCloudFormation/latest/UserGuide/aws-properties-ses-receiptrule-lambdaaction.html#cfn-ses-receiptrule-lambdaaction-topicarn",
     "PrimitiveType": "String",
     "Required": false,
     "UpdateType": "Mutable"
    }
   }
  }
 },
 {
  "op": "add",
  "path": "/PropertyTypes/AWS::SES::ReceiptRule.Rule",
  "value": {
   "Documentation": "http://docs.aws.amazon.com/AWSCloudFormation/latest/UserGuide/aws-properties-ses-receiptrule-rule.html",
   "Properties": {
    "Actions": {
     "Documentation": "http://docs.aws.amazon.com/AWSCloudFormation/latest/UserGuide/aws-properties-ses-receiptrule-rule.html#cfn-ses-receiptrule-rule-actions",
     "ItemType": "Action",
     "Required": false,
     "Type": "List",
     "UpdateType": "Mutable"
    },
    "Enabled": {
     "Documentation": "http://docs.aws.amazon.com/AWSCloudFormation/latest/UserGuide/aws-properties-ses-receiptrule-rule.html#cfn-ses-receiptrule-rule-enabled",
     "PrimitiveType": "Boolean",
     "Required": false,
     "UpdateType": "Mutable"
    },
    "Name": {
     "Documentation": "http://docs.aws.amazon.com/AWSCloudFormation/latest/UserGuide/aws-properties-ses-receiptrule-rule.html#cfn-ses-receiptrule-rule-name",
     "PrimitiveType": "String",
     "Required": false,
     "UpdateType": "Immutable"
    },
    "Recipients": {
     "Documentation": "http://docs.aws.amazon.com/AWSCloudFormation/latest/UserGuide/aws-properties-ses-receiptrule-rule.html#cfn-ses-receiptrule-rule-recipients",
     "PrimitiveItemType": "String",
     "Required": false,
     "Type": "List",
     "UpdateType": "Mutable"
    },
    "ScanEnabled": {
     "Documentation": "http://docs.aws.amazon.com/AWSCloudFormation/latest/UserGuide/aws-properties-ses-receiptrule-rule.html#cfn-ses-receiptrule-rule-scanenabled",
     "PrimitiveType": "Boolean",
     "Required": false,
     "UpdateType": "Mutable"
    },
    "TlsPolicy": {
     "Documentation": "http://docs.aws.amazon.com/AWSCloudFormation/latest/UserGuide/aws-properties-ses-receiptrule-rule.html#cfn-ses-receiptrule-rule-tlspolicy",
     "PrimitiveType": "String",
     "Required": false,
     "UpdateType": "Mutable"
    }
   }
  }
 },
 {
  "op": "add",
  "path": "/PropertyTypes/AWS::SES::ReceiptRule.S3Action",
  "value": {
   "Documentation": "http://docs.aws.amazon.com/AWSCloudFormation/latest/UserGuide/aws-properties-ses-receiptrule-s3action.html",
   "Properties": {
    "BucketName": {
     "Documentation": "http://docs.aws.amazon.com/AWSCloudFormation/latest/UserGuide/aws-properties-ses-receiptrule-s3action.html#cfn-ses-receiptrule-s3action-bucketname",
     "PrimitiveType": "String",
     "Required": true,
     "UpdateType": "Mutable"
    },
    "KmsKeyArn": {
     "Documentation": "http://docs.aws.amazon.com/AWSCloudFormation/latest/UserGuide/aws-properties-ses-receiptrule-s3action.html#cfn-ses-receiptrule-s3action-kmskeyarn",
     "PrimitiveType": "String",
     "Required": false,
     "UpdateType": "Mutable"
    },
    "ObjectKeyPrefix": {
     "Documentation": "http://docs.aws.amazon.com/AWSCloudFormation/latest/UserGuide/aws-properties-ses-receiptrule-s3action.html#cfn-ses-receiptrule-s3action-objectkeyprefix",
     "PrimitiveType": "String",
     "Required": false,
     "UpdateType": "Mutable"
    },
    "TopicArn": {
     "Documentation": "http://docs.aws.amazon.com/AWSCloudFormation/latest/UserGuide/aws-properties-ses-receiptrule-s3action.html#cfn-ses-receiptrule-s3action-topicarn",
     "PrimitiveType": "String",
     "Required": false,
     "UpdateType": "Mutable"
    }
   }
  }
 },
 {
  "op": "add",
  "path": "/PropertyTypes/AWS::SES::ReceiptRule.SNSAction",
  "value": {
   "Documentation": "http://docs.aws.amazon.com/AWSCloudFormation/latest/UserGuide/aws-properties-ses-receiptrule-snsaction.html",
   "Properties": {
    "Encoding": {
     "Documentation": "http://docs.aws.amazon.com/AWSCloudFormation/latest/UserGuide/aws-properties-ses-receiptrule-snsaction.html#cfn-ses-receiptrule-snsaction-encoding",
     "PrimitiveType": "String",
     "Required": false,
     "UpdateType": "Mutable"
    },
    "TopicArn": {
     "Documentation": "http://docs.aws.amazon.com/AWSCloudFormation/latest/UserGuide/aws-properties-ses-receiptrule-snsaction.html#cfn-ses-receiptrule-snsaction-topicarn",
     "PrimitiveType": "String",
     "Required": false,
     "UpdateType": "Mutable"
    }
   }
  }
 },
 {
  "op": "add",
  "path": "/PropertyTypes/AWS::SES::ReceiptRule.StopAction",
  "value": {
   "Documentation": "http://docs.aws.amazon.com/AWSCloudFormation/latest/UserGuide/aws-properties-ses-receiptrule-stopaction.html",
   "Properties": {
    "Scope": {
     "Documentation": "http://docs.aws.amazon.com/AWSCloudFormation/latest/UserGuide/aws-properties-ses-receiptrule-stopaction.html#cfn-ses-receiptrule-stopaction-scope",
     "PrimitiveType": "String",
     "Required": true,
     "UpdateType": "Mutable"
    },
    "TopicArn": {
     "Documentation": "http://docs.aws.amazon.com/AWSCloudFormation/latest/UserGuide/aws-properties-ses-receiptrule-stopaction.html#cfn-ses-receiptrule-stopaction-topicarn",
     "PrimitiveType": "String",
     "Required": false,
     "UpdateType": "Mutable"
    }
   }
  }
 },
 {
  "op": "add",
  "path": "/PropertyTypes/AWS::SES::ReceiptRule.WorkmailAction",
  "value": {
   "Documentation": "http://docs.aws.amazon.com/AWSCloudFormation/latest/UserGuide/aws-properties-ses-receiptrule-workmailaction.html",
   "Properties": {
    "OrganizationArn": {
     "Documentation": "http://docs.aws.amazon.com/AWSCloudFormation/latest/UserGuide/aws-properties-ses-receiptrule-workmailaction.html#cfn-ses-receiptrule-workmailaction-organizationarn",
     "PrimitiveType": "String",
     "Required": true,
     "UpdateType": "Mutable"
    },
    "TopicArn": {
     "Documentation": "http://docs.aws.amazon.com/AWSCloudFormation/latest/UserGuide/aws-properties-ses-receiptrule-workmailaction.html#cfn-ses-receiptrule-workmailaction-topicarn",
     "PrimitiveType": "String",
     "Required": false,
     "UpdateType": "Mutable"
    }
   }
  }
 },
 {
  "op": "add",
  "path": "/PropertyTypes/AWS::SES::Template.Template",
  "value": {
   "Documentation": "http://docs.aws.amazon.com/AWSCloudFormation/latest/UserGuide/aws-properties-ses-template-template.html",
   "Properties": {
    "HtmlPart": {
     "Documentation": "http://docs.aws.amazon.com/AWSCloudFormation/latest/UserGuide/aws-properties-ses-template-template.html#cfn-ses-template-template-htmlpart",
     "PrimitiveType": "String",
     "Required": false,
     "UpdateType": "Mutable"
    },
    "SubjectPart": {
     "Documentation": "http://docs.aws.amazon.com/AWSCloudFormation/latest/UserGuide/aws-properties-ses-template-template.html#cfn-ses-template-template-subjectpart",
     "PrimitiveType": "String",
     "Required": false,
     "UpdateType": "Mutable"
    },
    "TemplateName": {
     "Documentation": "http://docs.aws.amazon.com/AWSCloudFormation/latest/UserGuide/aws-properties-ses-template-template.html#cfn-ses-template-template-templatename",
     "PrimitiveType": "String",
     "Required": false,
     "UpdateType": "Immutable"
    },
    "TextPart": {
     "Documentation": "http://docs.aws.amazon.com/AWSCloudFormation/latest/UserGuide/aws-properties-ses-template-template.html#cfn-ses-template-template-textpart",
     "PrimitiveType": "String",
     "Required": false,
     "UpdateType": "Mutable"
    }
   }
  }
 }
]