[
 {
  "op": "add",
  "path": "/ResourceTypes/AWS::Backup::BackupSelection/Properties/BackupPlanId/Value",
  "value": {
   "ValueType": "AWS::Backup::BackupPlan.Id"
  }
 },
 {
  "op": "add",
  "path": "/PropertyTypes/AWS::Backup::BackupPlan.BackupRuleResourceType/Properties/TargetBackupVault/Value",
  "value": {
   "ValueType": "AWS::Backup::BackupVault.BackupVaultName"
  }
 },
 {
  "op": "add",
  "path": "/PropertyTypes/AWS::Backup::BackupSelection.BackupSelectionResourceType/Properties/IamRoleArn/Value",
  "value": {
   "ValueType": "AWS::IAM::Role.Arn"
  }
 }
]