[
 {
  "op": "add",
  "path": "/ResourceTypes/AWS::SQS::Queue/Properties/DelaySeconds/Value",
  "value": {
   "ValueType": "AWS::SQS::Queue.DelaySeconds"
  }
 },
 {
  "op": "add",
  "path": "/ResourceTypes/AWS::SQS::Queue/Properties/KmsDataKeyReusePeriodSeconds/Value",
  "value": {
   "ValueType": "AWS::SQS::Queue.KmsDataKeyReusePeriodSeconds"
  }
 },
 {
  "op": "add",
  "path": "/ResourceTypes/AWS::SQS::Queue/Properties/MaximumMessageSize/Value",
  "value": {
   "ValueType": "AWS::SQS::Queue.MaximumMessageSize"
  }
 },
 {
  "op": "add",
  "path": "/ResourceTypes/AWS::SQS::Queue/Properties/MessageRetentionPeriod/Value",
  "value": {
   "ValueType": "AWS::SQS::Queue.MessageRetentionPeriod"
  }
 },
 {
  "op": "add",
  "path": "/ResourceTypes/AWS::SQS::Queue/Properties/ReceiveMessageWaitTimeSeconds/Value",
  "value": {
   "ValueType": "AWS::SQS::Queue.ReceiveMessageWaitTimeSeconds"
  }
 },
 {
  "op": "add",
  "path": "/ResourceTypes/AWS::SQS::Queue/Properties/VisibilityTimeout/Value",
  "value": {
   "ValueType": "AWS::SQS::Queue.VisibilityTimeout"
  }
 }
]