[
 {
  "op": "add",
  "path": "/ResourceTypes/AWS::CloudWatch::Alarm/Properties/Statistic/Value",
  "value": {
   "ValueType": "AWS::CloudWatch::Alarm.Statistic"
  }
 },
 {
  "op": "add",
  "path": "/ResourceTypes/AWS::CloudWatch::Alarm/Properties/TreatMissingData/Value",
  "value": {
   "ValueType": "AWS::CloudWatch::Alarm.TreatMissingData"
  }
 },
 {
  "op": "add",
  "path": "/ResourceTypes/AWS::CloudWatch::Alarm/Properties/Unit/Value",
  "value": {
   "ValueType": "AWS::CloudWatch::Alarm.Unit"
  }
 },
 {
  "op": "add",
  "path": "/ResourceTypes/AWS::CloudWatch::Alarm/Properties/ComparisonOperator/Value",
  "value": {
   "ValueType": "AWS::CloudWatch::Alarm.ComparisonOperator"
  }
 },
 {
  "op": "add",
  "path": "/ResourceTypes/AWS::CloudWatch::Alarm/Properties/AlarmActions/Value",
  "value": {
   "ListValueType": "AWS::CloudWatch::Alarm.AlarmActions",
   "ValueType": "AWS::CloudWatch::Alarm.AlarmAction"
  }
 },
 {
  "op": "add",
  "path": "/PropertyTypes/AWS::CloudWatch::Alarm.MetricDataQuery/Properties/Id/Value",
  "value": {
   "ValueType": "AWS::CloudWatch::Alarm.MetricDataQuery.Id"
  }
 }
]