[
 {
  "op": "add",
  "path": "/ResourceTypes/AWS::ElasticLoadBalancingV2::TargetGroup/Properties/VpcId/Value",
  "value": {
   "ValueType": "AWS::EC2::VPC.Id"
  }
 },
 {
  "op": "add",
  "path": "/ResourceTypes/AWS::ElasticLoadBalancingV2::LoadBalancer/Properties/SecurityGroups/Value",
  "value": {
   "ListValueType": "AWS::EC2::SecurityGroup.NamesOrGroupIds",
   "ValueType": "AWS::EC2::SecurityGroup.NameOrGroupId"
  }
 },
 {
  "op": "add",
  "path": "/ResourceTypes/AWS::ElasticLoadBalancingV2::TargetGroup/Properties/HealthCheckIntervalSeconds/Value",
  "value": {
   "ValueType": "AWS::ElasticLoadBalancingV2::TargetGroup.HealthCheckIntervalSeconds"
  }
 },
 {
  "op": "add",
  "path": "/ResourceTypes/AWS::ElasticLoadBalancingV2::TargetGroup/Properties/UnhealthyThresholdCount/Value",
  "value": {
   "ValueType": "AWS::ElasticLoadBalancingV2::TargetGroup.UnhealthyThresholdCount"
  }
 },
 {
  "op": "add",
  "path": "/ResourceTypes/AWS::ElasticLoadBalancingV2::ListenerRule/Properties/Priority/Value",
  "value": {
   "ValueType": "AWS::ElasticLoadBalancingV2::ListenerRule.Priority"
  }
 }
]