[
 {
  "op": "add",
  "path": "/ResourceTypes/AWS::ApiGateway::RestApi/Properties/ApiKeySourceType/Value",
  "value": {
   "ValueType": "AWS::ApiGateway::RestApi.ApiKeySourceType"
  }
 },
 {
  "op": "add",
  "path": "/ResourceTypes/AWS::ApiGateway::Authorizer/Properties/Type/Value",
  "value": {
   "ValueType": "AWS::ApiGateway::Authorizer.Type"
  }
 },
 {
  "op": "add",
  "path": "/ResourceTypes/AWS::ApiGateway::GatewayResponse/Properties/ResponseType/Value",
  "value": {
   "ValueType": "AWS::ApiGateway::GatewayResponse.ResponseType"
  }
 },
 {
  "op": "add",
  "path": "/ResourceTypes/AWS::ApiGateway::UsagePlanKey/Properties/KeyType/Value",
  "value": {
   "ValueType": "AWS::ApiGateway::UsagePlanKey.KeyType"
  }
 },
 {
  "op": "add",
  "path": "/ResourceTypes/AWS::ApiGateway::Authorizer/Properties/AuthorizerResultTtlInSeconds/Value",
  "value": {
   "ValueType": "AWS::ApiGateway::Authorizer.AuthorizerResultTtlInSeconds"
  }
 }
]