[
 {
  "op": "add",
  "path": "/ResourceTypes/AWS::AppStream::Fleet/Properties/DisconnectTimeoutInSeconds/Value",
  "value": {
   "ValueType": "AWS::AppStream::Fleet.DisconnectTimeoutInSeconds"
  }
 },
 {
  "op": "add",
  "path": "/ResourceTypes/AWS::AppStream::Fleet/Properties/IdleDisconnectTimeoutInSeconds/Value",
  "value": {
   "ValueType": "AWS::AppStream::Fleet.IdleDisconnectTimeoutInSeconds"
  }
 },
 {
  "op": "add",
  "path": "/ResourceTypes/AWS::AppStream::Fleet/Properties/MaxUserDurationInSeconds/Value",
  "value": {
   "ValueType": "AWS::AppStream::Fleet.MaxUserDurationInSeconds"
  }
 },
 {
  "op": "add",
  "path": "/ResourceTypes/AWS::AppStream::Fleet/Properties/InstanceType/Value",
  "value": {
   "ValueType": "AppStreamInstanceType"
  }
 },
 {
  "op": "add",
  "path": "/ResourceTypes/AWS::AppStream::ImageBuilder/Properties/InstanceType/Value",
  "value": {
   "ValueType": "AppStreamInstanceType"
  }
 }
]