[
 {
  "op": "add",
  "path": "/PropertyTypes/AWS::Budgets::Budget.BudgetData/Properties/BudgetType/Value",
  "value": {
   "ValueType": "AWS::Budgets::Budget.BudgetType"
  }
 },
 {
  "op": "add",
  "path": "/PropertyTypes/AWS::Budgets::Budget.BudgetData/Properties/TimeUnit/Value",
  "value": {
   "ValueType": "AWS::Budgets::Budget.TimeUnit"
  }
 },
 {
  "op": "add",
  "path": "/PropertyTypes/AWS::Budgets::Budget.Notification/Properties/ComparisonOperator/Value",
  "value": {
   "ValueType": "AWS::Budgets::Budget.ComparisonOperator"
  }
 },
 {
  "op": "add",
  "path": "/PropertyTypes/AWS::Budgets::Budget.Notification/Properties/NotificationType/Value",
  "value": {
   "ValueType": "AWS::Budgets::Budget.NotificationType"
  }
 },
 {
  "op": "add",
  "path": "/PropertyTypes/AWS::Budgets::Budget.Notification/Properties/ThresholdType/Value",
  "value": {
   "ValueType": "AWS::Budgets::Budget.ThresholdType"
  }
 },
 {
  "op": "add",
  "path": "/PropertyTypes/AWS::Budgets::Budget.Notification/Properties/Threshold/Value",
  "value": {
   "ValueType": "AWS::Budgets::Budget.Threshold"
  }
 },
 {
  "op": "add",
  "path": "/PropertyTypes/AWS::Budgets::Budget.Subscriber/Properties/SubscriptionType/Value",
  "value": {
   "ValueType": "AWS::Budgets::Budget.SubscriptionType"
  }
 }
]