[
 {
  "op": "add",
  "path": "/ResourceTypes/AWS::AppSync::DataSource/Properties/Type/Value",
  "value": {
   "ValueType": "AWS::AppSync::DataSource.Type"
  }
 },
 {
  "op": "add",
  "path": "/ResourceTypes/AWS::AppSync::GraphQLApi/Properties/AuthenticationType/Value",
  "value": {
   "ValueType": "AWS::AppSync::GraphQLApi.AuthType"
  }
 },
 {
  "op": "add",
  "path": "/ResourceTypes/AWS::AppSync::Resolver/Properties/Kind/Value",
  "value": {
   "ValueType": "AWS::AppSync::Resolver.Kind"
  }
 }
]