[
 {
  "op": "add",
  "path": "/ResourceTypes/AWS::Cognito::UserPool/Properties/AliasAttributes/Value",
  "value": {
   "ValueType": "AWS::Cognito::UserPool.AliasAttributes"
  }
 },
 {
  "op": "add",
  "path": "/ResourceTypes/AWS::Cognito::UserPool/Properties/AutoVerifiedAttributes/Value",
  "value": {
   "ValueType": "AWS::Cognito::UserPool.UsernameAttributes"
  }
 },
 {
  "op": "add",
  "path": "/ResourceTypes/AWS::Cognito::UserPool/Properties/MfaConfiguration/Value",
  "value": {
   "ValueType": "AWS::Cognito::UserPool.MfaConfiguration"
  }
 },
 {
  "op": "add",
  "path": "/ResourceTypes/AWS::Cognito::UserPool/Properties/UsernameAttributes/Value",
  "value": {
   "ValueType": "AWS::Cognito::UserPool.UsernameAttributes"
  }
 },
 {
  "op": "add",
  "path": "/ResourceTypes/AWS::Cognito::UserPoolClient/Properties/ExplicitAuthFlows/Value",
  "value": {
   "ValueType": "AWS::Cognito::UserPoolClient.ExplicitAuthFlows"
  }
 },
 {
  "op": "add",
  "path": "/ResourceTypes/AWS::Cognito::UserPoolClient/Properties/RefreshTokenValidity/Value",
  "value": {
   "ValueType": "AWS::Cognito::UserPoolClient.RefreshTokenValidity"
  }
 },
 {
  "op": "add",
  "path": "/ResourceTypes/AWS::Cognito::UserPoolUser/Properties/DesiredDeliveryMediums/Value",
  "value": {
   "ValueType": "AWS::Cognito::UserPoolUser.DesiredDeliveryMediums"
  }
 },
 {
  "op": "add",
  "path": "/ResourceTypes/AWS::Cognito::UserPoolUser/Properties/MessageAction/Value",
  "value": {
   "ValueType": "AWS::Cognito::UserPoolUser.MessageAction"
  }
 },
 {
  "op": "add",
  "path": "/PropertyTypes/AWS::Cognito::UserPool.SchemaAttribute/Properties/AttributeDataType/Value",
  "value": {
   "ValueType": "AWS::Cognito::UserPool.SchemaAttribute.AttributeDataType"
  }
 },
 {
  "op": "add",
  "path": "/PropertyTypes/AWS::Cognito::IdentityPool.CognitoStreams/Properties/StreamingStatus/Value",
  "value": {
   "ValueType": "AWS::Default::Default.EnabledState"
  }
 }
]