[
 {
  "op": "add",
  "path": "/ResourceTypes/AWS::Events::EventBusPolicy/Properties/Action/Value",
  "value": {
   "ValueType": "AWS::Events::EventBusPolicy.Action"
  }
 },
 {
  "op": "add",
  "path": "/PropertyTypes/AWS::Events::EventBusPolicy.Condition/Properties/Key/Value",
  "value": {
   "ValueType": "AWS::Events::EventBusPolicy.Condition.Key"
  }
 },
 {
  "op": "add",
  "path": "/PropertyTypes/AWS::Events::EventBusPolicy.Condition/Properties/Type/Value",
  "value": {
   "ValueType": "AWS::Events::EventBusPolicy.Condition.Type"
  }
 },
 {
  "op": "add",
  "path": "/ResourceTypes/AWS::Events::Rule/Properties/State/Value",
  "value": {
   "ValueType": "AWS::Default::Default.EnabledState"
  }
 }
]