[
 {
  "op": "add",
  "path": "/ResourceTypes/AWS::CodeDeploy::Application/Properties/ComputePlatform/Value",
  "value": {
   "ValueType": "AWS::CodeDeploy::Application.ComputePlatform"
  }
 },
 {
  "op": "add",
  "path": "/PropertyTypes/AWS::CodeDeploy::DeploymentConfig.MinimumHealthyHosts/Properties/Type/Value",
  "value": {
   "ValueType": "AWS::CodeDeploy::DeploymentConfig.MinimumHealthyHosts.Type"
  }
 },
 {
  "op": "add",
  "path": "/PropertyTypes/AWS::CodeDeploy::DeploymentGroup.AutoRollbackConfiguration/Properties/Events/Value",
  "value": {
   "ValueType": "AWS::CodeDeploy::DeploymentGroup.AutoRollbackConfiguration.Events"
  }
 },
 {
  "op": "add",
  "path": "/PropertyTypes/AWS::CodeDeploy::DeploymentGroup.DeploymentStyle/Properties/DeploymentOption/Value",
  "value": {
   "ValueType": "AWS::CodeDeploy::DeploymentGroup.DeploymentStyle.DeploymentOption"
  }
 },
 {
  "op": "add",
  "path": "/PropertyTypes/AWS::CodeDeploy::DeploymentGroup.DeploymentStyle/Properties/DeploymentType/Value",
  "value": {
   "ValueType": "AWS::CodeDeploy::DeploymentGroup.DeploymentStyle.DeploymentType"
  }
 },
 {
  "op": "add",
  "path": "/PropertyTypes/AWS::CodeDeploy::DeploymentGroup.TriggerConfig/Properties/TriggerEvents/Value",
  "value": {
   "ValueType": "WS::CodeDeploy::DeploymentGroup.TriggerConfig.TriggerEvents"
  }
 }
]