[
 {
  "op": "add",
  "path": "/PropertyTypes/AWS::DynamoDB::Table.AttributeDefinition/Properties/AttributeType/Value",
  "value": {
   "ValueType": "AWS::DynamoDB::Table.AttributeDefinition.AttributeType"
  }
 },
 {
  "op": "add",
  "path": "/PropertyTypes/AWS::DynamoDB::Table.KeySchema/Properties/KeyType/Value",
  "value": {
   "ValueType": "AWS::DynamoDB::Table.KeySchema.KeyType"
  }
 },
 {
  "op": "add",
  "path": "/PropertyTypes/AWS::DynamoDB::Table.Projection/Properties/ProjectionType/Value",
  "value": {
   "ValueType": "AWS::DynamoDB::Table.Projection.ProjectionType"
  }
 },
 {
  "op": "add",
  "path": "/PropertyTypes/AWS::DynamoDB::Table.StreamSpecification/Properties/StreamViewType/Value",
  "value": {
   "ValueType": "AWS::DynamoDB::Table.StreamSpecification.StreamViewType"
  }
 },
 {
  "op": "add",
  "path": "/ResourceTypes/AWS::DynamoDB::Table/Properties/BillingMode/Value",
  "value": {
   "ValueType": "AWS::DynamoDB::Table.BillingMode"
  }
 }
]