[
 {
  "op": "add",
  "path": "/PropertyTypes/AWS::Config::ConfigRule.Source/Properties/Owner/Value",
  "value": {
   "ValueType": "AWS::Config::ConfigRule.Source.Owner"
  }
 },
 {
  "op": "add",
  "path": "/PropertyTypes/AWS::Config::ConfigRule.SourceDetail/Properties/EventSource/Value",
  "value": {
   "ValueType": "AWS::Config::ConfigRule.SourceDetail.EventSource"
  }
 },
 {
  "op": "add",
  "path": "/PropertyTypes/AWS::Config::ConfigRule.SourceDetail/Properties/MaximumExecutionFrequency/Value",
  "value": {
   "ValueType": "AWS::Config::ConfigRule.MaximumExecutionFrequency"
  }
 },
 {
  "op": "add",
  "path": "/ResourceTypes/AWS::Config::ConfigRule/Properties/MaximumExecutionFrequency/Value",
  "value": {
   "ValueType": "AWS::Config::ConfigRule.MaximumExecutionFrequency"
  }
 },
 {
  "op": "add",
  "path": "/PropertyTypes/AWS::Config::ConfigRule.SourceDetail/Properties/MessageType/Value",
  "value": {
   "ValueType": "AWS::Config::ConfigRule.SourceDetail.MessageType"
  }
 },
 {
  "op": "add",
  "path": "/ResourceTypes/AWS::Config::ConfigRule/Properties/Description/Value",
  "value": {
   "ValueType": "AWS::Config::ConfigRule.Description"
  }
 },
 {
  "op": "add",
  "path": "/PropertyTypes/AWS::Config::DeliveryChannel.ConfigSnapshotDeliveryProperties/Properties/DeliveryFrequency/Value",
  "value": {
   "ValueType": "AWS::Config::ConfigRule.MaximumExecutionFrequency"
  }
 }
]