[
 {
  "op": "add",
  "path": "/ResourceTypes/AWS::CodeBuild::Project/Properties/ServiceRole/Value",
  "value": {
   "ValueType": "AWS::IAM::Role.NameOrArn"
  }
 },
 {
  "op": "add",
  "path": "/PropertyTypes/AWS::CodeBuild::Project.VpcConfig/Properties/VpcId/Value",
  "value": {
   "ValueType": "AWS::EC2::VPC.Id"
  }
 },
 {
  "op": "add",
  "path": "/PropertyTypes/AWS::CodeBuild::Project.VpcConfig/Properties/SecurityGroupIds/Value",
  "value": {
   "ListValueType": "AWS::EC2::SecurityGroup.NamesOrGroupIds",
   "ValueType": "AWS::EC2::SecurityGroup.NameOrGroupId"
  }
 },
 {
  "op": "add",
  "path": "/PropertyTypes/AWS::CodeBuild::Project.Artifacts/Properties/Packaging/Value",
  "value": {
   "ValueType": "AWS::CodeBuild::Project.Artifacts.Packaging"
  }
 },
 {
  "op": "add",
  "path": "/PropertyTypes/AWS::CodeBuild::Project.Artifacts/Properties/Type/Value",
  "value": {
   "ValueType": "AWS::CodeBuild::Project.Artifacts.Type"
  }
 },
 {
  "op": "add",
  "path": "/PropertyTypes/AWS::CodeBuild::Project.CloudWatchLogsConfig/Properties/Status/Value",
  "value": {
   "ValueType": "AWS::Default::Default.EnabledState"
  }
 },
 {
  "op": "add",
  "path": "/PropertyTypes/AWS::CodeBuild::Project.Environment/Properties/ComputeType/Value",
  "value": {
   "ValueType": "AWS::CodeBuild::Project.Environment.ComputeType"
  }
 },
 {
  "op": "add",
  "path": "/PropertyTypes/AWS::CodeBuild::Project.Environment/Properties/ImagePullCredentialsType/Value",
  "value": {
   "ValueType": "AWS::CodeBuild::Project.Environment.ImagePullCredentialsType"
  }
 },
 {
  "op": "add",
  "path": "/PropertyTypes/AWS::CodeBuild::Project.Environment/Properties/Type/Value",
  "value": {
   "ValueType": "AWS::CodeBuild::Project.Environment.Type"
  }
 },
 {
  "op": "add",
  "path": "/PropertyTypes/AWS::CodeBuild::Project.ProjectCache/Properties/Type/Value",
  "value": {
   "ValueType": "AWS::CodeBuild::Project.ProjectCache.Type"
  }
 },
 {
  "op": "add",
  "path": "/PropertyTypes/AWS::CodeBuild::Project.S3LogsConfig/Properties/Status/Value",
  "value": {
   "ValueType": "AWS::Default::Default.EnabledState"
  }
 },
 {
  "op": "add",
  "path": "/PropertyTypes/AWS::CodeBuild::Project.Source/Properties/Type/Value",
  "value": {
   "ValueType": "AWS::CodeBuild::Project.Source.Type"
  }
 },
 {
  "op": "add",
  "path": "/ResourceTypes/AWS::CodeBuild::Project/Properties/TimeoutInMinutes/Value",
  "value": {
   "ValueType": "AWS::CodeBuild::Project.TimeoutInMinutes"
  }
 },
 {
  "op": "add",
  "path": "/ResourceTypes/AWS::CodeBuild::Project/Properties/QueuedTimeoutInMinutes/Value",
  "value": {
   "ValueType": "AWS::CodeBuild::Project.QueuedTimeoutInMinutes"
  }
 }
]