[
 {
  "op": "add",
  "path": "/ResourceTypes/AWS::RDS::DBCluster/Properties/BackupRetentionPeriod/Value",
  "value": {
   "ValueType": "AWS::RDS::DBCluster.BackupRetentionPeriod"
  }
 },
 {
  "op": "add",
  "path": "/ResourceTypes/AWS::RDS::DBInstance/Properties/BackupRetentionPeriod/Value",
  "value": {
   "ValueType": "AWS::RDS::DBInstance.BackupRetentionPeriod"
  }
 },
 {
  "op": "add",
  "path": "/ResourceTypes/AWS::RDS::DBInstance/Properties/PromotionTier/Value",
  "value": {
   "ValueType": "AWS::RDS::DBInstance.PromotionTier"
  }
 },
 {
  "op": "add",
  "path": "/ResourceTypes/AWS::RDS::DBInstance/Properties/DBInstanceClass/Value",
  "value": {
   "ValueType": "AWS::RDS::DBInstance.DBInstanceClass"
  }
 },
 {
  "op": "add",
  "path": "/PropertyTypes/AWS::RDS::DBSecurityGroup.Ingress/Properties/CIDRIP/Value",
  "value": {
   "ValueType": "CidrIp"
  }
 },
 {
  "op": "add",
  "path": "/ResourceTypes/AWS::RDS::DBSecurityGroupIngress/Properties/CIDRIP/Value",
  "value": {
   "ValueType": "CidrIp"
  }
 },
 {
  "op": "add",
  "path": "/ResourceTypes/AWS::RDS::DBInstance/Properties/Engine/Value",
  "value": {
   "ValueType": "AWS::RDS::DBInstance.Engine"
  }
 }
]