[
 {
  "op": "add",
  "path": "/PropertyTypes/AWS::AutoScalingPlans::ScalingPlan.CustomizedScalingMetricSpecification/Properties/Statistic/Value",
  "value": {
   "ValueType": "AWS::AutoScaling::ScalingPolicy.CustomizedMetricSpecification.Statistic"
  }
 },
 {
  "op": "add",
  "path": "/PropertyTypes/AWS::AutoScalingPlans::ScalingPlan.PredefinedScalingMetricSpecification/Properties/PredefinedScalingMetricType/Value",
  "value": {
   "ValueType": "AWS::AutoScaling::ScalingPolicy.PredefinedMetricSpecification.PredefinedMetricType"
  }
 },
 {
  "op": "add",
  "path": "/PropertyTypes/AWS::AutoScalingPlans::ScalingPlan.ScalingInstruction/Properties/ScalableDimension/Value",
  "value": {
   "ValueType": "AWS::AutoScalingPlans::ScalingPlan.ScalingInstruction.ScalableDimension"
  }
 },
 {
  "op": "add",
  "path": "/PropertyTypes/AWS::AutoScalingPlans::ScalingPlan.ScalingInstruction/Properties/ServiceNamespace/Value",
  "value": {
   "ValueType": "AWS::AutoScalingPlans::ScalingPlan.ScalingInstruction.ServiceNamespace"
  }
 },
 {
  "op": "add",
  "path": "/PropertyTypes/AWS::AutoScalingPlans::ScalingPlan.ScalingInstruction/Properties/PredictiveScalingMaxCapacityBehavior/Value",
  "value": {
   "ValueType": "AWS::AutoScalingPlans::ScalingPlan.ScalingInstruction.PredictiveScalingMaxCapacityBehavior"
  }
 },
 {
  "op": "add",
  "path": "/PropertyTypes/AWS::AutoScalingPlans::ScalingPlan.ScalingInstruction/Properties/PredictiveScalingMode/Value",
  "value": {
   "ValueType": "AWS::AutoScalingPlans::ScalingPlan.ScalingInstruction.PredictiveScalingMode"
  }
 }
]