[
 {
  "op": "add",
  "path": "/ResourceTypes/AWS::AmazonMQ::Broker/Properties/DeploymentMode/Value",
  "value": {
   "ValueType": "AWS::AmazonMQ::Broker.DeploymentMode"
  }
 },
 {
  "op": "add",
  "path": "/ResourceTypes/AWS::AmazonMQ::Broker/Properties/EngineType/Value",
  "value": {
   "ValueType": "AWS::AmazonMQ::Broker.EngineType"
  }
 },
 {
  "op": "add",
  "path": "/ResourceTypes/AWS::AmazonMQ::Broker/Properties/HostInstanceType/Value",
  "value": {
   "ValueType": "AWS::AmazonMQ::Broker.HostInstanceType"
  }
 },
 {
  "op": "add",
  "path": "/ResourceTypes/AWS::AmazonMQ::Configuration/Properties/EngineType/Value",
  "value": {
   "ValueType": "AWS::AmazonMQ::Broker.EngineType"
  }
 }
]