[
 {
  "op": "add",
  "path": "/PropertyTypes/AWS::CodePipeline::CustomActionType.ConfigurationProperties/Properties/Type/Value",
  "value": {
   "ValueType": "AWS::CodePipeline::CustomActionType.ConfigurationProperties.Type"
  }
 },
 {
  "op": "add",
  "path": "/PropertyTypes/AWS::CodePipeline::Pipeline.ArtifactStore/Properties/Type/Value",
  "value": {
   "ValueType": "AWS::CodePipeline::Pipeline.ArtifactStore.Type"
  }
 },
 {
  "op": "add",
  "path": "/PropertyTypes/AWS::CodePipeline::Pipeline.ActionTypeId/Properties/Category/Value",
  "value": {
   "ValueType": "AWS::CodePipeline::Pipeline.ActionTypeId.Category"
  }
 },
 {
  "op": "add",
  "path": "/PropertyTypes/AWS::CodePipeline::Pipeline.ActionTypeId/Properties/Owner/Value",
  "value": {
   "ValueType": "AWS::CodePipeline::Pipeline.ActionTypeId.Owner"
  }
 },
 {
  "op": "add",
  "path": "/PropertyTypes/AWS::CodePipeline::Pipeline.BlockerDeclaration/Properties/Type/Value",
  "value": {
   "ValueType": "AWS::CodePipeline::Pipeline.BlockerDeclaration.Type"
  }
 },
 {
  "op": "add",
  "path": "/ResourceTypes/AWS::CodePipeline::CustomActionType/Properties/Category/Value",
  "value": {
   "ValueType": "AWS::CodePipeline::Pipeline.ActionTypeId.Category"
  }
 }
]