[
 {
  "op": "add",
  "path": "/ResourceTypes/AWS::AutoScaling::AutoScalingGroup/Properties/HealthCheckType/Value",
  "value": {
   "ValueType": "AWS::AutoScaling::AutoScalingGroup.HealthCheckType"
  }
 },
 {
  "op": "add",
  "path": "/ResourceTypes/AWS::AutoScaling::LifecycleHook/Properties/DefaultResult/Value",
  "value": {
   "ValueType": "AWS::AutoScaling::LifecycleHook.DefaultResult"
  }
 },
 {
  "op": "add",
  "path": "/ResourceTypes/AWS::AutoScaling::LifecycleHook/Properties/LifecycleTransition/Value",
  "value": {
   "ValueType": "AWS::AutoScaling::LifecycleHook.LifecycleTransition"
  }
 },
 {
  "op": "add",
  "path": "/ResourceTypes/AWS::AutoScaling::ScalingPolicy/Properties/AdjustmentType/Value",
  "value": {
   "ValueType": "AWS::AutoScaling::ScalingPolicy.AdjustmentType"
  }
 },
 {
  "op": "add",
  "path": "/ResourceTypes/AWS::AutoScaling::ScalingPolicy/Properties/MetricAggregationType/Value",
  "value": {
   "ValueType": "AWS::AutoScaling::ScalingPolicy.MetricAggregationType"
  }
 },
 {
  "op": "add",
  "path": "/ResourceTypes/AWS::AutoScaling::ScalingPolicy/Properties/PolicyType/Value",
  "value": {
   "ValueType": "AWS::AutoScaling::ScalingPolicy.PolicyType"
  }
 },
 {
  "op": "add",
  "path": "/PropertyTypes/AWS::AutoScaling::AutoScalingGroup.LifecycleHookSpecification/Properties/DefaultResult/Value",
  "value": {
   "ValueType": "AWS::AutoScaling::LifecycleHook.DefaultResult"
  }
 },
 {
  "op": "add",
  "path": "/PropertyTypes/AWS::AutoScaling::AutoScalingGroup.LifecycleHookSpecification/Properties/LifecycleTransition/Value",
  "value": {
   "ValueType": "AWS::AutoScaling::LifecycleHook.LifecycleTransition"
  }
 },
 {
  "op": "add",
  "path": "/ResourceTypes/AWS::AutoScaling::LaunchConfiguration/Properties/IamInstanceProfile/Value",
  "value": {
   "ValueType": "AWS::IAM::InstanceProfile.NameOrArn"
  }
 },
 {
  "op": "add",
  "path": "/ResourceTypes/AWS::AutoScaling::LaunchConfiguration/Properties/SecurityGroups/Value",
  "value": {
   "ListValueType": "AWS::EC2::SecurityGroup.NamesOrGroupIds",
   "ValueType": "AWS::EC2::SecurityGroup.NameOrGroupId"
  }
 },
 {
  "op": "add",
  "path": "/PropertyTypes/AWS::AutoScaling::ScalingPolicy.CustomizedMetricSpecification/Properties/Statistic/Value",
  "value": {
   "ValueType": "AWS::AutoScaling::ScalingPolicy.CustomizedMetricSpecification.Statistic"
  }
 },
 {
  "op": "add",
  "path": "/PropertyTypes/AWS::AutoScaling::ScalingPolicy.PredefinedMetricSpecification/Properties/PredefinedMetricType/Value",
  "value": {
   "ValueType": "AWS::AutoScaling::ScalingPolicy.PredefinedMetricSpecification.PredefinedMetricType"
  }
 }
]