[
 {
  "op": "add",
  "path": "/PropertyTypes/AWS::CloudFront::Distribution.CustomErrorResponse/Properties/ErrorCode/Value",
  "value": {
   "ValueType": "AWS::CloudFront::Distribution.ErrorCode"
  }
 },
 {
  "op": "add",
  "path": "/PropertyTypes/AWS::CloudFront::Distribution.CustomErrorResponse/Properties/ResponseCode/Value",
  "value": {
   "ValueType": "AWS::CloudFront::Distribution.ResponseCode"
  }
 },
 {
  "op": "add",
  "path": "/PropertyTypes/AWS::CloudFront::Distribution.LambdaFunctionAssociation/Properties/EventType/Value",
  "value": {
   "ValueType": "AWS::CloudFront::Distribution.EventType"
  }
 },
 {
  "op": "add",
  "path": "/PropertyTypes/AWS::CloudFront::Distribution.CacheBehavior/Properties/ViewerProtocolPolicy/Value",
  "value": {
   "ValueType": "AWS::CloudFront::Distribution.ViewerProtocolPolicy"
  }
 },
 {
  "op": "add",
  "path": "/PropertyTypes/AWS::CloudFront::Distribution.DefaultCacheBehavior/Properties/ViewerProtocolPolicy/Value",
  "value": {
   "ValueType": "AWS::CloudFront::Distribution.ViewerProtocolPolicy"
  }
 },
 {
  "op": "add",
  "path": "/PropertyTypes/AWS::CloudFront::Distribution.DistributionConfig/Properties/HttpVersion/Value",
  "value": {
   "ValueType": "AWS::CloudFront::Distribution.HttpVersion"
  }
 },
 {
  "op": "add",
  "path": "/PropertyTypes/AWS::CloudFront::Distribution.DistributionConfig/Properties/PriceClass/Value",
  "value": {
   "ValueType": "AWS::CloudFront::Distribution.PriceClass"
  }
 },
 {
  "op": "add",
  "path": "/PropertyTypes/AWS::CloudFront::Distribution.ViewerCertificate/Properties/MinimumProtocolVersion/Value",
  "value": {
   "ValueType": "AWS::CloudFront::Distribution.MinimumProtocolVersion"
  }
 },
 {
  "op": "add",
  "path": "/PropertyTypes/AWS::CloudFront::Distribution.ViewerCertificate/Properties/SslSupportMethod/Value",
  "value": {
   "ValueType": "AWS::CloudFront::Distribution.SslSupportMethod"
  }
 },
 {
  "op": "add",
  "path": "/PropertyTypes/AWS::CloudFront::Distribution.GeoRestriction/Properties/Locations/Value",
  "value": {
   "ValueType": "AWS::CloudFront::Distribution.Locations"
  }
 },
 {
  "op": "add",
  "path": "/PropertyTypes/AWS::CloudFront::Distribution.GeoRestriction/Properties/RestrictionType/Value",
  "value": {
   "ValueType": "AWS::CloudFront::Distribution.RestrictionType"
  }
 },
 {
  "op": "add",
  "path": "/PropertyTypes/AWS::CloudFront::Distribution.CustomOriginConfig/Properties/OriginProtocolPolicy/Value",
  "value": {
   "ValueType": "AWS::CloudFront::Distribution.OriginProtocolPolicy"
  }
 },
 {
  "op": "add",
  "path": "/PropertyTypes/AWS::CloudFront::Distribution.CustomOriginConfig/Properties/OriginSSLProtocols/Value",
  "value": {
   "ValueType": "AWS::CloudFront::Distribution.OriginSSLProtocols"
  }
 },
 {
  "op": "add",
  "path": "/PropertyTypes/AWS::CloudFront::StreamingDistribution.StreamingDistributionConfig/Properties/PriceClass/Value",
  "value": {
   "ValueType": "AWS::CloudFront::Distribution.PriceClass"
  }
 }
]