[
 {
  "op": "add",
  "path": "/ResourceTypes/AWS::ApplicationAutoScaling::ScalingPolicy/Properties/PolicyType/Value",
  "value": {
   "ValueType": "AWS::ApplicationAutoScaling::ScalingPolicy.PolicyType"
  }
 },
 {
  "op": "add",
  "path": "/PropertyTypes/AWS::ApplicationAutoScaling::ScalingPolicy.PredefinedMetricSpecification/Properties/PredefinedMetricType/Value",
  "value": {
   "ValueType": "AWS::ApplicationAutoScaling::ScalingPolicy.PredefinedMetricSpecification.PredefinedMetricType"
  }
 },
 {
  "op": "add",
  "path": "/PropertyTypes/AWS::ApplicationAutoScaling::ScalingPolicy.CustomizedMetricSpecification/Properties/Statistic/Value",
  "value": {
   "ValueType": "AWS::AutoScaling::ScalingPolicy.CustomizedMetricSpecification.Statistic"
  }
 }
]