[
 {
  "op": "add",
  "path": "/PropertyTypes/AWS::Batch::ComputeEnvironment.ComputeResources/Properties/InstanceRole/Value",
  "value": {
   "ValueType": "AWS::IAM::InstanceProfile.NameOrArn"
  }
 },
 {
  "op": "add",
  "path": "/PropertyTypes/AWS::Batch::ComputeEnvironment.ComputeResources/Properties/SpotIamFleetRole/Value",
  "value": {
   "ValueType": "AWS::IAM::Role.Arn"
  }
 },
 {
  "op": "add",
  "path": "/ResourceTypes/AWS::Batch::ComputeEnvironment/Properties/ServiceRole/Value",
  "value": {
   "ValueType": "AWS::IAM::Role.Arn"
  }
 },
 {
  "op": "add",
  "path": "/PropertyTypes/AWS::Batch::ComputeEnvironment.ComputeResources/Properties/SecurityGroupIds/Value",
  "value": {
   "ListValueType": "AWS::EC2::SecurityGroup.NamesOrGroupIds",
   "ValueType": "AWS::EC2::SecurityGroup.NameOrGroupId"
  }
 }
]