[
 {
  "op": "add",
  "path": "/ResourceTypes/AWS::Lambda::Function/Properties/Role/Value",
  "value": {
   "ValueType": "AWS::IAM::Role.Arn"
  }
 },
 {
  "op": "add",
  "path": "/PropertyTypes/AWS::Lambda::Function.VpcConfig/Properties/SecurityGroupIds/Value",
  "value": {
   "ListValueType": "AWS::EC2::SecurityGroup.NamesOrGroupIds",
   "ValueType": "AWS::EC2::SecurityGroup.NameOrGroupId"
  }
 },
 {
  "op": "add",
  "path": "/ResourceTypes/AWS::Lambda::Function/Properties/MemorySize/Value",
  "value": {
   "ValueType": "AWS::Lambda::Function.MemorySize"
  }
 },
 {
  "op": "add",
  "path": "/ResourceTypes/AWS::Lambda::Function/Properties/Timeout/Value",
  "value": {
   "ValueType": "AWS::Lambda::Function.Timeout"
  }
 },
 {
  "op": "add",
  "path": "/ResourceTypes/AWS::Lambda::EventSourceMapping/Properties/BatchSize/Value",
  "value": {
   "ValueType": "AWS::Lambda::EventSourceMapping.BatchSize"
  }
 },
 {
  "op": "add",
  "path": "/ResourceTypes/AWS::Lambda::EventSourceMapping/Properties/BatchSize/Value",
  "value": {
   "ValueType": "AWS::Lambda::EventSourceMapping.BatchSize"
  }
 },
 {
  "op": "add",
  "path": "/ResourceTypes/AWS::Lambda::EventSourceMapping/Properties/MaximumRecordAgeInSeconds/Value",
  "value": {
   "ValueType": "AWS::Lambda::EventSourceMapping.MaximumRecordAgeInSeconds"
  }
 },
 {
  "op": "add",
  "path": "/ResourceTypes/AWS::Lambda::EventSourceMapping/Properties/MaximumRetryAttempts/Value",
  "value": {
   "ValueType": "AWS::Lambda::EventSourceMapping.MaximumRetryAttempts"
  }
 },
 {
  "op": "add",
  "path": "/ResourceTypes/AWS::Lambda::EventSourceMapping/Properties/ParallelizationFactor/Value",
  "value": {
   "ValueType": "AWS::Lambda::EventSourceMapping.ParallelizationFactor"
  }
 },
 {
  "op": "add",
  "path": "/ResourceTypes/AWS::Lambda::EventSourceMapping/Properties/StartingPosition/Value",
  "value": {
   "ValueType": "AWS::Lambda::EventSourceMapping.StartingPosition"
  }
 },
 {
  "op": "add",
  "path": "/ResourceTypes/AWS::Lambda::EventSourceMapping/Properties/EventSourceArn/Value",
  "value": {
   "ValueType": "AWS::Lambda::EventSourceMapping.EventSourceArn"
  }
 },
 {
  "op": "add",
  "path": "/ResourceTypes/AWS::Lambda::EventSourceMapping/Properties/MaximumBatchingWindowInSeconds/Value",
  "value": {
   "ValueType": "AWS::Lambda::EventSourceMapping.MaximumBatchingWindowInSeconds"
  }
 },
 {
  "op": "add",
  "path": "/ResourceTypes/AWS::Lambda::Function/Properties/FunctionName/Value",
  "value": {
   "ValueType": "AWS::Lambda::Function.FunctionName"
  }
 },
 {
  "op": "add",
  "path": "/ResourceTypes/AWS::Lambda::Function/Properties/Description/Value",
  "value": {
   "ValueType": "AWS::Lambda::Function.Description"
  }
 },
 {
  "op": "add",
  "path": "/ResourceTypes/AWS::Lambda::Function/Properties/Handler/Value",
  "value": {
   "ValueType": "AWS::Lambda::Function.Handler"
  }
 },
 {
  "op": "add",
  "path": "/ResourceTypes/AWS::Lambda::Function/Properties/LayerName/Value",
  "value": {
   "ValueType": "AWS::Lambda::Function.LayerName"
  }
 },
 {
  "op": "add",
  "path": "/ResourceTypes/AWS::Lambda::LayerVersion/Properties/LayerName/Value",
  "value": {
   "ValueType": "AWS::Lambda::LayerVersion.LayerName"
  }
 }
]