[
 {
  "op": "add",
  "path": "/ResourceTypes/AWS::IAM::Policy/Properties/PolicyName/Value",
  "value": {
   "ValueType": "AWS::IAM::Policy.PolicyName"
  }
 },
 {
  "op": "add",
  "path": "/PropertyTypes/AWS::IAM::Group.Policy/Properties/PolicyName/Value",
  "value": {
   "ValueType": "AWS::IAM::Policy.PolicyName"
  }
 },
 {
  "op": "add",
  "path": "/PropertyTypes/AWS::IAM::Role.Policy/Properties/PolicyName/Value",
  "value": {
   "ValueType": "AWS::IAM::Policy.PolicyName"
  }
 },
 {
  "op": "add",
  "path": "/PropertyTypes/AWS::IAM::User.Policy/Properties/PolicyName/Value",
  "value": {
   "ValueType": "AWS::IAM::Policy.PolicyName"
  }
 },
 {
  "op": "add",
  "path": "/ResourceTypes/AWS::IAM::Role/Properties/ManagedPolicyArns/Value",
  "value": {
   "ListValueType": "AWS::IAM::ManagedPolicy.Arns",
   "ValueType": "AWS::IAM::ManagedPolicy.Arn"
  }
 },
 {
  "op": "add",
  "path": "/ResourceTypes/AWS::IAM::User/Properties/ManagedPolicyArns/Value",
  "value": {
   "ListValueType": "AWS::IAM::ManagedPolicy.Arns",
   "ValueType": "AWS::IAM::ManagedPolicy.Arn"
  }
 },
 {
  "op": "add",
  "path": "/ResourceTypes/AWS::IAM::Group/Properties/ManagedPolicyArns/Value",
  "value": {
   "ListValueType": "AWS::IAM::ManagedPolicy.Arns",
   "ValueType": "AWS::IAM::ManagedPolicy.Arn"
  }
 },
 {
  "op": "add",
  "path": "/ResourceTypes/AWS::IAM::AccessKey/Properties/Status/Value",
  "value": {
   "ValueType": "AWS::IAM::AccessKey.Active"
  }
 },
 {
  "op": "add",
  "path": "/ResourceTypes/AWS::IAM::User/Properties/Groups/Value",
  "value": {
   "ListValueType": "AWS::IAM::Group.Names",
   "ValueType": "AWS::IAM::Group.Name"
  }
 },
 {
  "op": "add",
  "path": "/ResourceTypes/AWS::IAM::InstanceProfile/Properties/Roles/Value",
  "value": {
   "ListValueType": "AWS::IAM::InstanceProfile.Roles",
   "ValueType": "AWS::IAM::InstanceProfile.Role"
  }
 },
 {
  "op": "add",
  "path": "/ResourceTypes/AWS::IAM::Role/Properties/AssumeRolePolicyDocument/Value",
  "value": {
   "ValueType": "AWS::IAM::AssumeRole.Document"
  }
 },
 {
  "op": "add",
  "path": "/ResourceTypes/AWS::IAM::Role/Properties/Path/Value",
  "value": {
   "ValueType": "AWS::IAM::Path.Path"
  }
 },
 {
  "op": "add",
  "path": "/ResourceTypes/AWS::IAM::ManagedPolicy/Properties/Path/Value",
  "value": {
   "ValueType": "AWS::IAM::Path.Path"
  }
 },
 {
  "op": "add",
  "path": "/ResourceTypes/AWS::IAM::User/Properties/Path/Value",
  "value": {
   "ValueType": "AWS::IAM::Path.Path"
  }
 },
 {
  "op": "add",
  "path": "/ResourceTypes/AWS::IAM::Group/Properties/Path/Value",
  "value": {
   "ValueType": "AWS::IAM::Path.Path"
  }
 },
 {
  "op": "add",
  "path": "/ResourceTypes/AWS::IAM::InstanceProfile/Properties/Path/Value",
  "value": {
   "ValueType": "AWS::IAM::Path.Path"
  }
 },
 {
  "op": "add",
  "path": "/ResourceTypes/AWS::IAM::ManagedPolicy/Properties/PolicyDocument/Value",
  "value": {
   "ValueType": "AWS::IAM::ManagedPolicy.PolicyDocument"
  }
 },
 {
  "op": "add",
  "path": "/ResourceTypes/AWS::IAM::Role/Properties/MaxSessionDuration/Value",
  "value": {
   "ValueType": "AWS::IAM::Role.MaxSessionDuration"
  }
 },
 {
  "op": "add",
  "path": "/ResourceTypes/AWS::IAM::Role/Properties/RoleName/Value",
  "value": {
   "ValueType": "AWS::IAM::Role.Name"
  }
 }
]