[
 {
  "op": "add",
  "path": "/ResourceTypes/AWS::GuardDuty::Detector/Properties/FindingPublishingFrequency/Value",
  "value": {
   "ValueType": "AWS::GuardDuty::Detector.FindingPublishingFrequency"
  }
 },
 {
  "op": "add",
  "path": "/ResourceTypes/AWS::GuardDuty::Filter/Properties/Action/Value",
  "value": {
   "ValueType": "AWS::GuardDuty::Filter.Action"
  }
 },
 {
  "op": "add",
  "path": "/ResourceTypes/AWS::GuardDuty::IPSet/Properties/Format/Value",
  "value": {
   "ValueType": "AWS::GuardDuty::IPSet.Format"
  }
 },
 {
  "op": "add",
  "path": "/ResourceTypes/AWS::GuardDuty::Member/Properties/Status/Value",
  "value": {
   "ValueType": "AWS::GuardDuty::Member.Status"
  }
 },
 {
  "op": "add",
  "path": "/ResourceTypes/AWS::GuardDuty::ThreatIntelSet/Properties/Format/Value",
  "value": {
   "ValueType": "AWS::GuardDuty::ThreatIntelSet.Format"
  }
 }
]