[
 {
  "op": "add",
  "path": "/ResourceTypes/AWS::Glue::Crawler/Properties/Role/Value",
  "value": {
   "ValueType": "AWS::IAM::Role.NameOrArn"
  }
 },
 {
  "op": "add",
  "path": "/ResourceTypes/AWS::Glue::Job/Properties/Role/Value",
  "value": {
   "ValueType": "AWS::IAM::Role.NameOrArn"
  }
 },
 {
  "op": "add",
  "path": "/ResourceTypes/AWS::Glue::DevEndpoint/Properties/SecurityGroupIds/Value",
  "value": {
   "ListValueType": "AWS::EC2::SecurityGroup.NamesOrGroupIds",
   "ValueType": "AWS::EC2::SecurityGroup.NameOrGroupId"
  }
 },
 {
  "op": "add",
  "path": "/PropertyTypes/AWS::Glue::Connection.ConnectionInput/Properties/ConnectionType/Value",
  "value": {
   "ValueType": "AWS::Glue::Connection.ConnectionInput.ConnectionType"
  }
 },
 {
  "op": "add",
  "path": "/PropertyTypes/AWS::Glue::Crawler.SchemaChangePolicy/Properties/DeleteBehavior/Value",
  "value": {
   "ValueType": "AWS::Glue::Crawler.SchemaChangePolicy.DeleteBehavior"
  }
 },
 {
  "op": "add",
  "path": "/PropertyTypes/AWS::Glue::Crawler.SchemaChangePolicy/Properties/UpdateBehavior/Value",
  "value": {
   "ValueType": "AWS::Glue::Crawler.SchemaChangePolicy.UpdateBehavior"
  }
 },
 {
  "op": "add",
  "path": "/PropertyTypes/AWS::Glue::Table.TableInput/Properties/TableType/Value",
  "value": {
   "ValueType": "AWS::Glue::Table.TableInput.TableType"
  }
 },
 {
  "op": "add",
  "path": "/PropertyTypes/AWS::Glue::Trigger.Predicate/Properties/Logical/Value",
  "value": {
   "ValueType": "AWS::Glue::Trigger.Predicate.Logical"
  }
 },
 {
  "op": "add",
  "path": "/PropertyTypes/AWS::Glue::Trigger.Condition/Properties/LogicalOperator/Value",
  "value": {
   "ValueType": "AWS::Glue::Trigger.Condition.LogicalOperator"
  }
 },
 {
  "op": "add",
  "path": "/PropertyTypes/AWS::Glue::Trigger.Condition/Properties/State/Value",
  "value": {
   "ValueType": "AWS::Glue::Trigger.Condition.State"
  }
 },
 {
  "op": "add",
  "path": "/ResourceTypes/AWS::Glue::Trigger/Properties/Type/Value",
  "value": {
   "ValueType": "AWS::Glue::Trigger.Type"
  }
 },
 {
  "op": "add",
  "path": "/ResourceTypes/AWS::Glue::Job/Properties/NumberOfWorkers/Value",
  "value": {
   "ValueType": "AWS::Glue::Job.NumberOfWorkers"
  }
 },
 {
  "op": "add",
  "path": "/ResourceTypes/AWS::Glue::MLTransform/Properties/MaxCapacity/Value",
  "value": {
   "ValueType": "AWS::Glue::MLTransform.MaxCapacity"
  }
 }
]