[
 {
  "op": "add",
  "path": "/ResourceTypes/AWS::EC2::Instance/Properties/Affinity/Value",
  "value": {
   "ValueType": "AWS::EC2::Instance.Affinity"
  }
 },
 {
  "op": "add",
  "path": "/ResourceTypes/AWS::EC2::EIPAssociation/Properties/AllocationId/Value",
  "value": {
   "ValueType": "AWS::EC2::EIP.AllocationId"
  }
 },
 {
  "op": "add",
  "path": "/PropertyTypes/AWS::EC2::LaunchTemplate.IamInstanceProfile/Properties/Arn/Value",
  "value": {
   "ValueType": "AWS::IAM::InstanceProfile.NameOrArn"
  }
 },
 {
  "op": "add",
  "path": "/PropertyTypes/AWS::EC2::LaunchTemplate.IamInstanceProfile/Properties/Name/Value",
  "value": {
   "ValueType": "AWS::IAM::InstanceProfile.Name"
  }
 },
 {
  "op": "add",
  "path": "/ResourceTypes/AWS::EC2::Instance/Properties/IamInstanceProfile/Value",
  "value": {
   "ValueType": "AWS::IAM::InstanceProfile.Name"
  }
 },
 {
  "op": "add",
  "path": "/ResourceTypes/AWS::EC2::NetworkAcl/Properties/VpcId/Value",
  "value": {
   "ValueType": "AWS::EC2::VPC.Id"
  }
 },
 {
  "op": "add",
  "path": "/ResourceTypes/AWS::EC2::RouteTable/Properties/VpcId/Value",
  "value": {
   "ValueType": "AWS::EC2::VPC.Id"
  }
 },
 {
  "op": "add",
  "path": "/ResourceTypes/AWS::EC2::Subnet/Properties/VpcId/Value",
  "value": {
   "ValueType": "AWS::EC2::VPC.Id"
  }
 },
 {
  "op": "add",
  "path": "/ResourceTypes/AWS::EC2::EgressOnlyInternetGateway/Properties/VpcId/Value",
  "value": {
   "ValueType": "AWS::EC2::VPC.Id"
  }
 },
 {
  "op": "add",
  "path": "/ResourceTypes/AWS::EC2::SecurityGroup/Properties/VpcId/Value",
  "value": {
   "ValueType": "AWS::EC2::VPC.Id"
  }
 },
 {
  "op": "add",
  "path": "/ResourceTypes/AWS::EC2::TransitGatewayAttachment/Properties/VpcId/Value",
  "value": {
   "ValueType": "AWS::EC2::VPC.Id"
  }
 },
 {
  "op": "add",
  "path": "/ResourceTypes/AWS::EC2::VPCCidrBlock/Properties/VpcId/Value",
  "value": {
   "ValueType": "AWS::EC2::VPC.Id"
  }
 },
 {
  "op": "add",
  "path": "/ResourceTypes/AWS::EC2::VPCDHCPOptionsAssociation/Properties/VpcId/Value",
  "value": {
   "ValueType": "AWS::EC2::VPC.Id"
  }
 },
 {
  "op": "add",
  "path": "/ResourceTypes/AWS::EC2::VPCEndpoint/Properties/VpcId/Value",
  "value": {
   "ValueType": "AWS::EC2::VPC.Id"
  }
 },
 {
  "op": "add",
  "path": "/ResourceTypes/AWS::EC2::VPCGatewayAttachment/Properties/VpcId/Value",
  "value": {
   "ValueType": "AWS::EC2::VPC.Id"
  }
 },
 {
  "op": "add",
  "path": "/ResourceTypes/AWS::EC2::VPCPeeringConnection/Properties/VpcId/Value",
  "value": {
   "ValueType": "AWS::EC2::VPC.Id"
  }
 },
 {
  "op": "add",
  "path": "/ResourceTypes/AWS::EC2::Instance/Properties/SecurityGroupIds/Value",
  "value": {
   "ListValueType": "AWS::EC2::SecurityGroup.NamesOrGroupIds",
   "ValueType": "AWS::EC2::SecurityGroup.NameOrGroupId"
  }
 },
 {
  "op": "add",
  "path": "/ResourceTypes/AWS::EC2::SecurityGroupIngress/Properties/SourceSecurityGroupId/Value",
  "value": {
   "ValueType": "AWS::EC2::SecurityGroup.NameOrGroupId"
  }
 },
 {
  "op": "add",
  "path": "/PropertyTypes/AWS::EC2::LaunchTemplate.LaunchTemplateData/Properties/SecurityGroupIds/Value",
  "value": {
   "ListValueType": "AWS::EC2::SecurityGroup.NamesOrGroupIds",
   "ValueType": "AWS::EC2::SecurityGroup.NameOrGroupId"
  }
 },
 {
  "op": "add",
  "path": "/PropertyTypes/AWS::EC2::SecurityGroup.Ingress/Properties/SourceSecurityGroupId/Value",
  "value": {
   "ValueType": "AWS::EC2::SecurityGroup.NameOrGroupId"
  }
 },
 {
  "op": "add",
  "path": "/ResourceTypes/AWS::EC2::Instance/Properties/SecurityGroups/Value",
  "value": {
   "ListValueType": "AWS::EC2::SecurityGroup.GroupIds",
   "ValueType": "AWS::EC2::SecurityGroup.GroupId"
  }
 },
 {
  "op": "add",
  "path": "/ResourceTypes/AWS::EC2::SecurityGroup/Properties/GroupDescription/Value",
  "value": {
   "ValueType": "AWS::EC2::SecurityGroup.Description"
  }
 },
 {
  "op": "add",
  "path": "/PropertyTypes/AWS::EC2::SecurityGroup.Ingress/Properties/Description/Value",
  "value": {
   "ValueType": "AWS::EC2::SecurityGroup.Description"
  }
 },
 {
  "op": "add",
  "path": "/PropertyTypes/AWS::EC2::SecurityGroup.Egress/Properties/Description/Value",
  "value": {
   "ValueType": "AWS::EC2::SecurityGroup.Description"
  }
 },
 {
  "op": "add",
  "path": "/ResourceTypes/AWS::EC2::Subnet/Properties/AvailabilityZone/Value",
  "value": {
   "ValueType": "AvailabilityZone"
  }
 },
 {
  "op": "add",
  "path": "/PropertyTypes/AWS::EC2::PrefixList.Entry/Properties/Cidr/Value",
  "value": {
   "ValueType": "CidrIp"
  }
 },
 {
  "op": "add",
  "path": "/ResourceTypes/AWS::EC2::VPC/Properties/CidrBlock/Value",
  "value": {
   "ValueType": "AwsCidrIp"
  }
 },
 {
  "op": "add",
  "path": "/ResourceTypes/AWS::EC2::Subnet/Properties/CidrBlock/Value",
  "value": {
   "ValueType": "AwsCidrIp"
  }
 },
 {
  "op": "add",
  "path": "/ResourceTypes/AWS::EC2::VPCCidrBlock/Properties/CidrBlock/Value",
  "value": {
   "ValueType": "AwsCidrIp"
  }
 },
 {
  "op": "add",
  "path": "/ResourceTypes/AWS::EC2::ClientVpnEndpoint/Properties/ClientCidrBlock/Value",
  "value": {
   "ValueType": "CidrIp"
  }
 },
 {
  "op": "add",
  "path": "/ResourceTypes/AWS::EC2::ClientVpnEndpoint/Properties/DestinationCidrBlock/Value",
  "value": {
   "ValueType": "CidrIp"
  }
 },
 {
  "op": "add",
  "path": "/ResourceTypes/AWS::EC2::LocalGatewayRoute/Properties/DestinationCidrBlock/Value",
  "value": {
   "ValueType": "CidrIp"
  }
 },
 {
  "op": "add",
  "path": "/ResourceTypes/AWS::EC2::Route/Properties/DestinationCidrBlock/Value",
  "value": {
   "ValueType": "CidrIp"
  }
 },
 {
  "op": "add",
  "path": "/ResourceTypes/AWS::EC2::TrafficMirrorFilterRule/Properties/DestinationCidrBlock/Value",
  "value": {
   "ValueType": "CidrIp"
  }
 },
 {
  "op": "add",
  "path": "/ResourceTypes/AWS::EC2::TransitGatewayRoute/Properties/DestinationCidrBlock/Value",
  "value": {
   "ValueType": "CidrIp"
  }
 },
 {
  "op": "add",
  "path": "/ResourceTypes/AWS::EC2::VPNConnectionRoute/Properties/DestinationCidrBlock/Value",
  "value": {
   "ValueType": "CidrIp"
  }
 },
 {
  "op": "add",
  "path": "/ResourceTypes/AWS::EC2::ClientVpnAuthorizationRule/Properties/TargetNetworkCidr/Value",
  "value": {
   "ValueType": "CidrIp"
  }
 },
 {
  "op": "add",
  "path": "/PropertyTypes/AWS::EC2::VPNConnection.VpnTunnelOptionsSpecification/Properties/TunnelInsideCidr/Value",
  "value": {
   "ValueType": "CidrIp"
  }
 }
]