[
 {
  "op": "add",
  "path": "/ResourceTypes/AWS::EMR::Cluster/Properties/AutoScalingRole/Value",
  "value": {
   "ValueType": "AWS::IAM::Role.Name"
  }
 },
 {
  "op": "add",
  "path": "/ResourceTypes/AWS::EMR::Cluster/Properties/JobFlowRole/Value",
  "value": {
   "ValueType": "AWS::IAM::InstanceProfile.Name"
  }
 },
 {
  "op": "add",
  "path": "/ResourceTypes/AWS::EMR::Cluster/Properties/ServiceRole/Value",
  "value": {
   "ValueType": "AWS::IAM::Role.Name"
  }
 },
 {
  "op": "add",
  "path": "/ResourceTypes/AWS::EMR::InstanceGroupConfig/Properties/InstanceType/Value",
  "value": {
   "ValueType": "EMRInstanceType"
  }
 },
 {
  "op": "add",
  "path": "/PropertyTypes/AWS::EMR::InstanceFleetConfig.InstanceTypeConfig/Properties/InstanceType/Value",
  "value": {
   "ValueType": "EMRInstanceType"
  }
 },
 {
  "op": "add",
  "path": "/PropertyTypes/AWS::EMR::Cluster.InstanceGroupConfig/Properties/InstanceType/Value",
  "value": {
   "ValueType": "EMRInstanceType"
  }
 },
 {
  "op": "add",
  "path": "/PropertyTypes/AWS::EMR::Cluster.InstanceTypeConfig/Properties/InstanceType/Value",
  "value": {
   "ValueType": "EMRInstanceType"
  }
 }
]