{
 "PropertyTypes": {
  "AWS::S3::Bucket.RoutingRuleCondition": [
   [
    "HttpErrorCodeReturnedEquals",
    "KeyPrefixEquals"
   ]
  ]
 },
 "ResourceTypes": {
  "AWS::ApplicationAutoScaling::ScalingPolicy": [
   [
    "ResourceId",
    "ScalableDimension",
    "ServiceNamespace",
    "ScalingTargetId"
   ]
  ],
  "AWS::EC2::Instance": [
   [
    "ImageId",
    "LaunchTemplate"
   ]
  ],
  "AWS::EC2::NetworkAclEntry": [
   [
    "Ipv6CidrBlock",
    "CidrBlock"
   ]
  ],
  "AWS::Events::Rule": [
   [
    "EventPattern",
    "ScheduleExpression"
   ]
  ],
  "AWS::IAM::Policy": [
   [
    "Roles",
    "Groups",
    "Users"
   ]
  ]
 }
}