{
 "PropertyTypes": {
  "AWS::CloudFront::Distribution.CustomErrorResponse": {
   "ResponseCode": [
    "ResponsePagePath"
   ]
  },
  "AWS::CloudFront::Distribution.ViewerCertificate": {
   "AcmCertificateArn": [
    "SslSupportMethod"
   ],
   "IamCertificateId": [
    "SslSupportMethod"
   ]
  }
 },
 "ResourceTypes": {
  "AWS::ApplicationAutoScaling::ScalingPolicy": {
   "ResourceId": [
    "ScalableDimension",
    "ServiceNamespace"
   ],
   "ScalableDimension": [
    "ResourceId",
    "ServiceNamespace"
   ],
   "ServiceNamespace": [
    "ResourceId",
    "ScalableDimension"
   ]
  },
  "AWS::EC2::SecurityGroup": {
   "SecurityGroupEgress": [
    "VpcId"
   ]
  },
  "AWS::OpsWorks::Stack": {
   "VpcId": [
    "DefaultSubnetId"
   ]
  }
 }
}