{
 "dotnetcore1.0": {
  "deprecated": "2019-07-31",
  "eol": "2019-06-27",
  "successor": "dotnet6"
 },
 "dotnetcore2.0": {
  "deprecated": "2019-05-30",
  "eol": "2019-04-30",
  "successor": "dotnet6"
 },
 "dotnetcore2.1": {
  "deprecated": "2021-09-23",
  "eol": "2021-08-23",
  "successor": "dotnet6"
 },
 "dotnetcore3.1": {
  "deprecated": "2023-02-20",
  "eol": "2023-01-20",
  "successor": "dotnet6"
 },
 "nodejs": {
  "deprecated": "2016-10-31",
  "eol": "2016-10-31",
  "successor": "nodejs16.x"
 },
 "nodejs10.x": {
  "deprecated": "2021-08-30",
  "eol": "2021-07-30",
  "successor": "nodejs16.x"
 },
 "nodejs12.x": {
  "deprecated": "2022-12-14",
  "eol": "2022-11-14",
  "successor": "nodejs16.x"
 },
 "nodejs4.3": {
  "deprecated": "2019-04-30",
  "eol": "2018-04-30",
  "successor": "nodejs16.x"
 },
 "nodejs4.3-edge": {
  "deprecated": "2019-04-30",
  "eol": "2018-04-30",
  "successor": "nodejs16.x"
 },
 "nodejs6.10": {
  "deprecated": "2019-08-12",
  "eol": "2019-04-30",
  "successor": "nodejs16.x"
 },
 "nodejs8.10": {
  "deprecated": "2020-02-03",
  "eol": "2019-12-31",
  "successor": "nodejs16.x"
 },
 "python2.7": {
  "deprecated": "2021-09-30",
  "eol": "2021-07-15",
  "successor": "python3.9"
 },
 "python3.6": {
  "deprecated": "2022-08-17",
  "eol": "2022-07-18",
  "successor": "python3.9"
 },
 "ruby2.5": {
  "deprecated": "2021-08-30",
  "eol": "2021-07-30",
  "successor": "ruby2.7"
 }
}