[
 {
  "op": "add",
  "path": "/ResourceTypes/AWS::CodeCommit::Repository",
  "value": {
   "Attributes": {
    "Arn": {
     "PrimitiveType": "String"
    },
    "CloneUrlHttp": {
     "PrimitiveType": "String"
    },
    "CloneUrlSsh": {
     "PrimitiveType": "String"
    },
    "Name": {
     "PrimitiveType": "String"
    }
   },
   "Documentation": "http://docs.aws.amazon.com/AWSCloudFormation/latest/UserGuide/aws-resource-codecommit-repository.html",
   "Properties": {
    "Code": {
     "Documentation": "http://docs.aws.amazon.com/AWSCloudFormation/latest/UserGuide/aws-resource-codecommit-repository.html#cfn-codecommit-repository-code",
     "Required": false,
     "Type": "Code",
     "UpdateType": "Mutable"
    },
    "RepositoryDescription": {
     "Documentation": "http://docs.aws.amazon.com/AWSCloudFormation/latest/UserGuide/aws-resource-codecommit-repository.html#cfn-codecommit-repository-repositorydescription",
     "PrimitiveType": "String",
     "Required": false,
     "UpdateType": "Mutable"
    },
    "RepositoryName": {
     "Documentation": "http://docs.aws.amazon.com/AWSCloudFormation/latest/UserGuide/aws-resource-codecommit-repository.html#cfn-codecommit-repository-repositoryname",
     "PrimitiveType": "String",
     "Required": true,
     "UpdateType": "Mutable"
    },
    "Tags": {
     "Documentation": "http://docs.aws.amazon.com/AWSCloudFormation/latest/UserGuide/aws-resource-codecommit-repository.html#cfn-codecommit-repository-tags",
     "ItemType": "Tag",
     "Required": false,
     "Type": "List",
     "UpdateType": "Mutable"
    },
    "Triggers": {
     "Documentation": "http://docs.aws.amazon.com/AWSCloudFormation/latest/UserGuide/aws-resource-codecommit-repository.html#cfn-codecommit-repository-triggers",
     "ItemType": "RepositoryTrigger",
     "Required": false,
     "Type": "List",
     "UpdateType": "Conditional"
    }
   }
  }
 },
 {
  "op": "add",
  "path": "/PropertyTypes/AWS::CodeCommit::Repository.Code",
  "value": {
   "Documentation": "http://docs.aws.amazon.com/AWSCloudFormation/latest/UserGuide/aws-properties-codecommit-repository-code.html",
   "Properties": {
    "BranchName": {
     "Documentation": "http://docs.aws.amazon.com/AWSCloudFormation/latest/UserGuide/aws-properties-codecommit-repository-code.html#cfn-codecommit-repository-code-branchname",
     "PrimitiveType": "String",
     "Required": false,
     "UpdateType": "Mutable"
    },
    "S3": {
     "Documentation": "http://docs.aws.amazon.com/AWSCloudFormation/latest/UserGuide/aws-properties-codecommit-repository-code.html#cfn-codecommit-repository-code-s3",
     "Required": true,
     "Type": "S3",
     "UpdateType": "Mutable"
    }
   }
  }
 },
 {
  "op": "add",
  "path": "/PropertyTypes/AWS::CodeCommit::Repository.RepositoryTrigger",
  "value": {
   "Documentation": "http://docs.aws.amazon.com/AWSCloudFormation/latest/UserGuide/aws-properties-codecommit-repository-repositorytrigger.html",
   "Properties": {
    "Branches": {
     "Documentation": "http://docs.aws.amazon.com/AWSCloudFormation/latest/UserGuide/aws-properties-codecommit-repository-repositorytrigger.html#cfn-codecommit-repository-repositorytrigger-branches",
     "PrimitiveItemType": "String",
     "Required": false,
     "Type": "List",
     "UpdateType": "Mutable"
    },
    "CustomData": {
     "Documentation": "http://docs.aws.amazon.com/AWSCloudFormation/latest/UserGuide/aws-properties-codecommit-repository-repositorytrigger.html#cfn-codecommit-repository-repositorytrigger-customdata",
     "PrimitiveType": "String",
     "Required": false,
     "UpdateType": "Mutable"
    },
    "DestinationArn": {
     "Documentation": "http://docs.aws.amazon.com/AWSCloudFormation/latest/UserGuide/aws-properties-codecommit-repository-repositorytrigger.html#cfn-codecommit-repository-repositorytrigger-destinationarn",
     "PrimitiveType": "String",
     "Required": true,
     "UpdateType": "Mutable"
    },
    "Events": {
     "Documentation": "http://docs.aws.amazon.com/AWSCloudFormation/latest/UserGuide/aws-properties-codecommit-repository-repositorytrigger.html#cfn-codecommit-repository-repositorytrigger-events",
     "PrimitiveItemType": "String",
     "Required": true,
     "Type": "List",
     "UpdateType": "Mutable"
    },
    "Name": {
     "Documentation": "http://docs.aws.amazon.com/AWSCloudFormation/latest/UserGuide/aws-properties-codecommit-repository-repositorytrigger.html#cfn-codecommit-repository-repositorytrigger-name",
     "PrimitiveType": "String",
     "Required": true,
     "UpdateType": "Mutable"
    }
   }
  }
 },
 {
  "op": "add",
  "path": "/PropertyTypes/AWS::CodeCommit::Repository.S3",
  "value": {
   "Documentation": "http://docs.aws.amazon.com/AWSCloudFormation/latest/UserGuide/aws-properties-codecommit-repository-s3.html",
   "Properties": {
    "Bucket": {
     "Documentation": "http://docs.aws.amazon.com/AWSCloudFormation/latest/UserGuide/aws-properties-codecommit-repository-s3.html#cfn-codecommit-repository-s3-bucket",
     "PrimitiveType": "String",
     "Required": true,
     "UpdateType": "Mutable"
    },
    "Key": {
     "Documentation": "http://docs.aws.amazon.com/AWSCloudFormation/latest/UserGuide/aws-properties-codecommit-repository-s3.html#cfn-codecommit-repository-s3-key",
     "PrimitiveType": "String",
     "Required": true,
     "UpdateType": "Mutable"
    },
    "ObjectVersion": {
     "Documentation": "http://docs.aws.amazon.com/AWSCloudFormation/latest/UserGuide/aws-properties-codecommit-repository-s3.html#cfn-codecommit-repository-s3-objectversion",
     "PrimitiveType": "String",
     "Required": false,
     "UpdateType": "Mutable"
    }
   }
  }
 },
 {
  "op": "add",
  "path": "/ResourceTypes/AWS::Neptune::DBCluster",
  "value": {
   "Attributes": {
    "ClusterResourceId": {
     "PrimitiveType": "String"
    },
    "Endpoint": {
     "PrimitiveType": "String"
    },
    "Port": {
     "PrimitiveType": "String"
    },
    "ReadEndpoint": {
     "PrimitiveType": "String"
    }
   },
   "Documentation": "http://docs.aws.amazon.com/AWSCloudFormation/latest/UserGuide/aws-resource-neptune-dbcluster.html",
   "Properties": {
    "AssociatedRoles": {
     "Documentation": "http://docs.aws.amazon.com/AWSCloudFormation/latest/UserGuide/aws-resource-neptune-dbcluster.html#cfn-neptune-dbcluster-associatedroles",
     "ItemType": "DBClusterRole",
     "Required": false,
     "Type": "List",
     "UpdateType": "Mutable"
    },
    "AvailabilityZones": {
     "Documentation": "http://docs.aws.amazon.com/AWSCloudFormation/latest/UserGuide/aws-resource-neptune-dbcluster.html#cfn-neptune-dbcluster-availabilityzones",
     "PrimitiveItemType": "String",
     "Required": false,
     "Type": "List",
     "UpdateType": "Immutable"
    },
    "BackupRetentionPeriod": {
     "Documentation": "http://docs.aws.amazon.com/AWSCloudFormation/latest/UserGuide/aws-resource-neptune-dbcluster.html#cfn-neptune-dbcluster-backupretentionperiod",
     "PrimitiveType": "Integer",
     "Required": false,
     "UpdateType": "Mutable"
    },
    "DBClusterIdentifier": {
     "Documentation": "http://docs.aws.amazon.com/AWSCloudFormation/latest/UserGuide/aws-resource-neptune-dbcluster.html#cfn-neptune-dbcluster-dbclusteridentifier",
     "PrimitiveType": "String",
     "Required": false,
     "UpdateType": "Immutable"
    },
    "DBClusterParameterGroupName": {
     "Documentation": "http://docs.aws.amazon.com/AWSCloudFormation/latest/UserGuide/aws-resource-neptune-dbcluster.html#cfn-neptune-dbcluster-dbclusterparametergroupname",
     "PrimitiveType": "String",
     "Required": false,
     "UpdateType": "Mutable"
    },
    "DBSubnetGroupName": {
     "Documentation": "http://docs.aws.amazon.com/AWSCloudFormation/latest/UserGuide/aws-resource-neptune-dbcluster.html#cfn-neptune-dbcluster-dbsubnetgroupname",
     "PrimitiveType": "String",
     "Required": false,
     "UpdateType": "Immutable"
    },
    "DeletionProtection": {
     "Documentation": "http://docs.aws.amazon.com/AWSCloudFormation/latest/UserGuide/aws-resource-neptune-dbcluster.html#cfn-neptune-dbcluster-deletionprotection",
     "PrimitiveType": "Boolean",
     "Required": false,
     "UpdateType": "Mutable"
    },
    "EnableCloudwatchLogsExports": {
     "Documentation": "http://docs.aws.amazon.com/AWSCloudFormation/latest/UserGuide/aws-resource-neptune-dbcluster.html#cfn-neptune-dbcluster-enablecloudwatchlogsexports",
     "PrimitiveItemType": "String",
     "Required": false,
     "Type": "List",
     "UpdateType": "Mutable"
    },
    "EngineVersion": {
     "Documentation": "http://docs.aws.amazon.com/AWSCloudFormation/latest/UserGuide/aws-resource-neptune-dbcluster.html#cfn-neptune-dbcluster-engineversion",
     "PrimitiveType": "String",
     "Required": false,
     "UpdateType": "Immutable"
    },
    "IamAuthEnabled": {
     "Documentation": "http://docs.aws.amazon.com/AWSCloudFormation/latest/UserGuide/aws-resource-neptune-dbcluster.html#cfn-neptune-dbcluster-iamauthenabled",
     "PrimitiveType": "Boolean",
     "Required": false,
     "UpdateType": "Mutable"
    },
    "KmsKeyId": {
     "Documentation": "http://docs.aws.amazon.com/AWSCloudFormation/latest/UserGuide/aws-resource-neptune-dbcluster.html#cfn-neptune-dbcluster-kmskeyid",
     "PrimitiveType": "String",
     "Required": false,
     "UpdateType": "Immutable"
    },
    "Port": {
     "Documentation": "http://docs.aws.amazon.com/AWSCloudFormation/latest/UserGuide/aws-resource-neptune-dbcluster.html#cfn-neptune-dbcluster-port",
     "PrimitiveType": "Integer",
     "Required": false,
     "UpdateType": "Mutable"
    },
    "PreferredBackupWindow": {
     "Documentation": "http://docs.aws.amazon.com/AWSCloudFormation/latest/UserGuide/aws-resource-neptune-dbcluster.html#cfn-neptune-dbcluster-preferredbackupwindow",
     "PrimitiveType": "String",
     "Required": false,
     "UpdateType": "Mutable"
    },
    "PreferredMaintenanceWindow": {
     "Documentation": "http://docs.aws.amazon.com/AWSCloudFormation/latest/UserGuide/aws-resource-neptune-dbcluster.html#cfn-neptune-dbcluster-preferredmaintenancewindow",
     "PrimitiveType": "String",
     "Required": false,
     "UpdateType": "Mutable"
    },
    "RestoreToTime": {
     "Documentation": "http://docs.aws.amazon.com/AWSCloudFormation/latest/UserGuide/aws-resource-neptune-dbcluster.html#cfn-neptune-dbcluster-restoretotime",
     "PrimitiveType": "String",
     "Required": false,
     "UpdateType": "Immutable"
    },
    "RestoreType": {
     "Documentation": "http://docs.aws.amazon.com/AWSCloudFormation/latest/UserGuide/aws-resource-neptune-dbcluster.html#cfn-neptune-dbcluster-restoretype",
     "PrimitiveType": "String",
     "Required": false,
     "UpdateType": "Immutable"
    },
    "SnapshotIdentifier": {
     "Documentation": "http://docs.aws.amazon.com/AWSCloudFormation/latest/UserGuide/aws-resource-neptune-dbcluster.html#cfn-neptune-dbcluster-snapshotidentifier",
     "PrimitiveType": "String",
     "Required": false,
     "UpdateType": "Immutable"
    },
    "SourceDBClusterIdentifier": {
     "Documentation": "http://docs.aws.amazon.com/AWSCloudFormation/latest/UserGuide/aws-resource-neptune-dbcluster.html#cfn-neptune-dbcluster-sourcedbclusteridentifier",
     "PrimitiveType": "String",
     "Required": false,
     "UpdateType": "Immutable"
    },
    "StorageEncrypted": {
     "Documentation": "http://docs.aws.amazon.com/AWSCloudFormation/latest/UserGuide/aws-resource-neptune-dbcluster.html#cfn-neptune-dbcluster-storageencrypted",
     "PrimitiveType": "Boolean",
     "Required": false,
     "UpdateType": "Immutable"
    },
    "Tags": {
     "Documentation": "http://docs.aws.amazon.com/AWSCloudFormation/latest/UserGuide/aws-resource-neptune-dbcluster.html#cfn-neptune-dbcluster-tags",
     "ItemType": "Tag",
     "Required": false,
     "Type": "List",
     "UpdateType": "Mutable"
    },
    "UseLatestRestorableTime": {
     "Documentation": "http://docs.aws.amazon.com/AWSCloudFormation/latest/UserGuide/aws-resource-neptune-dbcluster.html#cfn-neptune-dbcluster-uselatestrestorabletime",
     "PrimitiveType": "Boolean",
     "Required": false,
     "UpdateType": "Immutable"
    },
    "VpcSecurityGroupIds": {
     "Documentation": "http://docs.aws.amazon.com/AWSCloudFormation/latest/UserGuide/aws-resource-neptune-dbcluster.html#cfn-neptune-dbcluster-vpcsecuritygroupids",
     "PrimitiveItemType": "String",
     "Required": false,
     "Type": "List",
     "UpdateType": "Mutable"
    }
   }
  }
 },
 {
  "op": "add",
  "path": "/ResourceTypes/AWS::Neptune::DBClusterParameterGroup",
  "value": {
   "Documentation": "http://docs.aws.amazon.com/AWSCloudFormation/latest/UserGuide/aws-resource-neptune-dbclusterparametergroup.html",
   "Properties": {
    "Description": {
     "Documentation": "http://docs.aws.amazon.com/AWSCloudFormation/latest/UserGuide/aws-resource-neptune-dbclusterparametergroup.html#cfn-neptune-dbclusterparametergroup-description",
     "PrimitiveType": "String",
     "Required": true,
     "UpdateType": "Immutable"
    },
    "Family": {
     "Documentation": "http://docs.aws.amazon.com/AWSCloudFormation/latest/UserGuide/aws-resource-neptune-dbclusterparametergroup.html#cfn-neptune-dbclusterparametergroup-family",
     "PrimitiveType": "String",
     "Required": true,
     "UpdateType": "Immutable"
    },
    "Name": {
     "Documentation": "http://docs.aws.amazon.com/AWSCloudFormation/latest/UserGuide/aws-resource-neptune-dbclusterparametergroup.html#cfn-neptune-dbclusterparametergroup-name",
     "PrimitiveType": "String",
     "Required": false,
     "UpdateType": "Immutable"
    },
    "Parameters": {
     "Documentation": "http://docs.aws.amazon.com/AWSCloudFormation/latest/UserGuide/aws-resource-neptune-dbclusterparametergroup.html#cfn-neptune-dbclusterparametergroup-parameters",
     "PrimitiveType": "Json",
     "Required": true,
     "UpdateType": "Mutable"
    },
    "Tags": {
     "Documentation": "http://docs.aws.amazon.com/AWSCloudFormation/latest/UserGuide/aws-resource-neptune-dbclusterparametergroup.html#cfn-neptune-dbclusterparametergroup-tags",
     "ItemType": "Tag",
     "Required": false,
     "Type": "List",
     "UpdateType": "Mutable"
    }
   }
  }
 },
 {
  "op": "add",
  "path": "/ResourceTypes/AWS::Neptune::DBInstance",
  "value": {
   "Attributes": {
    "Endpoint": {
     "PrimitiveType": "String"
    },
    "Port": {
     "PrimitiveType": "String"
    }
   },
   "Documentation": "http://docs.aws.amazon.com/AWSCloudFormation/latest/UserGuide/aws-resource-neptune-dbinstance.html",
   "Properties": {
    "AllowMajorVersionUpgrade": {
     "Documentation": "http://docs.aws.amazon.com/AWSCloudFormation/latest/UserGuide/aws-resource-neptune-dbinstance.html#cfn-neptune-dbinstance-allowmajorversionupgrade",
     "PrimitiveType": "Boolean",
     "Required": false,
     "UpdateType": "Mutable"
    },
    "AutoMinorVersionUpgrade": {
     "Documentation": "http://docs.aws.amazon.com/AWSCloudFormation/latest/UserGuide/aws-resource-neptune-dbinstance.html#cfn-neptune-dbinstance-autominorversionupgrade",
     "PrimitiveType": "Boolean",
     "Required": false,
     "UpdateType": "Mutable"
    },
    "AvailabilityZone": {
     "Documentation": "http://docs.aws.amazon.com/AWSCloudFormation/latest/UserGuide/aws-resource-neptune-dbinstance.html#cfn-neptune-dbinstance-availabilityzone",
     "PrimitiveType": "String",
     "Required": false,
     "UpdateType": "Immutable"
    },
    "DBClusterIdentifier": {
     "Documentation": "http://docs.aws.amazon.com/AWSCloudFormation/latest/UserGuide/aws-resource-neptune-dbinstance.html#cfn-neptune-dbinstance-dbclusteridentifier",
     "PrimitiveType": "String",
     "Required": false,
     "UpdateType": "Immutable"
    },
    "DBInstanceClass": {
     "Documentation": "http://docs.aws.amazon.com/AWSCloudFormation/latest/UserGuide/aws-resource-neptune-dbinstance.html#cfn-neptune-dbinstance-dbinstanceclass",
     "PrimitiveType": "String",
     "Required": true,
     "UpdateType": "Mutable"
    },
    "DBInstanceIdentifier": {
     "Documentation": "http://docs.aws.amazon.com/AWSCloudFormation/latest/UserGuide/aws-resource-neptune-dbinstance.html#cfn-neptune-dbinstance-dbinstanceidentifier",
     "PrimitiveType": "String",
     "Required": false,
     "UpdateType": "Immutable"
    },
    "DBParameterGroupName": {
     "Documentation": "http://docs.aws.amazon.com/AWSCloudFormation/latest/UserGuide/aws-resource-neptune-dbinstance.html#cfn-neptune-dbinstance-dbparametergroupname",
     "PrimitiveType": "String",
     "Required": false,
     "UpdateType": "Mutable"
    },
    "DBSnapshotIdentifier": {
     "Documentation": "http://docs.aws.amazon.com/AWSCloudFormation/latest/UserGuide/aws-resource-neptune-dbinstance.html#cfn-neptune-dbinstance-dbsnapshotidentifier",
     "PrimitiveType": "String",
     "Required": false,
     "UpdateType": "Immutable"
    },
    "DBSubnetGroupName": {
     "Documentation": "http://docs.aws.amazon.com/AWSCloudFormation/latest/UserGuide/aws-resource-neptune-dbinstance.html#cfn-neptune-dbinstance-dbsubnetgroupname",
     "PrimitiveType": "String",
     "Required": false,
     "UpdateType": "Immutable"
    },
    "PreferredMaintenanceWindow": {
     "Documentation": "http://docs.aws.amazon.com/AWSCloudFormation/latest/UserGuide/aws-resource-neptune-dbinstance.html#cfn-neptune-dbinstance-preferredmaintenancewindow",
     "PrimitiveType": "String",
     "Required": false,
     "UpdateType": "Mutable"
    },
    "Tags": {
     "Documentation": "http://docs.aws.amazon.com/AWSCloudFormation/latest/UserGuide/aws-resource-neptune-dbinstance.html#cfn-neptune-dbinstance-tags",
     "ItemType": "Tag",
     "Required": false,
     "Type": "List",
     "UpdateType": "Mutable"
    }
   }
  }
 },
 {
  "op": "add",
  "path": "/ResourceTypes/AWS::Neptune::DBParameterGroup",
  "value": {
   "Documentation": "http://docs.aws.amazon.com/AWSCloudFormation/latest/UserGuide/aws-resource-neptune-dbparametergroup.html",
   "Properties": {
    "Description": {
     "Documentation": "http://docs.aws.amazon.com/AWSCloudFormation/latest/UserGuide/aws-resource-neptune-dbparametergroup.html#cfn-neptune-dbparametergroup-description",
     "PrimitiveType": "String",
     "Required": true,
     "UpdateType": "Immutable"
    },
    "Family": {
     "Documentation": "http://docs.aws.amazon.com/AWSCloudFormation/latest/UserGuide/aws-resource-neptune-dbparametergroup.html#cfn-neptune-dbparametergroup-family",
     "PrimitiveType": "String",
     "Required": true,
     "UpdateType": "Immutable"
    },
    "Name": {
     "Documentation": "http://docs.aws.amazon.com/AWSCloudFormation/latest/UserGuide/aws-resource-neptune-dbparametergroup.html#cfn-neptune-dbparametergroup-name",
     "PrimitiveType": "String",
     "Required": false,
     "UpdateType": "Immutable"
    },
    "Parameters": {
     "Documentation": "http://docs.aws.amazon.com/AWSCloudFormation/latest/UserGuide/aws-resource-neptune-dbparametergroup.html#cfn-neptune-dbparametergroup-parameters",
     "PrimitiveType": "Json",
     "Required": true,
     "UpdateType": "Mutable"
    },
    "Tags": {
     "Documentation": "http://docs.aws.amazon.com/AWSCloudFormation/latest/UserGuide/aws-resource-neptune-dbparametergroup.html#cfn-neptune-dbparametergroup-tags",
     "ItemType": "Tag",
     "Required": false,
     "Type": "List",
     "UpdateType": "Mutable"
    }
   }
  }
 },
 {
  "op": "add",
  "path": "/ResourceTypes/AWS::Neptune::DBSubnetGroup",
  "value": {
   "Documentation": "http://docs.aws.amazon.com/AWSCloudFormation/latest/UserGuide/aws-resource-neptune-dbsubnetgroup.html",
   "Properties": {
    "DBSubnetGroupDescription": {
     "Documentation": "http://docs.aws.amazon.com/AWSCloudFormation/latest/UserGuide/aws-resource-neptune-dbsubnetgroup.html#cfn-neptune-dbsubnetgroup-dbsubnetgroupdescription",
     "PrimitiveType": "String",
     "Required": true,
     "UpdateType": "Mutable"
    },
    "DBSubnetGroupName": {
     "Documentation": "http://docs.aws.amazon.com/AWSCloudFormation/latest/UserGuide/aws-resource-neptune-dbsubnetgroup.html#cfn-neptune-dbsubnetgroup-dbsubnetgroupname",
     "PrimitiveType": "String",
     "Required": false,
     "UpdateType": "Immutable"
    },
    "SubnetIds": {
     "Documentation": "http://docs.aws.amazon.com/AWSCloudFormation/latest/UserGuide/aws-resource-neptune-dbsubnetgroup.html#cfn-neptune-dbsubnetgroup-subnetids",
     "PrimitiveItemType": "String",
     "Required": true,
     "Type": "List",
     "UpdateType": "Mutable"
    },
    "Tags": {
     "Documentation": "http://docs.aws.amazon.com/AWSCloudFormation/latest/UserGuide/aws-resource-neptune-dbsubnetgroup.html#cfn-neptune-dbsubnetgroup-tags",
     "ItemType": "Tag",
     "Required": false,
     "Type": "List",
     "UpdateType": "Mutable"
    }
   }
  }
 },
 {
  "op": "add",
  "path": "/PropertyTypes/AWS::Neptune::DBCluster.DBClusterRole",
  "value": {
   "Documentation": "http://docs.aws.amazon.com/AWSCloudFormation/latest/UserGuide/aws-properties-neptune-dbcluster-dbclusterrole.html",
   "Properties": {
    "FeatureName": {
     "Documentation": "http://docs.aws.amazon.com/AWSCloudFormation/latest/UserGuide/aws-properties-neptune-dbcluster-dbclusterrole.html#cfn-neptune-dbcluster-dbclusterrole-featurename",
     "PrimitiveType": "String",
     "Required": false,
     "UpdateType": "Mutable"
    },
    "RoleArn": {
     "Documentation": "http://docs.aws.amazon.com/AWSCloudFormation/latest/UserGuide/aws-properties-neptune-dbcluster-dbclusterrole.html#cfn-neptune-dbcluster-dbclusterrole-rolearn",
     "PrimitiveType": "String",
     "Required": true,
     "UpdateType": "Mutable"
    }
   }
  }
 }
]