[
 {
  "op": "add",
  "path": "/ValueTypes/Ec2InstanceType/AllowedValues",
  "value": [
   "c5.12xlarge",
   "c5.18xlarge",
   "c5.24xlarge",
   "c5.2xlarge",
   "c5.4xlarge",
   "c5.9xlarge",
   "c5.large",
   "c5.metal",
   "c5.xlarge",
   "c5a.12xlarge",
   "c5a.16xlarge",
   "c5a.24xlarge",
   "c5a.2xlarge",
   "c5a.4xlarge",
   "c5a.8xlarge",
   "c5a.large",
   "c5a.xlarge",
   "c5d.12xlarge",
   "c5d.18xlarge",
   "c5d.24xlarge",
   "c5d.2xlarge",
   "c5d.4xlarge",
   "c5d.9xlarge",
   "c5d.large",
   "c5d.metal",
   "c5d.xlarge",
   "c5n.18xlarge",
   "c5n.2xlarge",
   "c5n.4xlarge",
   "c5n.9xlarge",
   "c5n.large",
   "c5n.metal",
   "c5n.xlarge",
   "c6g.12xlarge",
   "c6g.16xlarge",
   "c6g.2xlarge",
   "c6g.4xlarge",
   "c6g.8xlarge",
   "c6g.large",
   "c6g.medium",
   "c6g.metal",
   "c6g.xlarge",
   "c6gd.12xlarge",
   "c6gd.16xlarge",
   "c6gd.2xlarge",
   "c6gd.4xlarge",
   "c6gd.8xlarge",
   "c6gd.large",
   "c6gd.medium",
   "c6gd.metal",
   "c6gd.xlarge",
   "c6gn.12xlarge",
   "c6gn.16xlarge",
   "c6gn.2xlarge",
   "c6gn.4xlarge",
   "c6gn.8xlarge",
   "c6gn.large",
   "c6gn.medium",
   "c6gn.xlarge",
   "c6i.12xlarge",
   "c6i.16xlarge",
   "c6i.24xlarge",
   "c6i.2xlarge",
   "c6i.32xlarge",
   "c6i.4xlarge",
   "c6i.8xlarge",
   "c6i.large",
   "c6i.metal",
   "c6i.xlarge",
   "d2.2xlarge",
   "d2.4xlarge",
   "d2.8xlarge",
   "d2.xlarge",
   "g4dn.12xlarge",
   "g4dn.16xlarge",
   "g4dn.2xlarge",
   "g4dn.4xlarge",
   "g4dn.8xlarge",
   "g4dn.metal",
   "g4dn.xlarge",
   "g5.12xlarge",
   "g5.16xlarge",
   "g5.24xlarge",
   "g5.2xlarge",
   "g5.48xlarge",
   "g5.4xlarge",
   "g5.8xlarge",
   "g5.xlarge",
   "hpc6a.48xlarge",
   "hpc6id.32xlarge",
   "i3.16xlarge",
   "i3.2xlarge",
   "i3.4xlarge",
   "i3.8xlarge",
   "i3.large",
   "i3.metal",
   "i3.xlarge",
   "i3en.12xlarge",
   "i3en.24xlarge",
   "i3en.2xlarge",
   "i3en.3xlarge",
   "i3en.6xlarge",
   "i3en.large",
   "i3en.metal",
   "i3en.xlarge",
   "inf1.24xlarge",
   "inf1.2xlarge",
   "inf1.6xlarge",
   "inf1.xlarge",
   "m5.12xlarge",
   "m5.16xlarge",
   "m5.24xlarge",
   "m5.2xlarge",
   "m5.4xlarge",
   "m5.8xlarge",
   "m5.large",
   "m5.metal",
   "m5.xlarge",
   "m5d.12xlarge",
   "m5d.16xlarge",
   "m5d.24xlarge",
   "m5d.2xlarge",
   "m5d.4xlarge",
   "m5d.8xlarge",
   "m5d.large",
   "m5d.metal",
   "m5d.xlarge",
   "m6g.12xlarge",
   "m6g.16xlarge",
   "m6g.2xlarge",
   "m6g.4xlarge",
   "m6g.8xlarge",
   "m6g.large",
   "m6g.medium",
   "m6g.metal",
   "m6g.xlarge",
   "m6gd.12xlarge",
   "m6gd.16xlarge",
   "m6gd.2xlarge",
   "m6gd.4xlarge",
   "m6gd.8xlarge",
   "m6gd.large",
   "m6gd.medium",
   "m6gd.metal",
   "m6gd.xlarge",
   "m6i.12xlarge",
   "m6i.16xlarge",
   "m6i.24xlarge",
   "m6i.2xlarge",
   "m6i.32xlarge",
   "m6i.4xlarge",
   "m6i.8xlarge",
   "m6i.large",
   "m6i.metal",
   "m6i.xlarge",
   "mac1.metal",
   "r5.12xlarge",
   "r5.16xlarge",
   "r5.24xlarge",
   "r5.2xlarge",
   "r5.4xlarge",
   "r5.8xlarge",
   "r5.large",
   "r5.metal",
   "r5.xlarge",
   "r5d.12xlarge",
   "r5d.16xlarge",
   "r5d.24xlarge",
   "r5d.2xlarge",
   "r5d.4xlarge",
   "r5d.8xlarge",
   "r5d.large",
   "r5d.metal",
   "r5d.xlarge",
   "r5dn.12xlarge",
   "r5dn.16xlarge",
   "r5dn.24xlarge",
   "r5dn.2xlarge",
   "r5dn.4xlarge",
   "r5dn.8xlarge",
   "r5dn.large",
   "r5dn.metal",
   "r5dn.xlarge",
   "r5n.12xlarge",
   "r5n.16xlarge",
   "r5n.24xlarge",
   "r5n.2xlarge",
   "r5n.4xlarge",
   "r5n.8xlarge",
   "r5n.large",
   "r5n.metal",
   "r5n.xlarge",
   "r6g.12xlarge",
   "r6g.16xlarge",
   "r6g.2xlarge",
   "r6g.4xlarge",
   "r6g.8xlarge",
   "r6g.large",
   "r6g.medium",
   "r6g.metal",
   "r6g.xlarge",
   "r6gd.12xlarge",
   "r6gd.16xlarge",
   "r6gd.2xlarge",
   "r6gd.4xlarge",
   "r6gd.8xlarge",
   "r6gd.large",
   "r6gd.medium",
   "r6gd.metal",
   "r6gd.xlarge",
   "r6i.12xlarge",
   "r6i.16xlarge",
   "r6i.24xlarge",
   "r6i.2xlarge",
   "r6i.32xlarge",
   "r6i.4xlarge",
   "r6i.8xlarge",
   "r6i.large",
   "r6i.metal",
   "r6i.xlarge",
   "t3.2xlarge",
   "t3.large",
   "t3.medium",
   "t3.micro",
   "t3.nano",
   "t3.small",
   "t3.xlarge",
   "t4g.2xlarge",
   "t4g.large",
   "t4g.medium",
   "t4g.micro",
   "t4g.nano",
   "t4g.small",
   "t4g.xlarge",
   "u-6tb1.112xlarge",
   "u-6tb1.56xlarge",
   "x2idn.16xlarge",
   "x2idn.24xlarge",
   "x2idn.32xlarge",
   "x2idn.metal",
   "x2iedn.16xlarge",
   "x2iedn.24xlarge",
   "x2iedn.2xlarge",
   "x2iedn.32xlarge",
   "x2iedn.4xlarge",
   "x2iedn.8xlarge",
   "x2iedn.metal",
   "x2iedn.xlarge"
  ]
 },
 {
  "op": "add",
  "path": "/ValueTypes/AWS::AmazonMQ::Broker.HostInstanceType/AllowedValues",
  "value": [
   "mq.m5.2xlarge",
   "mq.m5.4xlarge",
   "mq.m5.large",
   "mq.m5.xlarge",
   "mq.t3.micro"
  ]
 },
 {
  "op": "add",
  "path": "/ValueTypes/AWS::RDS::DBInstance.DBInstanceClass/AllowedValues",
  "value": [
   "db.m5.12xlarge",
   "db.m5.16xlarge",
   "db.m5.24xlarge",
   "db.m5.2xlarge",
   "db.m5.4xlarge",
   "db.m5.8xlarge",
   "db.m5.large",
   "db.m5.xlarge",
   "db.m5d.12xlarge",
   "db.m5d.16xlarge",
   "db.m5d.24xlarge",
   "db.m5d.2xlarge",
   "db.m5d.4xlarge",
   "db.m5d.8xlarge",
   "db.m5d.large",
   "db.m5d.xlarge",
   "db.m6g.12xlarge",
   "db.m6g.16xlarge",
   "db.m6g.2xlarge",
   "db.m6g.4xlarge",
   "db.m6g.8xlarge",
   "db.m6g.large",
   "db.m6g.xlarge",
   "db.m6gd.12xlarge",
   "db.m6gd.16xlarge",
   "db.m6gd.2xlarge",
   "db.m6gd.4xlarge",
   "db.m6gd.8xlarge",
   "db.m6gd.large",
   "db.m6gd.xlarge",
   "db.r5.12xlarge",
   "db.r5.12xlarge.tpc2.mem2x",
   "db.r5.16xlarge",
   "db.r5.24xlarge",
   "db.r5.2xlarge",
   "db.r5.2xlarge.tpc1.mem2x",
   "db.r5.2xlarge.tpc2.mem4x",
   "db.r5.2xlarge.tpc2.mem8x",
   "db.r5.4xlarge",
   "db.r5.4xlarge.tpc2.mem2x",
   "db.r5.4xlarge.tpc2.mem3x",
   "db.r5.4xlarge.tpc2.mem4x",
   "db.r5.6xlarge.tpc2.mem4x",
   "db.r5.8xlarge",
   "db.r5.8xlarge.tpc2.mem3x",
   "db.r5.large",
   "db.r5.large.tpc1.mem2x",
   "db.r5.xlarge",
   "db.r5.xlarge.tpc2.mem2x",
   "db.r5.xlarge.tpc2.mem4x",
   "db.r5d.12xlarge",
   "db.r5d.16xlarge",
   "db.r5d.24xlarge",
   "db.r5d.2xlarge",
   "db.r5d.4xlarge",
   "db.r5d.8xlarge",
   "db.r5d.large",
   "db.r5d.xlarge",
   "db.r6g.12xlarge",
   "db.r6g.16xlarge",
   "db.r6g.2xlarge",
   "db.r6g.4xlarge",
   "db.r6g.8xlarge",
   "db.r6g.large",
   "db.r6g.xlarge",
   "db.r6i.12xlarge",
   "db.r6i.16xlarge",
   "db.r6i.24xlarge",
   "db.r6i.2xlarge",
   "db.r6i.32xlarge",
   "db.r6i.4xlarge",
   "db.r6i.8xlarge",
   "db.r6i.large",
   "db.r6i.xlarge",
   "db.serverless",
   "db.t3.2xlarge",
   "db.t3.large",
   "db.t3.medium",
   "db.t3.micro",
   "db.t3.small",
   "db.t3.xlarge",
   "db.t4g.2xlarge",
   "db.t4g.large",
   "db.t4g.medium",
   "db.t4g.micro",
   "db.t4g.small",
   "db.t4g.xlarge",
   "db.x2idn.16xlarge",
   "db.x2idn.24xlarge",
   "db.x2idn.32xlarge",
   "db.x2iedn.16xlarge",
   "db.x2iedn.24xlarge",
   "db.x2iedn.2xlarge",
   "db.x2iedn.32xlarge",
   "db.x2iedn.4xlarge",
   "db.x2iedn.8xlarge",
   "db.x2iedn.xlarge"
  ]
 },
 {
  "op": "add",
  "path": "/ValueTypes/RedshiftInstanceType/AllowedValues",
  "value": [
   "dc1.8xlarge",
   "dc1.large",
   "dc2.8xlarge",
   "dc2.large",
   "ds1.8xlarge",
   "ds1.xlarge",
   "ds2.8xlarge",
   "ds2.xlarge",
   "ra3.16xlarge",
   "ra3.4xlarge",
   "ra3.xlplus"
  ]
 },
 {
  "op": "add",
  "path": "/ValueTypes/NeptuneInstanceClass/AllowedValues",
  "value": [
   "db.r5.12xlarge",
   "db.r5.16xlarge",
   "db.r5.24xlarge",
   "db.r5.2xlarge",
   "db.r5.4xlarge",
   "db.r5.8xlarge",
   "db.r5.large",
   "db.r5.xlarge",
   "db.r5d.12xlarge",
   "db.r5d.16xlarge",
   "db.r5d.24xlarge",
   "db.r5d.2xlarge",
   "db.r5d.4xlarge",
   "db.r5d.8xlarge",
   "db.r5d.large",
   "db.r5d.xlarge",
   "db.r6g.12xlarge",
   "db.r6g.16xlarge",
   "db.r6g.2xlarge",
   "db.r6g.4xlarge",
   "db.r6g.8xlarge",
   "db.r6g.large",
   "db.r6g.xlarge",
   "db.r6i.12xlarge",
   "db.r6i.16xlarge",
   "db.r6i.24xlarge",
   "db.r6i.2xlarge",
   "db.r6i.32xlarge",
   "db.r6i.4xlarge",
   "db.r6i.8xlarge",
   "db.r6i.large",
   "db.r6i.xlarge",
   "db.t3.medium",
   "db.t4g.medium"
  ]
 },
 {
  "op": "add",
  "path": "/ValueTypes/ElastiCacheInstanceType/AllowedValues",
  "value": [
   "cache.m5.12xlarge",
   "cache.m5.24xlarge",
   "cache.m5.2xlarge",
   "cache.m5.4xlarge",
   "cache.m5.large",
   "cache.m5.xlarge",
   "cache.m6g.12xlarge",
   "cache.m6g.16xlarge",
   "cache.m6g.2xlarge",
   "cache.m6g.4xlarge",
   "cache.m6g.8xlarge",
   "cache.m6g.large",
   "cache.m6g.xlarge",
   "cache.r5.12xlarge",
   "cache.r5.24xlarge",
   "cache.r5.2xlarge",
   "cache.r5.4xlarge",
   "cache.r5.large",
   "cache.r5.xlarge",
   "cache.r6g.12xlarge",
   "cache.r6g.16xlarge",
   "cache.r6g.2xlarge",
   "cache.r6g.4xlarge",
   "cache.r6g.8xlarge",
   "cache.r6g.large",
   "cache.r6g.xlarge",
   "cache.r6gd.12xlarge",
   "cache.r6gd.16xlarge",
   "cache.r6gd.2xlarge",
   "cache.r6gd.4xlarge",
   "cache.r6gd.8xlarge",
   "cache.r6gd.xlarge",
   "cache.t3.medium",
   "cache.t3.micro",
   "cache.t3.small",
   "cache.t4g.medium",
   "cache.t4g.micro",
   "cache.t4g.small"
  ]
 },
 {
  "op": "add",
  "path": "/ValueTypes/EMRInstanceType/AllowedValues",
  "value": [
   "c5.12xlarge",
   "c5.18xlarge",
   "c5.24xlarge",
   "c5.2xlarge",
   "c5.4xlarge",
   "c5.9xlarge",
   "c5.xlarge",
   "c5a.12xlarge",
   "c5a.16xlarge",
   "c5a.24xlarge",
   "c5a.2xlarge",
   "c5a.4xlarge",
   "c5a.8xlarge",
   "c5a.xlarge",
   "c5d.12xlarge",
   "c5d.18xlarge",
   "c5d.24xlarge",
   "c5d.2xlarge",
   "c5d.4xlarge",
   "c5d.9xlarge",
   "c5d.xlarge",
   "c5n.18xlarge",
   "c5n.2xlarge",
   "c5n.4xlarge",
   "c5n.9xlarge",
   "c5n.xlarge",
   "c6g.12xlarge",
   "c6g.16xlarge",
   "c6g.2xlarge",
   "c6g.4xlarge",
   "c6g.8xlarge",
   "c6g.xlarge",
   "c6gd.12xlarge",
   "c6gd.16xlarge",
   "c6gd.2xlarge",
   "c6gd.4xlarge",
   "c6gd.8xlarge",
   "c6gd.xlarge",
   "c6gn.12xlarge",
   "c6gn.16xlarge",
   "c6gn.2xlarge",
   "c6gn.4xlarge",
   "c6gn.8xlarge",
   "c6gn.xlarge",
   "c6i.12xlarge",
   "c6i.16xlarge",
   "c6i.24xlarge",
   "c6i.2xlarge",
   "c6i.32xlarge",
   "c6i.4xlarge",
   "c6i.8xlarge",
   "c6i.xlarge",
   "d2.2xlarge",
   "d2.4xlarge",
   "d2.8xlarge",
   "d2.xlarge",
   "g4dn.12xlarge",
   "g4dn.16xlarge",
   "g4dn.2xlarge",
   "g4dn.4xlarge",
   "g4dn.8xlarge",
   "g4dn.xlarge",
   "g5.12xlarge",
   "g5.16xlarge",
   "g5.24xlarge",
   "g5.2xlarge",
   "g5.48xlarge",
   "g5.4xlarge",
   "g5.8xlarge",
   "g5.xlarge",
   "i3.16xlarge",
   "i3.2xlarge",
   "i3.4xlarge",
   "i3.8xlarge",
   "i3.xlarge",
   "i3en.12xlarge",
   "i3en.24xlarge",
   "i3en.2xlarge",
   "i3en.3xlarge",
   "i3en.6xlarge",
   "i3en.xlarge",
   "m5.12xlarge",
   "m5.16xlarge",
   "m5.24xlarge",
   "m5.2xlarge",
   "m5.4xlarge",
   "m5.8xlarge",
   "m5.xlarge",
   "m5d.12xlarge",
   "m5d.16xlarge",
   "m5d.24xlarge",
   "m5d.2xlarge",
   "m5d.4xlarge",
   "m5d.8xlarge",
   "m5d.xlarge",
   "m6g.12xlarge",
   "m6g.16xlarge",
   "m6g.2xlarge",
   "m6g.4xlarge",
   "m6g.8xlarge",
   "m6g.xlarge",
   "m6gd.12xlarge",
   "m6gd.16xlarge",
   "m6gd.2xlarge",
   "m6gd.4xlarge",
   "m6gd.8xlarge",
   "m6gd.xlarge",
   "m6i.12xlarge",
   "m6i.16xlarge",
   "m6i.24xlarge",
   "m6i.2xlarge",
   "m6i.32xlarge",
   "m6i.4xlarge",
   "m6i.8xlarge",
   "m6i.xlarge",
   "r5.12xlarge",
   "r5.16xlarge",
   "r5.24xlarge",
   "r5.2xlarge",
   "r5.4xlarge",
   "r5.8xlarge",
   "r5.xlarge",
   "r5d.12xlarge",
   "r5d.16xlarge",
   "r5d.24xlarge",
   "r5d.2xlarge",
   "r5d.4xlarge",
   "r5d.8xlarge",
   "r5d.xlarge",
   "r5dn.12xlarge",
   "r5dn.16xlarge",
   "r5dn.24xlarge",
   "r5dn.2xlarge",
   "r5dn.4xlarge",
   "r5dn.8xlarge",
   "r5dn.xlarge",
   "r5n.12xlarge",
   "r5n.16xlarge",
   "r5n.24xlarge",
   "r5n.2xlarge",
   "r5n.4xlarge",
   "r5n.8xlarge",
   "r5n.xlarge",
   "r6g.12xlarge",
   "r6g.16xlarge",
   "r6g.2xlarge",
   "r6g.4xlarge",
   "r6g.8xlarge",
   "r6g.xlarge",
   "r6gd.12xlarge",
   "r6gd.16xlarge",
   "r6gd.2xlarge",
   "r6gd.4xlarge",
   "r6gd.8xlarge",
   "r6gd.xlarge",
   "r6i.12xlarge",
   "r6i.16xlarge",
   "r6i.24xlarge",
   "r6i.2xlarge",
   "r6i.32xlarge",
   "r6i.4xlarge",
   "r6i.8xlarge",
   "r6i.xlarge",
   "x2idn.16xlarge",
   "x2idn.24xlarge",
   "x2idn.32xlarge",
   "x2iedn.16xlarge",
   "x2iedn.24xlarge",
   "x2iedn.2xlarge",
   "x2iedn.32xlarge",
   "x2iedn.4xlarge",
   "x2iedn.8xlarge",
   "x2iedn.xlarge"
  ]
 },
 {
  "op": "add",
  "path": "/ValueTypes/AWS::GameLift::Fleet.EC2InstanceType/AllowedValues",
  "value": [
   "c5.12xlarge",
   "c5.18xlarge",
   "c5.24xlarge",
   "c5.2xlarge",
   "c5.4xlarge",
   "c5.9xlarge",
   "c5.large",
   "c5.xlarge",
   "c5a.12xlarge",
   "c5a.16xlarge",
   "c5a.24xlarge",
   "c5a.2xlarge",
   "c5a.4xlarge",
   "c5a.8xlarge",
   "c5a.large",
   "c5a.xlarge",
   "c5d.12xlarge",
   "c5d.18xlarge",
   "c5d.24xlarge",
   "c5d.2xlarge",
   "c5d.4xlarge",
   "c5d.9xlarge",
   "c5d.large",
   "c5d.xlarge",
   "m5.12xlarge",
   "m5.16xlarge",
   "m5.24xlarge",
   "m5.2xlarge",
   "m5.4xlarge",
   "m5.8xlarge",
   "m5.large",
   "m5.xlarge",
   "r5.12xlarge",
   "r5.16xlarge",
   "r5.24xlarge",
   "r5.2xlarge",
   "r5.4xlarge",
   "r5.8xlarge",
   "r5.large",
   "r5.xlarge",
   "r5d.12xlarge",
   "r5d.16xlarge",
   "r5d.24xlarge",
   "r5d.2xlarge",
   "r5d.4xlarge",
   "r5d.8xlarge",
   "r5d.large",
   "r5d.xlarge"
  ]
 }
]